# Stichtag: 2026-08-25, gueltig bis 2026-11-23
# Datenherkunft: SYNTHETISCHE LEHRDATEN
# Segmentstabilitaet je Quartal: 26.97% Wechsel (Schwelle 25%), gemessen an der Kampagnen-Arbeitsliste; ueber alle Lebenszykluszustaende waeren es 26.89%
# Historische Kontosperren und Marketing-Einwilligungen sind nicht rekonstruierbar - dies ist die Stabilitaet der ANALYTISCHEN Regeln.
# STATUS: STABILITAETSGATE GERISSEN - KEINE KAMPAGNENFREIGABE
# NICHT AN EIN KAMPAGNENSYSTEM UEBERGEBEN.
# offenes Gate: Segmentstabilitaet <= 25% je Quartal
# offenes Gate: Beobachtungsdauer der jungen Kunden behandelt
# offenes Gate: Rechtsgrundlage fuer Direktmarketing dokumentiert
# offenes Gate: Kontaktkanal, Abmeldung und Sperrliste angebunden
# offenes Gate: Wirkung der Massnahmen kontrolliert messbar
# offenes Gate: reale statt synthetischer Daten
# Zusaetzlich: jeder vierte Kunde bekaeme eine Ansprache, die zum Zeitpunkt des Versands nicht mehr passt.
kunde_id,kundennummer,segment,maßnahme,auswahlgrund,stichtag,gilt_bis,tarif_code
1,K-000001,Gelegenheitsnutzer,Anlass schaffen: Wetter-/Veranstaltungshinweis,"recency 106 d, 3 Fahrten, 20.00 EUR",2026-08-25,2026-11-23,BASIS
2,K-000002,Vielfahrer,"Bindung halten — und je Tarif prüfen, ob das Freiminutenvolumen nötig ist","recency 20 d, 14 Fahrten, 26.65 EUR",2026-08-25,2026-11-23,STUDENT
3,K-000003,Gelegenheitsnutzer,Anlass schaffen: Wetter-/Veranstaltungshinweis,"recency 32 d, 3 Fahrten, 13.15 EUR",2026-08-25,2026-11-23,BASIS
4,K-000004,Gelegenheitsnutzer,Anlass schaffen: Wetter-/Veranstaltungshinweis,"recency 47 d, 5 Fahrten, 1.12 EUR",2026-08-25,2026-11-23,PREMIUM
5,K-000005,Umsatzträger,nicht anfassen: sie tragen den Umsatz,"recency 55 d, 11 Fahrten, 38.55 EUR",2026-08-25,2026-11-23,STUDENT
6,K-000006,Vielfahrer,"Bindung halten — und je Tarif prüfen, ob das Freiminutenvolumen nötig ist","recency 5 d, 34 Fahrten, 22.00 EUR",2026-08-25,2026-11-23,PREMIUM
7,K-000007,Gelegenheitsnutzer,Anlass schaffen: Wetter-/Veranstaltungshinweis,"recency 79 d, 3 Fahrten, 12.10 EUR",2026-08-25,2026-11-23,BASIS
8,K-000008,Vielfahrer,"Bindung halten — und je Tarif prüfen, ob das Freiminutenvolumen nötig ist","recency 26 d, 14 Fahrten, 9.80 EUR",2026-08-25,2026-11-23,PREMIUM
9,K-000009,"Früher aktiv, jetzt inaktiv",Rückgewinnung: was hat gefehlt?,"seit 1794 Tagen angemeldet, keine Fahrt im 365-Tage-Fenster",2026-08-25,2026-11-23,OEPNV
10,K-000010,Gelegenheitsnutzer,Anlass schaffen: Wetter-/Veranstaltungshinweis,"recency 55 d, 5 Fahrten, 4.55 EUR",2026-08-25,2026-11-23,STUDENT
11,K-000011,Eingeschlafen,Rückgewinnung: einmalig Freiminuten,"recency 344 d, 1 Fahrten, 0.60 EUR",2026-08-25,2026-11-23,BASIS
12,K-000012,Gelegenheitsnutzer,Anlass schaffen: Wetter-/Veranstaltungshinweis,"recency 81 d, 2 Fahrten, 3.15 EUR",2026-08-25,2026-11-23,BASIS
13,K-000013,Umsatzträger,nicht anfassen: sie tragen den Umsatz,"recency 29 d, 5 Fahrten, 83.70 EUR",2026-08-25,2026-11-23,BASIS
14,K-000014,Vielfahrer,"Bindung halten — und je Tarif prüfen, ob das Freiminutenvolumen nötig ist","recency 0 d, 39 Fahrten, 50.88 EUR",2026-08-25,2026-11-23,PREMIUM
15,K-000015,"Früher aktiv, jetzt inaktiv",Rückgewinnung: was hat gefehlt?,"seit 431 Tagen angemeldet, keine Fahrt im 365-Tage-Fenster",2026-08-25,2026-11-23,BASIS
16,K-000016,Gelegenheitsnutzer,Anlass schaffen: Wetter-/Veranstaltungshinweis,"recency 9 d, 2 Fahrten, 3.00 EUR",2026-08-25,2026-11-23,STUDENT
17,K-000017,"Früher aktiv, jetzt inaktiv",Rückgewinnung: was hat gefehlt?,"seit 859 Tagen angemeldet, keine Fahrt im 365-Tage-Fenster",2026-08-25,2026-11-23,BASIS
18,K-000018,Gelegenheitsnutzer,Anlass schaffen: Wetter-/Veranstaltungshinweis,"recency 29 d, 7 Fahrten, 25.25 EUR",2026-08-25,2026-11-23,BASIS
19,K-000019,Gelegenheitsnutzer,Anlass schaffen: Wetter-/Veranstaltungshinweis,"recency 33 d, 11 Fahrten, 15.35 EUR",2026-08-25,2026-11-23,STUDENT
20,K-000020,"Früher aktiv, jetzt inaktiv",Rückgewinnung: was hat gefehlt?,"seit 1457 Tagen angemeldet, keine Fahrt im 365-Tage-Fenster",2026-08-25,2026-11-23,BASIS
21,K-000021,"Neu, noch keine Erstfahrt",Willkommensansprache zur Erstfahrt,"seit 72 Tagen angemeldet, keine Fahrt im 365-Tage-Fenster",2026-08-25,2026-11-23,BASIS
22,K-000022,Vielfahrer,"Bindung halten — und je Tarif prüfen, ob das Freiminutenvolumen nötig ist","recency 10 d, 13 Fahrten, 17.80 EUR",2026-08-25,2026-11-23,STUDENT
23,K-000023,Gelegenheitsnutzer,Anlass schaffen: Wetter-/Veranstaltungshinweis,"recency 90 d, 1 Fahrten, 3.75 EUR",2026-08-25,2026-11-23,BASIS
24,K-000024,Eingeschlafen,Rückgewinnung: einmalig Freiminuten,"recency 340 d, 1 Fahrten, 8.25 EUR",2026-08-25,2026-11-23,BASIS
25,K-000025,Eingeschlafen,Rückgewinnung: einmalig Freiminuten,"recency 285 d, 7 Fahrten, 19.20 EUR",2026-08-25,2026-11-23,STUDENT
26,K-000026,Gelegenheitsnutzer,Anlass schaffen: Wetter-/Veranstaltungshinweis,"recency 1 d, 2 Fahrten, 3.30 EUR",2026-08-25,2026-11-23,BASIS
27,K-000027,Gelegenheitsnutzer,Anlass schaffen: Wetter-/Veranstaltungshinweis,"recency 19 d, 2 Fahrten, 1.68 EUR",2026-08-25,2026-11-23,PREMIUM
28,K-000028,Vielfahrer,"Bindung halten — und je Tarif prüfen, ob das Freiminutenvolumen nötig ist","recency 12 d, 16 Fahrten, 45.70 EUR",2026-08-25,2026-11-23,BASIS
29,K-000029,"Früher aktiv, jetzt inaktiv",Rückgewinnung: was hat gefehlt?,"seit 1299 Tagen angemeldet, keine Fahrt im 365-Tage-Fenster",2026-08-25,2026-11-23,BASIS
30,K-000030,"Früher aktiv, jetzt inaktiv",Rückgewinnung: was hat gefehlt?,"seit 1814 Tagen angemeldet, keine Fahrt im 365-Tage-Fenster",2026-08-25,2026-11-23,BASIS
31,K-000031,Vielfahrer,"Bindung halten — und je Tarif prüfen, ob das Freiminutenvolumen nötig ist","recency 13 d, 17 Fahrten, 6.48 EUR",2026-08-25,2026-11-23,PREMIUM
32,K-000032,Vielfahrer,"Bindung halten — und je Tarif prüfen, ob das Freiminutenvolumen nötig ist","recency 12 d, 29 Fahrten, 45.00 EUR",2026-08-25,2026-11-23,OEPNV
33,K-000033,Gelegenheitsnutzer,Anlass schaffen: Wetter-/Veranstaltungshinweis,"recency 71 d, 1 Fahrten, 3.30 EUR",2026-08-25,2026-11-23,BASIS
34,K-000034,"Neu, noch keine Erstfahrt",Willkommensansprache zur Erstfahrt,"seit 42 Tagen angemeldet, keine Fahrt im 365-Tage-Fenster",2026-08-25,2026-11-23,OEPNV
35,K-000035,Vielfahrer,"Bindung halten — und je Tarif prüfen, ob das Freiminutenvolumen nötig ist","recency 43 d, 17 Fahrten, 31.40 EUR",2026-08-25,2026-11-23,STUDENT
36,K-000036,Gelegenheitsnutzer,Anlass schaffen: Wetter-/Veranstaltungshinweis,"recency 0 d, 12 Fahrten, 5.80 EUR",2026-08-25,2026-11-23,STUDENT
37,K-000037,Eingeschlafen,Rückgewinnung: einmalig Freiminuten,"recency 304 d, 4 Fahrten, 9.76 EUR",2026-08-25,2026-11-23,PREMIUM
38,K-000038,"Früher aktiv, jetzt inaktiv",Rückgewinnung: was hat gefehlt?,"seit 758 Tagen angemeldet, keine Fahrt im 365-Tage-Fenster",2026-08-25,2026-11-23,BASIS
39,K-000039,Gelegenheitsnutzer,Anlass schaffen: Wetter-/Veranstaltungshinweis,"recency 51 d, 5 Fahrten, 12.35 EUR",2026-08-25,2026-11-23,BASIS
40,K-000040,Vielfahrer,"Bindung halten — und je Tarif prüfen, ob das Freiminutenvolumen nötig ist","recency 9 d, 18 Fahrten, 36.35 EUR",2026-08-25,2026-11-23,STUDENT
41,K-000041,"Früher aktiv, jetzt inaktiv",Rückgewinnung: was hat gefehlt?,"seit 1303 Tagen angemeldet, keine Fahrt im 365-Tage-Fenster",2026-08-25,2026-11-23,OEPNV
42,K-000042,Gelegenheitsnutzer,Anlass schaffen: Wetter-/Veranstaltungshinweis,"recency 0 d, 11 Fahrten, 2.32 EUR",2026-08-25,2026-11-23,PREMIUM
43,K-000043,Vielfahrer,"Bindung halten — und je Tarif prüfen, ob das Freiminutenvolumen nötig ist","recency 3 d, 16 Fahrten, 47.55 EUR",2026-08-25,2026-11-23,BASIS
44,K-000044,Gelegenheitsnutzer,Anlass schaffen: Wetter-/Veranstaltungshinweis,"recency 11 d, 7 Fahrten, 4.32 EUR",2026-08-25,2026-11-23,PREMIUM
45,K-000045,"Neu, noch keine Erstfahrt",Willkommensansprache zur Erstfahrt,"seit 200 Tagen angemeldet, keine Fahrt im 365-Tage-Fenster",2026-08-25,2026-11-23,STUDENT
46,K-000046,Gelegenheitsnutzer,Anlass schaffen: Wetter-/Veranstaltungshinweis,"recency 7 d, 7 Fahrten, 4.24 EUR",2026-08-25,2026-11-23,PREMIUM
47,K-000047,"Früher aktiv, jetzt inaktiv",Rückgewinnung: was hat gefehlt?,"seit 1823 Tagen angemeldet, keine Fahrt im 365-Tage-Fenster",2026-08-25,2026-11-23,BASIS
48,K-000048,Eingeschlafen,Rückgewinnung: einmalig Freiminuten,"recency 314 d, 2 Fahrten, 53.75 EUR",2026-08-25,2026-11-23,BASIS
50,K-000050,Umsatzträger,nicht anfassen: sie tragen den Umsatz,"recency 9 d, 3 Fahrten, 39.00 EUR",2026-08-25,2026-11-23,BASIS
53,K-000053,"Früher aktiv, jetzt inaktiv",Rückgewinnung: was hat gefehlt?,"seit 1821 Tagen angemeldet, keine Fahrt im 365-Tage-Fenster",2026-08-25,2026-11-23,STUDENT
54,K-000054,Gelegenheitsnutzer,Anlass schaffen: Wetter-/Veranstaltungshinweis,"recency 67 d, 6 Fahrten, 11.15 EUR",2026-08-25,2026-11-23,STUDENT
55,K-000055,Eingeschlafen,Rückgewinnung: einmalig Freiminuten,"recency 248 d, 1 Fahrten, 5.30 EUR",2026-08-25,2026-11-23,BASIS
56,K-000056,Gelegenheitsnutzer,Anlass schaffen: Wetter-/Veranstaltungshinweis,"recency 12 d, 8 Fahrten, 5.30 EUR",2026-08-25,2026-11-23,OEPNV
57,K-000057,Eingeschlafen,Rückgewinnung: einmalig Freiminuten,"recency 259 d, 5 Fahrten, 3.30 EUR",2026-08-25,2026-11-23,STUDENT
59,K-000059,Vielfahrer,"Bindung halten — und je Tarif prüfen, ob das Freiminutenvolumen nötig ist","recency 3 d, 13 Fahrten, 7.68 EUR",2026-08-25,2026-11-23,PREMIUM
60,K-000060,Vielfahrer,"Bindung halten — und je Tarif prüfen, ob das Freiminutenvolumen nötig ist","recency 13 d, 38 Fahrten, 14.64 EUR",2026-08-25,2026-11-23,PREMIUM
61,K-000061,Vielfahrer,"Bindung halten — und je Tarif prüfen, ob das Freiminutenvolumen nötig ist","recency 47 d, 15 Fahrten, 8.40 EUR",2026-08-25,2026-11-23,OEPNV
62,K-000062,Vielfahrer,"Bindung halten — und je Tarif prüfen, ob das Freiminutenvolumen nötig ist","recency 10 d, 27 Fahrten, 61.95 EUR",2026-08-25,2026-11-23,BASIS
64,K-000064,Eingeschlafen,Rückgewinnung: einmalig Freiminuten,"recency 316 d, 1 Fahrten, 1.00 EUR",2026-08-25,2026-11-23,BASIS
65,K-000065,"Neu, noch keine Erstfahrt",Willkommensansprache zur Erstfahrt,"seit 319 Tagen angemeldet, keine Fahrt im 365-Tage-Fenster",2026-08-25,2026-11-23,BASIS
66,K-000066,Vielfahrer,"Bindung halten — und je Tarif prüfen, ob das Freiminutenvolumen nötig ist","recency 7 d, 50 Fahrten, 44.40 EUR",2026-08-25,2026-11-23,PREMIUM
67,K-000067,Gelegenheitsnutzer,Anlass schaffen: Wetter-/Veranstaltungshinweis,"recency 24 d, 10 Fahrten, 6.96 EUR",2026-08-25,2026-11-23,PREMIUM
68,K-000068,Gelegenheitsnutzer,Anlass schaffen: Wetter-/Veranstaltungshinweis,"recency 23 d, 4 Fahrten, 28.70 EUR",2026-08-25,2026-11-23,BASIS
69,K-000069,Gelegenheitsnutzer,Anlass schaffen: Wetter-/Veranstaltungshinweis,"recency 90 d, 1 Fahrten, 1.30 EUR",2026-08-25,2026-11-23,BASIS
70,K-000070,"Früher aktiv, jetzt inaktiv",Rückgewinnung: was hat gefehlt?,"seit 545 Tagen angemeldet, keine Fahrt im 365-Tage-Fenster",2026-08-25,2026-11-23,BASIS
71,K-000071,"Neu, noch keine Erstfahrt",Willkommensansprache zur Erstfahrt,"seit 252 Tagen angemeldet, keine Fahrt im 365-Tage-Fenster",2026-08-25,2026-11-23,STUDENT
72,K-000072,Gelegenheitsnutzer,Anlass schaffen: Wetter-/Veranstaltungshinweis,"recency 44 d, 1 Fahrten, 6.25 EUR",2026-08-25,2026-11-23,BASIS
73,K-000073,Vielfahrer,"Bindung halten — und je Tarif prüfen, ob das Freiminutenvolumen nötig ist","recency 12 d, 15 Fahrten, 125.84 EUR",2026-08-25,2026-11-23,PREMIUM
74,K-000074,Vielfahrer,"Bindung halten — und je Tarif prüfen, ob das Freiminutenvolumen nötig ist","recency 44 d, 19 Fahrten, 36.55 EUR",2026-08-25,2026-11-23,OEPNV
75,K-000075,"Neu, noch keine Erstfahrt",Willkommensansprache zur Erstfahrt,"seit 85 Tagen angemeldet, keine Fahrt im 365-Tage-Fenster",2026-08-25,2026-11-23,STUDENT
76,K-000076,Vielfahrer,"Bindung halten — und je Tarif prüfen, ob das Freiminutenvolumen nötig ist","recency 1 d, 14 Fahrten, 7.04 EUR",2026-08-25,2026-11-23,PREMIUM
77,K-000077,"Früher aktiv, jetzt inaktiv",Rückgewinnung: was hat gefehlt?,"seit 603 Tagen angemeldet, keine Fahrt im 365-Tage-Fenster",2026-08-25,2026-11-23,BASIS
78,K-000078,Gelegenheitsnutzer,Anlass schaffen: Wetter-/Veranstaltungshinweis,"recency 113 d, 2 Fahrten, 13.75 EUR",2026-08-25,2026-11-23,BASIS
79,K-000079,Vielfahrer,"Bindung halten — und je Tarif prüfen, ob das Freiminutenvolumen nötig ist","recency 3 d, 18 Fahrten, 20.70 EUR",2026-08-25,2026-11-23,OEPNV
80,K-000080,"Früher aktiv, jetzt inaktiv",Rückgewinnung: was hat gefehlt?,"seit 1020 Tagen angemeldet, keine Fahrt im 365-Tage-Fenster",2026-08-25,2026-11-23,BASIS
81,K-000081,"Früher aktiv, jetzt inaktiv",Rückgewinnung: was hat gefehlt?,"seit 974 Tagen angemeldet, keine Fahrt im 365-Tage-Fenster",2026-08-25,2026-11-23,BASIS
82,K-000082,Gelegenheitsnutzer,Anlass schaffen: Wetter-/Veranstaltungshinweis,"recency 36 d, 1 Fahrten, 2.10 EUR",2026-08-25,2026-11-23,BASIS
83,K-000083,Vielfahrer,"Bindung halten — und je Tarif prüfen, ob das Freiminutenvolumen nötig ist","recency 19 d, 23 Fahrten, 53.65 EUR",2026-08-25,2026-11-23,OEPNV
84,K-000084,Eingeschlafen,Rückgewinnung: einmalig Freiminuten,"recency 281 d, 2 Fahrten, 2.70 EUR",2026-08-25,2026-11-23,STUDENT
85,K-000085,"Früher aktiv, jetzt inaktiv",Rückgewinnung: was hat gefehlt?,"seit 1694 Tagen angemeldet, keine Fahrt im 365-Tage-Fenster",2026-08-25,2026-11-23,BASIS
86,K-000086,Vielfahrer,"Bindung halten — und je Tarif prüfen, ob das Freiminutenvolumen nötig ist","recency 18 d, 15 Fahrten, 37.40 EUR",2026-08-25,2026-11-23,BASIS
88,K-000088,Gelegenheitsnutzer,Anlass schaffen: Wetter-/Veranstaltungshinweis,"recency 55 d, 6 Fahrten, 3.40 EUR",2026-08-25,2026-11-23,STUDENT
89,K-000089,Vielfahrer,"Bindung halten — und je Tarif prüfen, ob das Freiminutenvolumen nötig ist","recency 8 d, 17 Fahrten, 71.05 EUR",2026-08-25,2026-11-23,OEPNV
90,K-000090,Gelegenheitsnutzer,Anlass schaffen: Wetter-/Veranstaltungshinweis,"recency 33 d, 9 Fahrten, 10.20 EUR",2026-08-25,2026-11-23,STUDENT
91,K-000091,Eingeschlafen,Rückgewinnung: einmalig Freiminuten,"recency 205 d, 1 Fahrten, 1.00 EUR",2026-08-25,2026-11-23,BASIS
92,K-000092,Gelegenheitsnutzer,Anlass schaffen: Wetter-/Veranstaltungshinweis,"recency 93 d, 6 Fahrten, 29.10 EUR",2026-08-25,2026-11-23,BASIS
93,K-000093,Gelegenheitsnutzer,Anlass schaffen: Wetter-/Veranstaltungshinweis,"recency 27 d, 3 Fahrten, 18.20 EUR",2026-08-25,2026-11-23,BASIS
94,K-000094,Gelegenheitsnutzer,Anlass schaffen: Wetter-/Veranstaltungshinweis,"recency 9 d, 9 Fahrten, 13.60 EUR",2026-08-25,2026-11-23,STUDENT
95,K-000095,Gelegenheitsnutzer,Anlass schaffen: Wetter-/Veranstaltungshinweis,"recency 15 d, 5 Fahrten, 14.70 EUR",2026-08-25,2026-11-23,BASIS
96,K-000096,Eingeschlafen,Rückgewinnung: einmalig Freiminuten,"recency 221 d, 3 Fahrten, 2.10 EUR",2026-08-25,2026-11-23,STUDENT
97,K-000097,"Früher aktiv, jetzt inaktiv",Rückgewinnung: was hat gefehlt?,"seit 1766 Tagen angemeldet, keine Fahrt im 365-Tage-Fenster",2026-08-25,2026-11-23,STUDENT
98,K-000098,"Neu, noch keine Erstfahrt",Willkommensansprache zur Erstfahrt,"seit 106 Tagen angemeldet, keine Fahrt im 365-Tage-Fenster",2026-08-25,2026-11-23,BASIS
99,K-000099,Gelegenheitsnutzer,Anlass schaffen: Wetter-/Veranstaltungshinweis,"recency 51 d, 6 Fahrten, 2.40 EUR",2026-08-25,2026-11-23,OEPNV
100,K-000100,"Früher aktiv, jetzt inaktiv",Rückgewinnung: was hat gefehlt?,"seit 1356 Tagen angemeldet, keine Fahrt im 365-Tage-Fenster",2026-08-25,2026-11-23,BASIS
101,K-000101,Vielfahrer,"Bindung halten — und je Tarif prüfen, ob das Freiminutenvolumen nötig ist","recency 10 d, 21 Fahrten, 24.52 EUR",2026-08-25,2026-11-23,PREMIUM
102,K-000102,"Früher aktiv, jetzt inaktiv",Rückgewinnung: was hat gefehlt?,"seit 1006 Tagen angemeldet, keine Fahrt im 365-Tage-Fenster",2026-08-25,2026-11-23,BASIS
103,K-000103,"Früher aktiv, jetzt inaktiv",Rückgewinnung: was hat gefehlt?,"seit 781 Tagen angemeldet, keine Fahrt im 365-Tage-Fenster",2026-08-25,2026-11-23,STUDENT
105,K-000105,Eingeschlafen,Rückgewinnung: einmalig Freiminuten,"recency 227 d, 1 Fahrten, 7.75 EUR",2026-08-25,2026-11-23,BASIS
106,K-000106,Eingeschlafen,Rückgewinnung: einmalig Freiminuten,"recency 191 d, 3 Fahrten, 28.30 EUR",2026-08-25,2026-11-23,BASIS
108,K-000108,Gelegenheitsnutzer,Anlass schaffen: Wetter-/Veranstaltungshinweis,"recency 33 d, 12 Fahrten, 27.95 EUR",2026-08-25,2026-11-23,STUDENT
109,K-000109,Gelegenheitsnutzer,Anlass schaffen: Wetter-/Veranstaltungshinweis,"recency 18 d, 5 Fahrten, 1.84 EUR",2026-08-25,2026-11-23,PREMIUM
110,K-000110,Gelegenheitsnutzer,Anlass schaffen: Wetter-/Veranstaltungshinweis,"recency 44 d, 5 Fahrten, 20.00 EUR",2026-08-25,2026-11-23,BASIS
111,K-000111,Gelegenheitsnutzer,Anlass schaffen: Wetter-/Veranstaltungshinweis,"recency 91 d, 1 Fahrten, 1.75 EUR",2026-08-25,2026-11-23,BASIS
112,K-000112,Umsatzträger,nicht anfassen: sie tragen den Umsatz,"recency 9 d, 3 Fahrten, 42.10 EUR",2026-08-25,2026-11-23,BASIS
113,K-000113,Gelegenheitsnutzer,Anlass schaffen: Wetter-/Veranstaltungshinweis,"recency 56 d, 3 Fahrten, 12.60 EUR",2026-08-25,2026-11-23,BASIS
114,K-000114,Gelegenheitsnutzer,Anlass schaffen: Wetter-/Veranstaltungshinweis,"recency 78 d, 3 Fahrten, 1.50 EUR",2026-08-25,2026-11-23,OEPNV
115,K-000115,"Früher aktiv, jetzt inaktiv",Rückgewinnung: was hat gefehlt?,"seit 1810 Tagen angemeldet, keine Fahrt im 365-Tage-Fenster",2026-08-25,2026-11-23,BASIS
116,K-000116,Gelegenheitsnutzer,Anlass schaffen: Wetter-/Veranstaltungshinweis,"recency 53 d, 2 Fahrten, 3.50 EUR",2026-08-25,2026-11-23,BASIS
117,K-000117,Gelegenheitsnutzer,Anlass schaffen: Wetter-/Veranstaltungshinweis,"recency 10 d, 7 Fahrten, 20.00 EUR",2026-08-25,2026-11-23,BASIS
118,K-000118,Vielfahrer,"Bindung halten — und je Tarif prüfen, ob das Freiminutenvolumen nötig ist","recency 27 d, 14 Fahrten, 7.60 EUR",2026-08-25,2026-11-23,PREMIUM
119,K-000119,Gelegenheitsnutzer,Anlass schaffen: Wetter-/Veranstaltungshinweis,"recency 86 d, 2 Fahrten, 11.00 EUR",2026-08-25,2026-11-23,BASIS
120,K-000120,Vielfahrer,"Bindung halten — und je Tarif prüfen, ob das Freiminutenvolumen nötig ist","recency 13 d, 15 Fahrten, 19.00 EUR",2026-08-25,2026-11-23,STUDENT
121,K-000121,"Neu, noch keine Erstfahrt",Willkommensansprache zur Erstfahrt,"seit 280 Tagen angemeldet, keine Fahrt im 365-Tage-Fenster",2026-08-25,2026-11-23,OEPNV
122,K-000122,"Früher aktiv, jetzt inaktiv",Rückgewinnung: was hat gefehlt?,"seit 574 Tagen angemeldet, keine Fahrt im 365-Tage-Fenster",2026-08-25,2026-11-23,BASIS
123,K-000123,Vielfahrer,"Bindung halten — und je Tarif prüfen, ob das Freiminutenvolumen nötig ist","recency 2 d, 38 Fahrten, 88.65 EUR",2026-08-25,2026-11-23,OEPNV
124,K-000124,Gelegenheitsnutzer,Anlass schaffen: Wetter-/Veranstaltungshinweis,"recency 13 d, 11 Fahrten, 8.00 EUR",2026-08-25,2026-11-23,STUDENT
125,K-000125,Vielfahrer,"Bindung halten — und je Tarif prüfen, ob das Freiminutenvolumen nötig ist","recency 14 d, 14 Fahrten, 4.80 EUR",2026-08-25,2026-11-23,PREMIUM
126,K-000126,Gelegenheitsnutzer,Anlass schaffen: Wetter-/Veranstaltungshinweis,"recency 66 d, 10 Fahrten, 18.05 EUR",2026-08-25,2026-11-23,BASIS
127,K-000127,Vielfahrer,"Bindung halten — und je Tarif prüfen, ob das Freiminutenvolumen nötig ist","recency 13 d, 52 Fahrten, 49.48 EUR",2026-08-25,2026-11-23,PREMIUM
128,K-000128,"Früher aktiv, jetzt inaktiv",Rückgewinnung: was hat gefehlt?,"seit 1562 Tagen angemeldet, keine Fahrt im 365-Tage-Fenster",2026-08-25,2026-11-23,BASIS
129,K-000129,Gelegenheitsnutzer,Anlass schaffen: Wetter-/Veranstaltungshinweis,"recency 31 d, 5 Fahrten, 8.75 EUR",2026-08-25,2026-11-23,BASIS
130,K-000130,Umsatzträger,nicht anfassen: sie tragen den Umsatz,"recency 18 d, 7 Fahrten, 35.70 EUR",2026-08-25,2026-11-23,BASIS
132,K-000132,Gelegenheitsnutzer,Anlass schaffen: Wetter-/Veranstaltungshinweis,"recency 135 d, 1 Fahrten, 0.80 EUR",2026-08-25,2026-11-23,PREMIUM
133,K-000133,Vielfahrer,"Bindung halten — und je Tarif prüfen, ob das Freiminutenvolumen nötig ist","recency 11 d, 34 Fahrten, 24.64 EUR",2026-08-25,2026-11-23,PREMIUM
134,K-000134,Vielfahrer,"Bindung halten — und je Tarif prüfen, ob das Freiminutenvolumen nötig ist","recency 0 d, 20 Fahrten, 11.84 EUR",2026-08-25,2026-11-23,PREMIUM
135,K-000135,Gelegenheitsnutzer,Anlass schaffen: Wetter-/Veranstaltungshinweis,"recency 16 d, 4 Fahrten, 25.75 EUR",2026-08-25,2026-11-23,BASIS
136,K-000136,Gelegenheitsnutzer,Anlass schaffen: Wetter-/Veranstaltungshinweis,"recency 106 d, 3 Fahrten, 6.30 EUR",2026-08-25,2026-11-23,BASIS
137,K-000137,Gelegenheitsnutzer,Anlass schaffen: Wetter-/Veranstaltungshinweis,"recency 52 d, 11 Fahrten, 20.80 EUR",2026-08-25,2026-11-23,STUDENT
138,K-000138,"Neu, noch keine Erstfahrt",Willkommensansprache zur Erstfahrt,"seit 171 Tagen angemeldet, keine Fahrt im 365-Tage-Fenster",2026-08-25,2026-11-23,BASIS
139,K-000139,Eingeschlafen,Rückgewinnung: einmalig Freiminuten,"recency 363 d, 1 Fahrten, 0.10 EUR",2026-08-25,2026-11-23,OEPNV
140,K-000140,Vielfahrer,"Bindung halten — und je Tarif prüfen, ob das Freiminutenvolumen nötig ist","recency 1 d, 24 Fahrten, 55.95 EUR",2026-08-25,2026-11-23,BASIS
141,K-000141,Gelegenheitsnutzer,Anlass schaffen: Wetter-/Veranstaltungshinweis,"recency 122 d, 10 Fahrten, 8.20 EUR",2026-08-25,2026-11-23,STUDENT
142,K-000142,Vielfahrer,"Bindung halten — und je Tarif prüfen, ob das Freiminutenvolumen nötig ist","recency 13 d, 38 Fahrten, 23.92 EUR",2026-08-25,2026-11-23,PREMIUM
143,K-000143,"Früher aktiv, jetzt inaktiv",Rückgewinnung: was hat gefehlt?,"seit 1278 Tagen angemeldet, keine Fahrt im 365-Tage-Fenster",2026-08-25,2026-11-23,OEPNV
144,K-000144,Umsatzträger,nicht anfassen: sie tragen den Umsatz,"recency 40 d, 9 Fahrten, 55.15 EUR",2026-08-25,2026-11-23,BASIS
145,K-000145,"Früher aktiv, jetzt inaktiv",Rückgewinnung: was hat gefehlt?,"seit 1145 Tagen angemeldet, keine Fahrt im 365-Tage-Fenster",2026-08-25,2026-11-23,BASIS
146,K-000146,Gelegenheitsnutzer,Anlass schaffen: Wetter-/Veranstaltungshinweis,"recency 16 d, 3 Fahrten, 4.80 EUR",2026-08-25,2026-11-23,STUDENT
147,K-000147,Eingeschlafen,Rückgewinnung: einmalig Freiminuten,"recency 296 d, 1 Fahrten, 2.75 EUR",2026-08-25,2026-11-23,BASIS
149,K-000149,Vielfahrer,"Bindung halten — und je Tarif prüfen, ob das Freiminutenvolumen nötig ist","recency 7 d, 34 Fahrten, 48.40 EUR",2026-08-25,2026-11-23,OEPNV
150,K-000150,Eingeschlafen,Rückgewinnung: einmalig Freiminuten,"recency 361 d, 1 Fahrten, 0.70 EUR",2026-08-25,2026-11-23,BASIS
151,K-000151,"Früher aktiv, jetzt inaktiv",Rückgewinnung: was hat gefehlt?,"seit 1491 Tagen angemeldet, keine Fahrt im 365-Tage-Fenster",2026-08-25,2026-11-23,STUDENT
152,K-000152,"Früher aktiv, jetzt inaktiv",Rückgewinnung: was hat gefehlt?,"seit 1100 Tagen angemeldet, keine Fahrt im 365-Tage-Fenster",2026-08-25,2026-11-23,BASIS
153,K-000153,"Früher aktiv, jetzt inaktiv",Rückgewinnung: was hat gefehlt?,"seit 1447 Tagen angemeldet, keine Fahrt im 365-Tage-Fenster",2026-08-25,2026-11-23,STUDENT
154,K-000154,Gelegenheitsnutzer,Anlass schaffen: Wetter-/Veranstaltungshinweis,"recency 1 d, 4 Fahrten, 21.60 EUR",2026-08-25,2026-11-23,BASIS
155,K-000155,"Früher aktiv, jetzt inaktiv",Rückgewinnung: was hat gefehlt?,"seit 1267 Tagen angemeldet, keine Fahrt im 365-Tage-Fenster",2026-08-25,2026-11-23,BASIS
156,K-000156,Gelegenheitsnutzer,Anlass schaffen: Wetter-/Veranstaltungshinweis,"recency 35 d, 3 Fahrten, 15.20 EUR",2026-08-25,2026-11-23,BASIS
157,K-000157,Vielfahrer,"Bindung halten — und je Tarif prüfen, ob das Freiminutenvolumen nötig ist","recency 4 d, 15 Fahrten, 5.52 EUR",2026-08-25,2026-11-23,PREMIUM
158,K-000158,Gelegenheitsnutzer,Anlass schaffen: Wetter-/Veranstaltungshinweis,"recency 16 d, 3 Fahrten, 3.10 EUR",2026-08-25,2026-11-23,STUDENT
159,K-000159,Vielfahrer,"Bindung halten — und je Tarif prüfen, ob das Freiminutenvolumen nötig ist","recency 9 d, 25 Fahrten, 118.90 EUR",2026-08-25,2026-11-23,BASIS
160,K-000160,Gelegenheitsnutzer,Anlass schaffen: Wetter-/Veranstaltungshinweis,"recency 104 d, 1 Fahrten, 0.50 EUR",2026-08-25,2026-11-23,BASIS
161,K-000161,"Früher aktiv, jetzt inaktiv",Rückgewinnung: was hat gefehlt?,"seit 1194 Tagen angemeldet, keine Fahrt im 365-Tage-Fenster",2026-08-25,2026-11-23,BASIS
162,K-000162,"Früher aktiv, jetzt inaktiv",Rückgewinnung: was hat gefehlt?,"seit 658 Tagen angemeldet, keine Fahrt im 365-Tage-Fenster",2026-08-25,2026-11-23,STUDENT
163,K-000163,"Früher aktiv, jetzt inaktiv",Rückgewinnung: was hat gefehlt?,"seit 1086 Tagen angemeldet, keine Fahrt im 365-Tage-Fenster",2026-08-25,2026-11-23,BASIS
164,K-000164,"Früher aktiv, jetzt inaktiv",Rückgewinnung: was hat gefehlt?,"seit 1801 Tagen angemeldet, keine Fahrt im 365-Tage-Fenster",2026-08-25,2026-11-23,STUDENT
165,K-000165,Gelegenheitsnutzer,Anlass schaffen: Wetter-/Veranstaltungshinweis,"recency 60 d, 4 Fahrten, 4.70 EUR",2026-08-25,2026-11-23,STUDENT
166,K-000166,Eingeschlafen,Rückgewinnung: einmalig Freiminuten,"recency 298 d, 4 Fahrten, 28.50 EUR",2026-08-25,2026-11-23,BASIS
167,K-000167,Gelegenheitsnutzer,Anlass schaffen: Wetter-/Veranstaltungshinweis,"recency 41 d, 7 Fahrten, 10.65 EUR",2026-08-25,2026-11-23,STUDENT
168,K-000168,Vielfahrer,"Bindung halten — und je Tarif prüfen, ob das Freiminutenvolumen nötig ist","recency 26 d, 17 Fahrten, 17.50 EUR",2026-08-25,2026-11-23,OEPNV
169,K-000169,Vielfahrer,"Bindung halten — und je Tarif prüfen, ob das Freiminutenvolumen nötig ist","recency 17 d, 23 Fahrten, 135.60 EUR",2026-08-25,2026-11-23,BASIS
170,K-000170,Gelegenheitsnutzer,Anlass schaffen: Wetter-/Veranstaltungshinweis,"recency 65 d, 2 Fahrten, 1.10 EUR",2026-08-25,2026-11-23,OEPNV
171,K-000171,Umsatzträger,nicht anfassen: sie tragen den Umsatz,"recency 25 d, 12 Fahrten, 56.10 EUR",2026-08-25,2026-11-23,BASIS
172,K-000172,Gelegenheitsnutzer,Anlass schaffen: Wetter-/Veranstaltungshinweis,"recency 6 d, 8 Fahrten, 11.20 EUR",2026-08-25,2026-11-23,STUDENT
173,K-000173,Gelegenheitsnutzer,Anlass schaffen: Wetter-/Veranstaltungshinweis,"recency 43 d, 4 Fahrten, 10.55 EUR",2026-08-25,2026-11-23,BASIS
174,K-000174,Umsatzträger,nicht anfassen: sie tragen den Umsatz,"recency 45 d, 5 Fahrten, 81.90 EUR",2026-08-25,2026-11-23,STUDENT
175,K-000175,Umsatzträger,nicht anfassen: sie tragen den Umsatz,"recency 9 d, 3 Fahrten, 38.50 EUR",2026-08-25,2026-11-23,BASIS
177,K-000177,"Neu, noch keine Erstfahrt",Willkommensansprache zur Erstfahrt,"seit 155 Tagen angemeldet, keine Fahrt im 365-Tage-Fenster",2026-08-25,2026-11-23,BASIS
179,K-000179,Eingeschlafen,Rückgewinnung: einmalig Freiminuten,"recency 337 d, 2 Fahrten, 9.70 EUR",2026-08-25,2026-11-23,BASIS
180,K-000180,Vielfahrer,"Bindung halten — und je Tarif prüfen, ob das Freiminutenvolumen nötig ist","recency 7 d, 17 Fahrten, 22.80 EUR",2026-08-25,2026-11-23,OEPNV
181,K-000181,"Früher aktiv, jetzt inaktiv",Rückgewinnung: was hat gefehlt?,"seit 1303 Tagen angemeldet, keine Fahrt im 365-Tage-Fenster",2026-08-25,2026-11-23,BASIS
182,K-000182,Gelegenheitsnutzer,Anlass schaffen: Wetter-/Veranstaltungshinweis,"recency 30 d, 3 Fahrten, 19.05 EUR",2026-08-25,2026-11-23,BASIS
183,K-000183,Eingeschlafen,Rückgewinnung: einmalig Freiminuten,"recency 315 d, 1 Fahrten, 3.75 EUR",2026-08-25,2026-11-23,BASIS
184,K-000184,Gelegenheitsnutzer,Anlass schaffen: Wetter-/Veranstaltungshinweis,"recency 3 d, 6 Fahrten, 0.48 EUR",2026-08-25,2026-11-23,PREMIUM
185,K-000185,Umsatzträger,nicht anfassen: sie tragen den Umsatz,"recency 3 d, 7 Fahrten, 89.20 EUR",2026-08-25,2026-11-23,STUDENT
186,K-000186,Gelegenheitsnutzer,Anlass schaffen: Wetter-/Veranstaltungshinweis,"recency 60 d, 8 Fahrten, 2.60 EUR",2026-08-25,2026-11-23,STUDENT
187,K-000187,Gelegenheitsnutzer,Anlass schaffen: Wetter-/Veranstaltungshinweis,"recency 36 d, 2 Fahrten, 6.10 EUR",2026-08-25,2026-11-23,BASIS
188,K-000188,Gelegenheitsnutzer,Anlass schaffen: Wetter-/Veranstaltungshinweis,"recency 47 d, 8 Fahrten, 7.50 EUR",2026-08-25,2026-11-23,STUDENT
189,K-000189,Gelegenheitsnutzer,Anlass schaffen: Wetter-/Veranstaltungshinweis,"recency 92 d, 5 Fahrten, 24.00 EUR",2026-08-25,2026-11-23,BASIS
190,K-000190,Vielfahrer,"Bindung halten — und je Tarif prüfen, ob das Freiminutenvolumen nötig ist","recency 14 d, 26 Fahrten, 67.70 EUR",2026-08-25,2026-11-23,BASIS
191,K-000191,"Neu, noch keine Erstfahrt",Willkommensansprache zur Erstfahrt,"seit 90 Tagen angemeldet, keine Fahrt im 365-Tage-Fenster",2026-08-25,2026-11-23,BASIS
192,K-000192,"Neu, noch keine Erstfahrt",Willkommensansprache zur Erstfahrt,"seit 317 Tagen angemeldet, keine Fahrt im 365-Tage-Fenster",2026-08-25,2026-11-23,BASIS
193,K-000193,Gelegenheitsnutzer,Anlass schaffen: Wetter-/Veranstaltungshinweis,"recency 127 d, 6 Fahrten, 5.30 EUR",2026-08-25,2026-11-23,STUDENT
194,K-000194,"Früher aktiv, jetzt inaktiv",Rückgewinnung: was hat gefehlt?,"seit 1333 Tagen angemeldet, keine Fahrt im 365-Tage-Fenster",2026-08-25,2026-11-23,BASIS
195,K-000195,Vielfahrer,"Bindung halten — und je Tarif prüfen, ob das Freiminutenvolumen nötig ist","recency 19 d, 21 Fahrten, 40.80 EUR",2026-08-25,2026-11-23,BASIS
196,K-000196,"Früher aktiv, jetzt inaktiv",Rückgewinnung: was hat gefehlt?,"seit 444 Tagen angemeldet, keine Fahrt im 365-Tage-Fenster",2026-08-25,2026-11-23,BASIS
197,K-000197,Vielfahrer,"Bindung halten — und je Tarif prüfen, ob das Freiminutenvolumen nötig ist","recency 11 d, 24 Fahrten, 44.55 EUR",2026-08-25,2026-11-23,OEPNV
198,K-000198,Vielfahrer,"Bindung halten — und je Tarif prüfen, ob das Freiminutenvolumen nötig ist","recency 4 d, 39 Fahrten, 38.08 EUR",2026-08-25,2026-11-23,PREMIUM
199,K-000199,"Neu, noch keine Erstfahrt",Willkommensansprache zur Erstfahrt,"seit 262 Tagen angemeldet, keine Fahrt im 365-Tage-Fenster",2026-08-25,2026-11-23,BASIS
200,K-000200,Gelegenheitsnutzer,Anlass schaffen: Wetter-/Veranstaltungshinweis,"recency 8 d, 5 Fahrten, 4.20 EUR",2026-08-25,2026-11-23,STUDENT
201,K-000201,Umsatzträger,nicht anfassen: sie tragen den Umsatz,"recency 15 d, 8 Fahrten, 59.95 EUR",2026-08-25,2026-11-23,BASIS
203,K-000203,Gelegenheitsnutzer,Anlass schaffen: Wetter-/Veranstaltungshinweis,"recency 58 d, 3 Fahrten, 6.20 EUR",2026-08-25,2026-11-23,BASIS
204,K-000204,Gelegenheitsnutzer,Anlass schaffen: Wetter-/Veranstaltungshinweis,"recency 0 d, 10 Fahrten, 6.00 EUR",2026-08-25,2026-11-23,PREMIUM
205,K-000205,"Neu, noch keine Erstfahrt",Willkommensansprache zur Erstfahrt,"seit 32 Tagen angemeldet, keine Fahrt im 365-Tage-Fenster",2026-08-25,2026-11-23,STUDENT
206,K-000206,"Früher aktiv, jetzt inaktiv",Rückgewinnung: was hat gefehlt?,"seit 928 Tagen angemeldet, keine Fahrt im 365-Tage-Fenster",2026-08-25,2026-11-23,OEPNV
207,K-000207,Umsatzträger,nicht anfassen: sie tragen den Umsatz,"recency 8 d, 6 Fahrten, 30.65 EUR",2026-08-25,2026-11-23,BASIS
208,K-000208,Gelegenheitsnutzer,Anlass schaffen: Wetter-/Veranstaltungshinweis,"recency 17 d, 2 Fahrten, 2.00 EUR",2026-08-25,2026-11-23,STUDENT
209,K-000209,Gelegenheitsnutzer,Anlass schaffen: Wetter-/Veranstaltungshinweis,"recency 118 d, 2 Fahrten, 1.10 EUR",2026-08-25,2026-11-23,STUDENT
210,K-000210,Gelegenheitsnutzer,Anlass schaffen: Wetter-/Veranstaltungshinweis,"recency 0 d, 6 Fahrten, 4.65 EUR",2026-08-25,2026-11-23,STUDENT
211,K-000211,Gelegenheitsnutzer,Anlass schaffen: Wetter-/Veranstaltungshinweis,"recency 9 d, 2 Fahrten, 0.20 EUR",2026-08-25,2026-11-23,OEPNV
212,K-000212,Vielfahrer,"Bindung halten — und je Tarif prüfen, ob das Freiminutenvolumen nötig ist","recency 8 d, 13 Fahrten, 97.85 EUR",2026-08-25,2026-11-23,BASIS
213,K-000213,"Früher aktiv, jetzt inaktiv",Rückgewinnung: was hat gefehlt?,"seit 916 Tagen angemeldet, keine Fahrt im 365-Tage-Fenster",2026-08-25,2026-11-23,PREMIUM
215,K-000215,"Früher aktiv, jetzt inaktiv",Rückgewinnung: was hat gefehlt?,"seit 487 Tagen angemeldet, keine Fahrt im 365-Tage-Fenster",2026-08-25,2026-11-23,BASIS
216,K-000216,Gelegenheitsnutzer,Anlass schaffen: Wetter-/Veranstaltungshinweis,"recency 46 d, 1 Fahrten, 1.00 EUR",2026-08-25,2026-11-23,STUDENT
217,K-000217,Gelegenheitsnutzer,Anlass schaffen: Wetter-/Veranstaltungshinweis,"recency 21 d, 8 Fahrten, 27.65 EUR",2026-08-25,2026-11-23,BASIS
218,K-000218,Gelegenheitsnutzer,Anlass schaffen: Wetter-/Veranstaltungshinweis,"recency 9 d, 10 Fahrten, 11.10 EUR",2026-08-25,2026-11-23,OEPNV
219,K-000219,Vielfahrer,"Bindung halten — und je Tarif prüfen, ob das Freiminutenvolumen nötig ist","recency 12 d, 45 Fahrten, 158.00 EUR",2026-08-25,2026-11-23,BASIS
220,K-000220,Gelegenheitsnutzer,Anlass schaffen: Wetter-/Veranstaltungshinweis,"recency 35 d, 5 Fahrten, 3.36 EUR",2026-08-25,2026-11-23,PREMIUM
221,K-000221,"Neu, noch keine Erstfahrt",Willkommensansprache zur Erstfahrt,"seit 62 Tagen angemeldet, keine Fahrt im 365-Tage-Fenster",2026-08-25,2026-11-23,BASIS
222,K-000222,Gelegenheitsnutzer,Anlass schaffen: Wetter-/Veranstaltungshinweis,"recency 26 d, 11 Fahrten, 12.30 EUR",2026-08-25,2026-11-23,STUDENT
223,K-000223,Gelegenheitsnutzer,Anlass schaffen: Wetter-/Veranstaltungshinweis,"recency 62 d, 7 Fahrten, 14.30 EUR",2026-08-25,2026-11-23,STUDENT
224,K-000224,Vielfahrer,"Bindung halten — und je Tarif prüfen, ob das Freiminutenvolumen nötig ist","recency 26 d, 17 Fahrten, 18.96 EUR",2026-08-25,2026-11-23,PREMIUM
225,K-000225,Gelegenheitsnutzer,Anlass schaffen: Wetter-/Veranstaltungshinweis,"recency 23 d, 11 Fahrten, 14.15 EUR",2026-08-25,2026-11-23,STUDENT
226,K-000226,Gelegenheitsnutzer,Anlass schaffen: Wetter-/Veranstaltungshinweis,"recency 116 d, 1 Fahrten, 1.00 EUR",2026-08-25,2026-11-23,STUDENT
227,K-000227,Vielfahrer,"Bindung halten — und je Tarif prüfen, ob das Freiminutenvolumen nötig ist","recency 31 d, 16 Fahrten, 22.75 EUR",2026-08-25,2026-11-23,STUDENT
228,K-000228,Gelegenheitsnutzer,Anlass schaffen: Wetter-/Veranstaltungshinweis,"recency 61 d, 5 Fahrten, 14.60 EUR",2026-08-25,2026-11-23,STUDENT
229,K-000229,Umsatzträger,nicht anfassen: sie tragen den Umsatz,"recency 43 d, 12 Fahrten, 33.05 EUR",2026-08-25,2026-11-23,STUDENT
231,K-000231,"Früher aktiv, jetzt inaktiv",Rückgewinnung: was hat gefehlt?,"seit 1819 Tagen angemeldet, keine Fahrt im 365-Tage-Fenster",2026-08-25,2026-11-23,BASIS
233,K-000233,"Früher aktiv, jetzt inaktiv",Rückgewinnung: was hat gefehlt?,"seit 786 Tagen angemeldet, keine Fahrt im 365-Tage-Fenster",2026-08-25,2026-11-23,BASIS
235,K-000235,Gelegenheitsnutzer,Anlass schaffen: Wetter-/Veranstaltungshinweis,"recency 7 d, 12 Fahrten, 9.50 EUR",2026-08-25,2026-11-23,STUDENT
236,K-000236,Vielfahrer,"Bindung halten — und je Tarif prüfen, ob das Freiminutenvolumen nötig ist","recency 5 d, 17 Fahrten, 105.80 EUR",2026-08-25,2026-11-23,BASIS
237,K-000237,"Früher aktiv, jetzt inaktiv",Rückgewinnung: was hat gefehlt?,"seit 1359 Tagen angemeldet, keine Fahrt im 365-Tage-Fenster",2026-08-25,2026-11-23,OEPNV
238,K-000238,Vielfahrer,"Bindung halten — und je Tarif prüfen, ob das Freiminutenvolumen nötig ist","recency 7 d, 16 Fahrten, 8.00 EUR",2026-08-25,2026-11-23,PREMIUM
239,K-000239,Gelegenheitsnutzer,Anlass schaffen: Wetter-/Veranstaltungshinweis,"recency 8 d, 9 Fahrten, 25.40 EUR",2026-08-25,2026-11-23,BASIS
240,K-000240,"Neu, noch keine Erstfahrt",Willkommensansprache zur Erstfahrt,"seit 36 Tagen angemeldet, keine Fahrt im 365-Tage-Fenster",2026-08-25,2026-11-23,BASIS
241,K-000241,Vielfahrer,"Bindung halten — und je Tarif prüfen, ob das Freiminutenvolumen nötig ist","recency 11 d, 13 Fahrten, 18.05 EUR",2026-08-25,2026-11-23,OEPNV
242,K-000242,Umsatzträger,nicht anfassen: sie tragen den Umsatz,"recency 15 d, 4 Fahrten, 33.30 EUR",2026-08-25,2026-11-23,BASIS
243,K-000243,"Früher aktiv, jetzt inaktiv",Rückgewinnung: was hat gefehlt?,"seit 1187 Tagen angemeldet, keine Fahrt im 365-Tage-Fenster",2026-08-25,2026-11-23,BASIS
244,K-000244,Gelegenheitsnutzer,Anlass schaffen: Wetter-/Veranstaltungshinweis,"recency 64 d, 1 Fahrten, 0.80 EUR",2026-08-25,2026-11-23,BASIS
246,K-000246,Gelegenheitsnutzer,Anlass schaffen: Wetter-/Veranstaltungshinweis,"recency 112 d, 3 Fahrten, 2.20 EUR",2026-08-25,2026-11-23,STUDENT
247,K-000247,Gelegenheitsnutzer,Anlass schaffen: Wetter-/Veranstaltungshinweis,"recency 118 d, 5 Fahrten, 7.10 EUR",2026-08-25,2026-11-23,STUDENT
248,K-000248,"Neu, noch keine Erstfahrt",Willkommensansprache zur Erstfahrt,"seit 125 Tagen angemeldet, keine Fahrt im 365-Tage-Fenster",2026-08-25,2026-11-23,BASIS
249,K-000249,"Früher aktiv, jetzt inaktiv",Rückgewinnung: was hat gefehlt?,"seit 830 Tagen angemeldet, keine Fahrt im 365-Tage-Fenster",2026-08-25,2026-11-23,BASIS
250,K-000250,"Früher aktiv, jetzt inaktiv",Rückgewinnung: was hat gefehlt?,"seit 1472 Tagen angemeldet, keine Fahrt im 365-Tage-Fenster",2026-08-25,2026-11-23,BASIS
251,K-000251,"Neu, noch keine Erstfahrt",Willkommensansprache zur Erstfahrt,"seit 101 Tagen angemeldet, keine Fahrt im 365-Tage-Fenster",2026-08-25,2026-11-23,BASIS
252,K-000252,Gelegenheitsnutzer,Anlass schaffen: Wetter-/Veranstaltungshinweis,"recency 13 d, 8 Fahrten, 5.80 EUR",2026-08-25,2026-11-23,OEPNV
253,K-000253,"Früher aktiv, jetzt inaktiv",Rückgewinnung: was hat gefehlt?,"seit 1267 Tagen angemeldet, keine Fahrt im 365-Tage-Fenster",2026-08-25,2026-11-23,BASIS
254,K-000254,Gelegenheitsnutzer,Anlass schaffen: Wetter-/Veranstaltungshinweis,"recency 37 d, 3 Fahrten, 21.00 EUR",2026-08-25,2026-11-23,BASIS
255,K-000255,Gelegenheitsnutzer,Anlass schaffen: Wetter-/Veranstaltungshinweis,"recency 20 d, 10 Fahrten, 7.90 EUR",2026-08-25,2026-11-23,STUDENT
256,K-000256,Gelegenheitsnutzer,Anlass schaffen: Wetter-/Veranstaltungshinweis,"recency 49 d, 1 Fahrten, 2.20 EUR",2026-08-25,2026-11-23,BASIS
257,K-000257,Vielfahrer,"Bindung halten — und je Tarif prüfen, ob das Freiminutenvolumen nötig ist","recency 4 d, 13 Fahrten, 7.70 EUR",2026-08-25,2026-11-23,OEPNV
258,K-000258,Umsatzträger,nicht anfassen: sie tragen den Umsatz,"recency 16 d, 9 Fahrten, 36.25 EUR",2026-08-25,2026-11-23,BASIS
259,K-000259,"Früher aktiv, jetzt inaktiv",Rückgewinnung: was hat gefehlt?,"seit 1814 Tagen angemeldet, keine Fahrt im 365-Tage-Fenster",2026-08-25,2026-11-23,BASIS
260,K-000260,Gelegenheitsnutzer,Anlass schaffen: Wetter-/Veranstaltungshinweis,"recency 1 d, 8 Fahrten, 5.40 EUR",2026-08-25,2026-11-23,STUDENT
261,K-000261,"Früher aktiv, jetzt inaktiv",Rückgewinnung: was hat gefehlt?,"seit 1415 Tagen angemeldet, keine Fahrt im 365-Tage-Fenster",2026-08-25,2026-11-23,BASIS
262,K-000262,Gelegenheitsnutzer,Anlass schaffen: Wetter-/Veranstaltungshinweis,"recency 57 d, 2 Fahrten, 28.75 EUR",2026-08-25,2026-11-23,BASIS
263,K-000263,Vielfahrer,"Bindung halten — und je Tarif prüfen, ob das Freiminutenvolumen nötig ist","recency 5 d, 31 Fahrten, 51.45 EUR",2026-08-25,2026-11-23,OEPNV
264,K-000264,Gelegenheitsnutzer,Anlass schaffen: Wetter-/Veranstaltungshinweis,"recency 4 d, 7 Fahrten, 5.40 EUR",2026-08-25,2026-11-23,STUDENT
265,K-000265,Vielfahrer,"Bindung halten — und je Tarif prüfen, ob das Freiminutenvolumen nötig ist","recency 40 d, 13 Fahrten, 22.60 EUR",2026-08-25,2026-11-23,STUDENT
266,K-000266,Umsatzträger,nicht anfassen: sie tragen den Umsatz,"recency 4 d, 8 Fahrten, 31.40 EUR",2026-08-25,2026-11-23,BASIS
267,K-000267,Gelegenheitsnutzer,Anlass schaffen: Wetter-/Veranstaltungshinweis,"recency 34 d, 1 Fahrten, 2.70 EUR",2026-08-25,2026-11-23,BASIS
268,K-000268,Gelegenheitsnutzer,Anlass schaffen: Wetter-/Veranstaltungshinweis,"recency 9 d, 5 Fahrten, 18.00 EUR",2026-08-25,2026-11-23,BASIS
269,K-000269,Gelegenheitsnutzer,Anlass schaffen: Wetter-/Veranstaltungshinweis,"recency 40 d, 8 Fahrten, 5.40 EUR",2026-08-25,2026-11-23,OEPNV
270,K-000270,Vielfahrer,"Bindung halten — und je Tarif prüfen, ob das Freiminutenvolumen nötig ist","recency 6 d, 26 Fahrten, 14.72 EUR",2026-08-25,2026-11-23,PREMIUM
271,K-000271,Gelegenheitsnutzer,Anlass schaffen: Wetter-/Veranstaltungshinweis,"recency 40 d, 7 Fahrten, 5.68 EUR",2026-08-25,2026-11-23,PREMIUM
272,K-000272,"Früher aktiv, jetzt inaktiv",Rückgewinnung: was hat gefehlt?,"seit 693 Tagen angemeldet, keine Fahrt im 365-Tage-Fenster",2026-08-25,2026-11-23,STUDENT
273,K-000273,Gelegenheitsnutzer,Anlass schaffen: Wetter-/Veranstaltungshinweis,"recency 28 d, 5 Fahrten, 5.90 EUR",2026-08-25,2026-11-23,OEPNV
274,K-000274,Gelegenheitsnutzer,Anlass schaffen: Wetter-/Veranstaltungshinweis,"recency 64 d, 5 Fahrten, 5.20 EUR",2026-08-25,2026-11-23,STUDENT
275,K-000275,Umsatzträger,nicht anfassen: sie tragen den Umsatz,"recency 2 d, 11 Fahrten, 37.00 EUR",2026-08-25,2026-11-23,BASIS
276,K-000276,"Neu, noch keine Erstfahrt",Willkommensansprache zur Erstfahrt,"seit 208 Tagen angemeldet, keine Fahrt im 365-Tage-Fenster",2026-08-25,2026-11-23,BASIS
277,K-000277,"Früher aktiv, jetzt inaktiv",Rückgewinnung: was hat gefehlt?,"seit 1093 Tagen angemeldet, keine Fahrt im 365-Tage-Fenster",2026-08-25,2026-11-23,STUDENT
278,K-000278,Umsatzträger,nicht anfassen: sie tragen den Umsatz,"recency 13 d, 10 Fahrten, 57.50 EUR",2026-08-25,2026-11-23,BASIS
279,K-000279,"Neu, noch keine Erstfahrt",Willkommensansprache zur Erstfahrt,"seit 80 Tagen angemeldet, keine Fahrt im 365-Tage-Fenster",2026-08-25,2026-11-23,BASIS
280,K-000280,Gelegenheitsnutzer,Anlass schaffen: Wetter-/Veranstaltungshinweis,"recency 38 d, 7 Fahrten, 3.00 EUR",2026-08-25,2026-11-23,STUDENT
281,K-000281,Gelegenheitsnutzer,Anlass schaffen: Wetter-/Veranstaltungshinweis,"recency 21 d, 1 Fahrten, 0.08 EUR",2026-08-25,2026-11-23,PREMIUM
282,K-000282,Gelegenheitsnutzer,Anlass schaffen: Wetter-/Veranstaltungshinweis,"recency 62 d, 4 Fahrten, 2.20 EUR",2026-08-25,2026-11-23,STUDENT
283,K-000283,Gelegenheitsnutzer,Anlass schaffen: Wetter-/Veranstaltungshinweis,"recency 40 d, 8 Fahrten, 17.55 EUR",2026-08-25,2026-11-23,STUDENT
284,K-000284,Vielfahrer,"Bindung halten — und je Tarif prüfen, ob das Freiminutenvolumen nötig ist","recency 17 d, 18 Fahrten, 11.88 EUR",2026-08-25,2026-11-23,PREMIUM
285,K-000285,Vielfahrer,"Bindung halten — und je Tarif prüfen, ob das Freiminutenvolumen nötig ist","recency 20 d, 20 Fahrten, 32.72 EUR",2026-08-25,2026-11-23,PREMIUM
286,K-000286,Umsatzträger,nicht anfassen: sie tragen den Umsatz,"recency 52 d, 11 Fahrten, 87.90 EUR",2026-08-25,2026-11-23,BASIS
287,K-000287,Gelegenheitsnutzer,Anlass schaffen: Wetter-/Veranstaltungshinweis,"recency 41 d, 4 Fahrten, 8.80 EUR",2026-08-25,2026-11-23,STUDENT
288,K-000288,Umsatzträger,nicht anfassen: sie tragen den Umsatz,"recency 14 d, 8 Fahrten, 93.20 EUR",2026-08-25,2026-11-23,BASIS
289,K-000289,Umsatzträger,nicht anfassen: sie tragen den Umsatz,"recency 53 d, 6 Fahrten, 37.90 EUR",2026-08-25,2026-11-23,STUDENT
290,K-000290,"Früher aktiv, jetzt inaktiv",Rückgewinnung: was hat gefehlt?,"seit 1802 Tagen angemeldet, keine Fahrt im 365-Tage-Fenster",2026-08-25,2026-11-23,STUDENT
291,K-000291,Gelegenheitsnutzer,Anlass schaffen: Wetter-/Veranstaltungshinweis,"recency 123 d, 5 Fahrten, 8.30 EUR",2026-08-25,2026-11-23,BASIS
292,K-000292,Eingeschlafen,Rückgewinnung: einmalig Freiminuten,"recency 275 d, 1 Fahrten, 2.50 EUR",2026-08-25,2026-11-23,BASIS
293,K-000293,Gelegenheitsnutzer,Anlass schaffen: Wetter-/Veranstaltungshinweis,"recency 7 d, 8 Fahrten, 11.10 EUR",2026-08-25,2026-11-23,STUDENT
294,K-000294,Vielfahrer,"Bindung halten — und je Tarif prüfen, ob das Freiminutenvolumen nötig ist","recency 5 d, 14 Fahrten, 8.40 EUR",2026-08-25,2026-11-23,PREMIUM
295,K-000295,Gelegenheitsnutzer,Anlass schaffen: Wetter-/Veranstaltungshinweis,"recency 67 d, 1 Fahrten, 1.00 EUR",2026-08-25,2026-11-23,OEPNV
296,K-000296,Eingeschlafen,Rückgewinnung: einmalig Freiminuten,"recency 205 d, 2 Fahrten, 0.20 EUR",2026-08-25,2026-11-23,OEPNV
297,K-000297,Vielfahrer,"Bindung halten — und je Tarif prüfen, ob das Freiminutenvolumen nötig ist","recency 24 d, 13 Fahrten, 62.65 EUR",2026-08-25,2026-11-23,BASIS
298,K-000298,Gelegenheitsnutzer,Anlass schaffen: Wetter-/Veranstaltungshinweis,"recency 29 d, 9 Fahrten, 16.80 EUR",2026-08-25,2026-11-23,STUDENT
300,K-000300,Vielfahrer,"Bindung halten — und je Tarif prüfen, ob das Freiminutenvolumen nötig ist","recency 13 d, 19 Fahrten, 21.25 EUR",2026-08-25,2026-11-23,OEPNV
301,K-000301,"Früher aktiv, jetzt inaktiv",Rückgewinnung: was hat gefehlt?,"seit 1136 Tagen angemeldet, keine Fahrt im 365-Tage-Fenster",2026-08-25,2026-11-23,BASIS
302,K-000302,Gelegenheitsnutzer,Anlass schaffen: Wetter-/Veranstaltungshinweis,"recency 49 d, 7 Fahrten, 23.10 EUR",2026-08-25,2026-11-23,STUDENT
304,K-000304,"Neu, noch keine Erstfahrt",Willkommensansprache zur Erstfahrt,"seit 274 Tagen angemeldet, keine Fahrt im 365-Tage-Fenster",2026-08-25,2026-11-23,BASIS
305,K-000305,Vielfahrer,"Bindung halten — und je Tarif prüfen, ob das Freiminutenvolumen nötig ist","recency 2 d, 23 Fahrten, 93.50 EUR",2026-08-25,2026-11-23,BASIS
306,K-000306,Eingeschlafen,Rückgewinnung: einmalig Freiminuten,"recency 324 d, 1 Fahrten, 2.70 EUR",2026-08-25,2026-11-23,BASIS
307,K-000307,Vielfahrer,"Bindung halten — und je Tarif prüfen, ob das Freiminutenvolumen nötig ist","recency 0 d, 18 Fahrten, 15.50 EUR",2026-08-25,2026-11-23,OEPNV
308,K-000308,"Neu, noch keine Erstfahrt",Willkommensansprache zur Erstfahrt,"seit 109 Tagen angemeldet, keine Fahrt im 365-Tage-Fenster",2026-08-25,2026-11-23,BASIS
309,K-000309,Eingeschlafen,Rückgewinnung: einmalig Freiminuten,"recency 323 d, 3 Fahrten, 1.76 EUR",2026-08-25,2026-11-23,PREMIUM
310,K-000310,Vielfahrer,"Bindung halten — und je Tarif prüfen, ob das Freiminutenvolumen nötig ist","recency 14 d, 25 Fahrten, 96.95 EUR",2026-08-25,2026-11-23,BASIS
311,K-000311,Vielfahrer,"Bindung halten — und je Tarif prüfen, ob das Freiminutenvolumen nötig ist","recency 11 d, 17 Fahrten, 77.45 EUR",2026-08-25,2026-11-23,BASIS
312,K-000312,Gelegenheitsnutzer,Anlass schaffen: Wetter-/Veranstaltungshinweis,"recency 19 d, 9 Fahrten, 20.90 EUR",2026-08-25,2026-11-23,STUDENT
313,K-000313,Vielfahrer,"Bindung halten — und je Tarif prüfen, ob das Freiminutenvolumen nötig ist","recency 0 d, 15 Fahrten, 18.00 EUR",2026-08-25,2026-11-23,OEPNV
314,K-000314,Gelegenheitsnutzer,Anlass schaffen: Wetter-/Veranstaltungshinweis,"recency 18 d, 9 Fahrten, 3.68 EUR",2026-08-25,2026-11-23,PREMIUM
315,K-000315,"Früher aktiv, jetzt inaktiv",Rückgewinnung: was hat gefehlt?,"seit 1380 Tagen angemeldet, keine Fahrt im 365-Tage-Fenster",2026-08-25,2026-11-23,BASIS
316,K-000316,Gelegenheitsnutzer,Anlass schaffen: Wetter-/Veranstaltungshinweis,"recency 17 d, 7 Fahrten, 4.40 EUR",2026-08-25,2026-11-23,OEPNV
317,K-000317,Gelegenheitsnutzer,Anlass schaffen: Wetter-/Veranstaltungshinweis,"recency 7 d, 11 Fahrten, 14.45 EUR",2026-08-25,2026-11-23,STUDENT
318,K-000318,Vielfahrer,"Bindung halten — und je Tarif prüfen, ob das Freiminutenvolumen nötig ist","recency 5 d, 27 Fahrten, 25.50 EUR",2026-08-25,2026-11-23,OEPNV
319,K-000319,Gelegenheitsnutzer,Anlass schaffen: Wetter-/Veranstaltungshinweis,"recency 80 d, 3 Fahrten, 0.30 EUR",2026-08-25,2026-11-23,STUDENT
320,K-000320,"Früher aktiv, jetzt inaktiv",Rückgewinnung: was hat gefehlt?,"seit 1402 Tagen angemeldet, keine Fahrt im 365-Tage-Fenster",2026-08-25,2026-11-23,BASIS
322,K-000322,Vielfahrer,"Bindung halten — und je Tarif prüfen, ob das Freiminutenvolumen nötig ist","recency 14 d, 36 Fahrten, 38.04 EUR",2026-08-25,2026-11-23,PREMIUM
323,K-000323,Gelegenheitsnutzer,Anlass schaffen: Wetter-/Veranstaltungshinweis,"recency 121 d, 2 Fahrten, 1.68 EUR",2026-08-25,2026-11-23,PREMIUM
324,K-000324,Gelegenheitsnutzer,Anlass schaffen: Wetter-/Veranstaltungshinweis,"recency 12 d, 2 Fahrten, 13.90 EUR",2026-08-25,2026-11-23,BASIS
325,K-000325,Vielfahrer,"Bindung halten — und je Tarif prüfen, ob das Freiminutenvolumen nötig ist","recency 13 d, 14 Fahrten, 6.32 EUR",2026-08-25,2026-11-23,PREMIUM
326,K-000326,Eingeschlafen,Rückgewinnung: einmalig Freiminuten,"recency 219 d, 1 Fahrten, 1.90 EUR",2026-08-25,2026-11-23,BASIS
327,K-000327,Gelegenheitsnutzer,Anlass schaffen: Wetter-/Veranstaltungshinweis,"recency 26 d, 2 Fahrten, 2.00 EUR",2026-08-25,2026-11-23,STUDENT
328,K-000328,Eingeschlafen,Rückgewinnung: einmalig Freiminuten,"recency 318 d, 2 Fahrten, 2.50 EUR",2026-08-25,2026-11-23,BASIS
329,K-000329,Gelegenheitsnutzer,Anlass schaffen: Wetter-/Veranstaltungshinweis,"recency 50 d, 6 Fahrten, 1.68 EUR",2026-08-25,2026-11-23,PREMIUM
330,K-000330,Eingeschlafen,Rückgewinnung: einmalig Freiminuten,"recency 173 d, 2 Fahrten, 17.50 EUR",2026-08-25,2026-11-23,BASIS
331,K-000331,Eingeschlafen,Rückgewinnung: einmalig Freiminuten,"recency 302 d, 1 Fahrten, 1.30 EUR",2026-08-25,2026-11-23,BASIS
332,K-000332,Umsatzträger,nicht anfassen: sie tragen den Umsatz,"recency 26 d, 10 Fahrten, 45.25 EUR",2026-08-25,2026-11-23,STUDENT
333,K-000333,Umsatzträger,nicht anfassen: sie tragen den Umsatz,"recency 52 d, 11 Fahrten, 33.10 EUR",2026-08-25,2026-11-23,STUDENT
334,K-000334,"Früher aktiv, jetzt inaktiv",Rückgewinnung: was hat gefehlt?,"seit 818 Tagen angemeldet, keine Fahrt im 365-Tage-Fenster",2026-08-25,2026-11-23,STUDENT
335,K-000335,Umsatzträger,nicht anfassen: sie tragen den Umsatz,"recency 31 d, 5 Fahrten, 32.35 EUR",2026-08-25,2026-11-23,BASIS
336,K-000336,Vielfahrer,"Bindung halten — und je Tarif prüfen, ob das Freiminutenvolumen nötig ist","recency 10 d, 20 Fahrten, 7.44 EUR",2026-08-25,2026-11-23,PREMIUM
337,K-000337,Vielfahrer,"Bindung halten — und je Tarif prüfen, ob das Freiminutenvolumen nötig ist","recency 7 d, 37 Fahrten, 50.30 EUR",2026-08-25,2026-11-23,OEPNV
338,K-000338,"Früher aktiv, jetzt inaktiv",Rückgewinnung: was hat gefehlt?,"seit 1827 Tagen angemeldet, keine Fahrt im 365-Tage-Fenster",2026-08-25,2026-11-23,BASIS
339,K-000339,Gelegenheitsnutzer,Anlass schaffen: Wetter-/Veranstaltungshinweis,"recency 2 d, 7 Fahrten, 3.52 EUR",2026-08-25,2026-11-23,PREMIUM
341,K-000341,"Früher aktiv, jetzt inaktiv",Rückgewinnung: was hat gefehlt?,"seit 530 Tagen angemeldet, keine Fahrt im 365-Tage-Fenster",2026-08-25,2026-11-23,BASIS
342,K-000342,Eingeschlafen,Rückgewinnung: einmalig Freiminuten,"recency 335 d, 1 Fahrten, 4.00 EUR",2026-08-25,2026-11-23,BASIS
343,K-000343,Vielfahrer,"Bindung halten — und je Tarif prüfen, ob das Freiminutenvolumen nötig ist","recency 3 d, 59 Fahrten, 49.00 EUR",2026-08-25,2026-11-23,PREMIUM
344,K-000344,Eingeschlafen,Rückgewinnung: einmalig Freiminuten,"recency 325 d, 1 Fahrten, 2.25 EUR",2026-08-25,2026-11-23,BASIS
346,K-000346,"Neu, noch keine Erstfahrt",Willkommensansprache zur Erstfahrt,"seit 267 Tagen angemeldet, keine Fahrt im 365-Tage-Fenster",2026-08-25,2026-11-23,BASIS
347,K-000347,Gelegenheitsnutzer,Anlass schaffen: Wetter-/Veranstaltungshinweis,"recency 67 d, 1 Fahrten, 3.00 EUR",2026-08-25,2026-11-23,STUDENT
348,K-000348,"Neu, noch keine Erstfahrt",Willkommensansprache zur Erstfahrt,"seit 95 Tagen angemeldet, keine Fahrt im 365-Tage-Fenster",2026-08-25,2026-11-23,PREMIUM
349,K-000349,Vielfahrer,"Bindung halten — und je Tarif prüfen, ob das Freiminutenvolumen nötig ist","recency 13 d, 16 Fahrten, 38.40 EUR",2026-08-25,2026-11-23,OEPNV
350,K-000350,Gelegenheitsnutzer,Anlass schaffen: Wetter-/Veranstaltungshinweis,"recency 18 d, 8 Fahrten, 5.40 EUR",2026-08-25,2026-11-23,STUDENT
351,K-000351,"Neu, noch keine Erstfahrt",Willkommensansprache zur Erstfahrt,"seit 291 Tagen angemeldet, keine Fahrt im 365-Tage-Fenster",2026-08-25,2026-11-23,BASIS
353,K-000353,Gelegenheitsnutzer,Anlass schaffen: Wetter-/Veranstaltungshinweis,"recency 27 d, 1 Fahrten, 2.80 EUR",2026-08-25,2026-11-23,BASIS
354,K-000354,Gelegenheitsnutzer,Anlass schaffen: Wetter-/Veranstaltungshinweis,"recency 36 d, 4 Fahrten, 13.10 EUR",2026-08-25,2026-11-23,OEPNV
355,K-000355,Umsatzträger,nicht anfassen: sie tragen den Umsatz,"recency 78 d, 5 Fahrten, 32.70 EUR",2026-08-25,2026-11-23,BASIS
356,K-000356,"Neu, noch keine Erstfahrt",Willkommensansprache zur Erstfahrt,"seit 40 Tagen angemeldet, keine Fahrt im 365-Tage-Fenster",2026-08-25,2026-11-23,BASIS
357,K-000357,"Früher aktiv, jetzt inaktiv",Rückgewinnung: was hat gefehlt?,"seit 992 Tagen angemeldet, keine Fahrt im 365-Tage-Fenster",2026-08-25,2026-11-23,BASIS
358,K-000358,Vielfahrer,"Bindung halten — und je Tarif prüfen, ob das Freiminutenvolumen nötig ist","recency 3 d, 25 Fahrten, 99.68 EUR",2026-08-25,2026-11-23,PREMIUM
359,K-000359,Vielfahrer,"Bindung halten — und je Tarif prüfen, ob das Freiminutenvolumen nötig ist","recency 0 d, 18 Fahrten, 8.08 EUR",2026-08-25,2026-11-23,PREMIUM
360,K-000360,Vielfahrer,"Bindung halten — und je Tarif prüfen, ob das Freiminutenvolumen nötig ist","recency 17 d, 15 Fahrten, 19.44 EUR",2026-08-25,2026-11-23,PREMIUM
361,K-000361,"Neu, noch keine Erstfahrt",Willkommensansprache zur Erstfahrt,"seit 57 Tagen angemeldet, keine Fahrt im 365-Tage-Fenster",2026-08-25,2026-11-23,PREMIUM
362,K-000362,Vielfahrer,"Bindung halten — und je Tarif prüfen, ob das Freiminutenvolumen nötig ist","recency 19 d, 21 Fahrten, 13.20 EUR",2026-08-25,2026-11-23,PREMIUM
363,K-000363,Eingeschlafen,Rückgewinnung: einmalig Freiminuten,"recency 251 d, 2 Fahrten, 0.16 EUR",2026-08-25,2026-11-23,PREMIUM
364,K-000364,Umsatzträger,nicht anfassen: sie tragen den Umsatz,"recency 31 d, 7 Fahrten, 78.60 EUR",2026-08-25,2026-11-23,BASIS
365,K-000365,Gelegenheitsnutzer,Anlass schaffen: Wetter-/Veranstaltungshinweis,"recency 71 d, 4 Fahrten, 13.30 EUR",2026-08-25,2026-11-23,BASIS
366,K-000366,Gelegenheitsnutzer,Anlass schaffen: Wetter-/Veranstaltungshinweis,"recency 6 d, 10 Fahrten, 9.70 EUR",2026-08-25,2026-11-23,OEPNV
367,K-000367,Gelegenheitsnutzer,Anlass schaffen: Wetter-/Veranstaltungshinweis,"recency 9 d, 6 Fahrten, 5.10 EUR",2026-08-25,2026-11-23,OEPNV
368,K-000368,Gelegenheitsnutzer,Anlass schaffen: Wetter-/Veranstaltungshinweis,"recency 13 d, 2 Fahrten, 3.00 EUR",2026-08-25,2026-11-23,BASIS
369,K-000369,Eingeschlafen,Rückgewinnung: einmalig Freiminuten,"recency 278 d, 2 Fahrten, 0.88 EUR",2026-08-25,2026-11-23,PREMIUM
371,K-000371,Eingeschlafen,Rückgewinnung: einmalig Freiminuten,"recency 315 d, 4 Fahrten, 2.48 EUR",2026-08-25,2026-11-23,PREMIUM
372,K-000372,"Früher aktiv, jetzt inaktiv",Rückgewinnung: was hat gefehlt?,"seit 1551 Tagen angemeldet, keine Fahrt im 365-Tage-Fenster",2026-08-25,2026-11-23,BASIS
373,K-000373,Vielfahrer,"Bindung halten — und je Tarif prüfen, ob das Freiminutenvolumen nötig ist","recency 4 d, 15 Fahrten, 28.50 EUR",2026-08-25,2026-11-23,STUDENT
374,K-000374,Gelegenheitsnutzer,Anlass schaffen: Wetter-/Veranstaltungshinweis,"recency 22 d, 1 Fahrten, 9.30 EUR",2026-08-25,2026-11-23,BASIS
375,K-000375,Gelegenheitsnutzer,Anlass schaffen: Wetter-/Veranstaltungshinweis,"recency 31 d, 1 Fahrten, 2.20 EUR",2026-08-25,2026-11-23,BASIS
376,K-000376,Gelegenheitsnutzer,Anlass schaffen: Wetter-/Veranstaltungshinweis,"recency 137 d, 6 Fahrten, 3.10 EUR",2026-08-25,2026-11-23,STUDENT
377,K-000377,"Neu, noch keine Erstfahrt",Willkommensansprache zur Erstfahrt,"seit 319 Tagen angemeldet, keine Fahrt im 365-Tage-Fenster",2026-08-25,2026-11-23,BASIS
378,K-000378,"Neu, noch keine Erstfahrt",Willkommensansprache zur Erstfahrt,"seit 46 Tagen angemeldet, keine Fahrt im 365-Tage-Fenster",2026-08-25,2026-11-23,STUDENT
379,K-000379,"Früher aktiv, jetzt inaktiv",Rückgewinnung: was hat gefehlt?,"seit 1802 Tagen angemeldet, keine Fahrt im 365-Tage-Fenster",2026-08-25,2026-11-23,BASIS
380,K-000380,"Neu, noch keine Erstfahrt",Willkommensansprache zur Erstfahrt,"seit 362 Tagen angemeldet, keine Fahrt im 365-Tage-Fenster",2026-08-25,2026-11-23,BASIS
381,K-000381,Gelegenheitsnutzer,Anlass schaffen: Wetter-/Veranstaltungshinweis,"recency 0 d, 10 Fahrten, 12.75 EUR",2026-08-25,2026-11-23,STUDENT
382,K-000382,Umsatzträger,nicht anfassen: sie tragen den Umsatz,"recency 37 d, 8 Fahrten, 61.00 EUR",2026-08-25,2026-11-23,BASIS
383,K-000383,"Früher aktiv, jetzt inaktiv",Rückgewinnung: was hat gefehlt?,"seit 1826 Tagen angemeldet, keine Fahrt im 365-Tage-Fenster",2026-08-25,2026-11-23,BASIS
384,K-000384,"Neu, noch keine Erstfahrt",Willkommensansprache zur Erstfahrt,"seit 84 Tagen angemeldet, keine Fahrt im 365-Tage-Fenster",2026-08-25,2026-11-23,BASIS
385,K-000385,Gelegenheitsnutzer,Anlass schaffen: Wetter-/Veranstaltungshinweis,"recency 11 d, 9 Fahrten, 18.80 EUR",2026-08-25,2026-11-23,BASIS
386,K-000386,Gelegenheitsnutzer,Anlass schaffen: Wetter-/Veranstaltungshinweis,"recency 27 d, 9 Fahrten, 13.95 EUR",2026-08-25,2026-11-23,STUDENT
387,K-000387,"Früher aktiv, jetzt inaktiv",Rückgewinnung: was hat gefehlt?,"seit 1815 Tagen angemeldet, keine Fahrt im 365-Tage-Fenster",2026-08-25,2026-11-23,BASIS
388,K-000388,"Früher aktiv, jetzt inaktiv",Rückgewinnung: was hat gefehlt?,"seit 1526 Tagen angemeldet, keine Fahrt im 365-Tage-Fenster",2026-08-25,2026-11-23,BASIS
389,K-000389,Vielfahrer,"Bindung halten — und je Tarif prüfen, ob das Freiminutenvolumen nötig ist","recency 1 d, 13 Fahrten, 19.30 EUR",2026-08-25,2026-11-23,OEPNV
390,K-000390,Gelegenheitsnutzer,Anlass schaffen: Wetter-/Veranstaltungshinweis,"recency 37 d, 3 Fahrten, 2.20 EUR",2026-08-25,2026-11-23,STUDENT
391,K-000391,Gelegenheitsnutzer,Anlass schaffen: Wetter-/Veranstaltungshinweis,"recency 51 d, 6 Fahrten, 6.40 EUR",2026-08-25,2026-11-23,OEPNV
392,K-000392,"Früher aktiv, jetzt inaktiv",Rückgewinnung: was hat gefehlt?,"seit 1148 Tagen angemeldet, keine Fahrt im 365-Tage-Fenster",2026-08-25,2026-11-23,BASIS
393,K-000393,Umsatzträger,nicht anfassen: sie tragen den Umsatz,"recency 1 d, 12 Fahrten, 38.50 EUR",2026-08-25,2026-11-23,BASIS
394,K-000394,Vielfahrer,"Bindung halten — und je Tarif prüfen, ob das Freiminutenvolumen nötig ist","recency 15 d, 30 Fahrten, 14.64 EUR",2026-08-25,2026-11-23,PREMIUM
395,K-000395,Vielfahrer,"Bindung halten — und je Tarif prüfen, ob das Freiminutenvolumen nötig ist","recency 0 d, 16 Fahrten, 9.36 EUR",2026-08-25,2026-11-23,PREMIUM
396,K-000396,Gelegenheitsnutzer,Anlass schaffen: Wetter-/Veranstaltungshinweis,"recency 51 d, 5 Fahrten, 27.50 EUR",2026-08-25,2026-11-23,BASIS
397,K-000397,"Früher aktiv, jetzt inaktiv",Rückgewinnung: was hat gefehlt?,"seit 560 Tagen angemeldet, keine Fahrt im 365-Tage-Fenster",2026-08-25,2026-11-23,OEPNV
398,K-000398,Vielfahrer,"Bindung halten — und je Tarif prüfen, ob das Freiminutenvolumen nötig ist","recency 25 d, 46 Fahrten, 85.80 EUR",2026-08-25,2026-11-23,OEPNV
399,K-000399,Gelegenheitsnutzer,Anlass schaffen: Wetter-/Veranstaltungshinweis,"recency 1 d, 5 Fahrten, 2.56 EUR",2026-08-25,2026-11-23,PREMIUM
400,K-000400,Gelegenheitsnutzer,Anlass schaffen: Wetter-/Veranstaltungshinweis,"recency 78 d, 1 Fahrten, 3.50 EUR",2026-08-25,2026-11-23,BASIS
401,K-000401,Vielfahrer,"Bindung halten — und je Tarif prüfen, ob das Freiminutenvolumen nötig ist","recency 0 d, 13 Fahrten, 22.00 EUR",2026-08-25,2026-11-23,STUDENT
402,K-000402,Vielfahrer,"Bindung halten — und je Tarif prüfen, ob das Freiminutenvolumen nötig ist","recency 11 d, 14 Fahrten, 45.25 EUR",2026-08-25,2026-11-23,STUDENT
403,K-000403,Gelegenheitsnutzer,Anlass schaffen: Wetter-/Veranstaltungshinweis,"recency 20 d, 9 Fahrten, 8.10 EUR",2026-08-25,2026-11-23,STUDENT
404,K-000404,Gelegenheitsnutzer,Anlass schaffen: Wetter-/Veranstaltungshinweis,"recency 56 d, 4 Fahrten, 1.76 EUR",2026-08-25,2026-11-23,PREMIUM
405,K-000405,Vielfahrer,"Bindung halten — und je Tarif prüfen, ob das Freiminutenvolumen nötig ist","recency 8 d, 13 Fahrten, 8.30 EUR",2026-08-25,2026-11-23,OEPNV
406,K-000406,Eingeschlafen,Rückgewinnung: einmalig Freiminuten,"recency 268 d, 1 Fahrten, 0.08 EUR",2026-08-25,2026-11-23,PREMIUM
407,K-000407,"Früher aktiv, jetzt inaktiv",Rückgewinnung: was hat gefehlt?,"seit 1752 Tagen angemeldet, keine Fahrt im 365-Tage-Fenster",2026-08-25,2026-11-23,OEPNV
408,K-000408,"Früher aktiv, jetzt inaktiv",Rückgewinnung: was hat gefehlt?,"seit 1016 Tagen angemeldet, keine Fahrt im 365-Tage-Fenster",2026-08-25,2026-11-23,BASIS
409,K-000409,"Neu, noch keine Erstfahrt",Willkommensansprache zur Erstfahrt,"seit 110 Tagen angemeldet, keine Fahrt im 365-Tage-Fenster",2026-08-25,2026-11-23,BASIS
410,K-000410,"Früher aktiv, jetzt inaktiv",Rückgewinnung: was hat gefehlt?,"seit 1808 Tagen angemeldet, keine Fahrt im 365-Tage-Fenster",2026-08-25,2026-11-23,BASIS
411,K-000411,Gelegenheitsnutzer,Anlass schaffen: Wetter-/Veranstaltungshinweis,"recency 1 d, 4 Fahrten, 0.32 EUR",2026-08-25,2026-11-23,PREMIUM
412,K-000412,"Früher aktiv, jetzt inaktiv",Rückgewinnung: was hat gefehlt?,"seit 706 Tagen angemeldet, keine Fahrt im 365-Tage-Fenster",2026-08-25,2026-11-23,STUDENT
413,K-000413,Vielfahrer,"Bindung halten — und je Tarif prüfen, ob das Freiminutenvolumen nötig ist","recency 1 d, 40 Fahrten, 181.65 EUR",2026-08-25,2026-11-23,BASIS
414,K-000414,Gelegenheitsnutzer,Anlass schaffen: Wetter-/Veranstaltungshinweis,"recency 2 d, 5 Fahrten, 7.35 EUR",2026-08-25,2026-11-23,STUDENT
415,K-000415,Gelegenheitsnutzer,Anlass schaffen: Wetter-/Veranstaltungshinweis,"recency 24 d, 4 Fahrten, 1.76 EUR",2026-08-25,2026-11-23,PREMIUM
416,K-000416,"Früher aktiv, jetzt inaktiv",Rückgewinnung: was hat gefehlt?,"seit 1787 Tagen angemeldet, keine Fahrt im 365-Tage-Fenster",2026-08-25,2026-11-23,BASIS
417,K-000417,Gelegenheitsnutzer,Anlass schaffen: Wetter-/Veranstaltungshinweis,"recency 32 d, 3 Fahrten, 1.20 EUR",2026-08-25,2026-11-23,STUDENT
418,K-000418,Vielfahrer,"Bindung halten — und je Tarif prüfen, ob das Freiminutenvolumen nötig ist","recency 9 d, 13 Fahrten, 20.65 EUR",2026-08-25,2026-11-23,STUDENT
419,K-000419,Vielfahrer,"Bindung halten — und je Tarif prüfen, ob das Freiminutenvolumen nötig ist","recency 27 d, 19 Fahrten, 10.40 EUR",2026-08-25,2026-11-23,PREMIUM
420,K-000420,Gelegenheitsnutzer,Anlass schaffen: Wetter-/Veranstaltungshinweis,"recency 14 d, 3 Fahrten, 7.90 EUR",2026-08-25,2026-11-23,BASIS
421,K-000421,Gelegenheitsnutzer,Anlass schaffen: Wetter-/Veranstaltungshinweis,"recency 31 d, 4 Fahrten, 3.05 EUR",2026-08-25,2026-11-23,STUDENT
422,K-000422,"Früher aktiv, jetzt inaktiv",Rückgewinnung: was hat gefehlt?,"seit 845 Tagen angemeldet, keine Fahrt im 365-Tage-Fenster",2026-08-25,2026-11-23,BASIS
423,K-000423,Umsatzträger,nicht anfassen: sie tragen den Umsatz,"recency 9 d, 9 Fahrten, 42.15 EUR",2026-08-25,2026-11-23,BASIS
425,K-000425,Gelegenheitsnutzer,Anlass schaffen: Wetter-/Veranstaltungshinweis,"recency 48 d, 5 Fahrten, 3.20 EUR",2026-08-25,2026-11-23,OEPNV
426,K-000426,Gelegenheitsnutzer,Anlass schaffen: Wetter-/Veranstaltungshinweis,"recency 1 d, 1 Fahrten, 0.60 EUR",2026-08-25,2026-11-23,BASIS
427,K-000427,Gelegenheitsnutzer,Anlass schaffen: Wetter-/Veranstaltungshinweis,"recency 7 d, 4 Fahrten, 9.10 EUR",2026-08-25,2026-11-23,BASIS
428,K-000428,"Früher aktiv, jetzt inaktiv",Rückgewinnung: was hat gefehlt?,"seit 999 Tagen angemeldet, keine Fahrt im 365-Tage-Fenster",2026-08-25,2026-11-23,BASIS
429,K-000429,"Früher aktiv, jetzt inaktiv",Rückgewinnung: was hat gefehlt?,"seit 1105 Tagen angemeldet, keine Fahrt im 365-Tage-Fenster",2026-08-25,2026-11-23,BASIS
430,K-000430,Gelegenheitsnutzer,Anlass schaffen: Wetter-/Veranstaltungshinweis,"recency 118 d, 1 Fahrten, 4.90 EUR",2026-08-25,2026-11-23,BASIS
431,K-000431,Gelegenheitsnutzer,Anlass schaffen: Wetter-/Veranstaltungshinweis,"recency 121 d, 4 Fahrten, 5.60 EUR",2026-08-25,2026-11-23,STUDENT
432,K-000432,Gelegenheitsnutzer,Anlass schaffen: Wetter-/Veranstaltungshinweis,"recency 51 d, 8 Fahrten, 28.50 EUR",2026-08-25,2026-11-23,BASIS
433,K-000433,Gelegenheitsnutzer,Anlass schaffen: Wetter-/Veranstaltungshinweis,"recency 100 d, 2 Fahrten, 8.30 EUR",2026-08-25,2026-11-23,BASIS
434,K-000434,Eingeschlafen,Rückgewinnung: einmalig Freiminuten,"recency 173 d, 2 Fahrten, 0.88 EUR",2026-08-25,2026-11-23,PREMIUM
435,K-000435,Gelegenheitsnutzer,Anlass schaffen: Wetter-/Veranstaltungshinweis,"recency 10 d, 12 Fahrten, 26.35 EUR",2026-08-25,2026-11-23,STUDENT
436,K-000436,"Früher aktiv, jetzt inaktiv",Rückgewinnung: was hat gefehlt?,"seit 865 Tagen angemeldet, keine Fahrt im 365-Tage-Fenster",2026-08-25,2026-11-23,BASIS
437,K-000437,Gelegenheitsnutzer,Anlass schaffen: Wetter-/Veranstaltungshinweis,"recency 47 d, 9 Fahrten, 7.75 EUR",2026-08-25,2026-11-23,STUDENT
438,K-000438,"Früher aktiv, jetzt inaktiv",Rückgewinnung: was hat gefehlt?,"seit 1083 Tagen angemeldet, keine Fahrt im 365-Tage-Fenster",2026-08-25,2026-11-23,BASIS
439,K-000439,"Früher aktiv, jetzt inaktiv",Rückgewinnung: was hat gefehlt?,"seit 1328 Tagen angemeldet, keine Fahrt im 365-Tage-Fenster",2026-08-25,2026-11-23,BASIS
440,K-000440,Gelegenheitsnutzer,Anlass schaffen: Wetter-/Veranstaltungshinweis,"recency 29 d, 1 Fahrten, 5.50 EUR",2026-08-25,2026-11-23,BASIS
441,K-000441,"Früher aktiv, jetzt inaktiv",Rückgewinnung: was hat gefehlt?,"seit 993 Tagen angemeldet, keine Fahrt im 365-Tage-Fenster",2026-08-25,2026-11-23,BASIS
442,K-000442,Gelegenheitsnutzer,Anlass schaffen: Wetter-/Veranstaltungshinweis,"recency 31 d, 9 Fahrten, 21.35 EUR",2026-08-25,2026-11-23,BASIS
443,K-000443,Umsatzträger,nicht anfassen: sie tragen den Umsatz,"recency 10 d, 12 Fahrten, 34.55 EUR",2026-08-25,2026-11-23,BASIS
445,K-000445,Gelegenheitsnutzer,Anlass schaffen: Wetter-/Veranstaltungshinweis,"recency 20 d, 8 Fahrten, 4.20 EUR",2026-08-25,2026-11-23,STUDENT
446,K-000446,Vielfahrer,"Bindung halten — und je Tarif prüfen, ob das Freiminutenvolumen nötig ist","recency 33 d, 17 Fahrten, 8.00 EUR",2026-08-25,2026-11-23,PREMIUM
447,K-000447,Vielfahrer,"Bindung halten — und je Tarif prüfen, ob das Freiminutenvolumen nötig ist","recency 12 d, 23 Fahrten, 79.60 EUR",2026-08-25,2026-11-23,BASIS
448,K-000448,Gelegenheitsnutzer,Anlass schaffen: Wetter-/Veranstaltungshinweis,"recency 15 d, 5 Fahrten, 2.90 EUR",2026-08-25,2026-11-23,STUDENT
449,K-000449,Vielfahrer,"Bindung halten — und je Tarif prüfen, ob das Freiminutenvolumen nötig ist","recency 13 d, 31 Fahrten, 138.35 EUR",2026-08-25,2026-11-23,OEPNV
450,K-000450,Gelegenheitsnutzer,Anlass schaffen: Wetter-/Veranstaltungshinweis,"recency 23 d, 6 Fahrten, 23.80 EUR",2026-08-25,2026-11-23,BASIS
451,K-000451,Vielfahrer,"Bindung halten — und je Tarif prüfen, ob das Freiminutenvolumen nötig ist","recency 12 d, 18 Fahrten, 49.20 EUR",2026-08-25,2026-11-23,BASIS
452,K-000452,"Neu, noch keine Erstfahrt",Willkommensansprache zur Erstfahrt,"seit 253 Tagen angemeldet, keine Fahrt im 365-Tage-Fenster",2026-08-25,2026-11-23,BASIS
453,K-000453,Vielfahrer,"Bindung halten — und je Tarif prüfen, ob das Freiminutenvolumen nötig ist","recency 13 d, 23 Fahrten, 16.50 EUR",2026-08-25,2026-11-23,OEPNV
455,K-000455,Gelegenheitsnutzer,Anlass schaffen: Wetter-/Veranstaltungshinweis,"recency 12 d, 1 Fahrten, 5.50 EUR",2026-08-25,2026-11-23,BASIS
456,K-000456,Vielfahrer,"Bindung halten — und je Tarif prüfen, ob das Freiminutenvolumen nötig ist","recency 8 d, 14 Fahrten, 7.80 EUR",2026-08-25,2026-11-23,STUDENT
457,K-000457,Vielfahrer,"Bindung halten — und je Tarif prüfen, ob das Freiminutenvolumen nötig ist","recency 1 d, 25 Fahrten, 85.75 EUR",2026-08-25,2026-11-23,OEPNV
458,K-000458,Gelegenheitsnutzer,Anlass schaffen: Wetter-/Veranstaltungshinweis,"recency 13 d, 3 Fahrten, 7.65 EUR",2026-08-25,2026-11-23,BASIS
459,K-000459,Gelegenheitsnutzer,Anlass schaffen: Wetter-/Veranstaltungshinweis,"recency 11 d, 6 Fahrten, 23.85 EUR",2026-08-25,2026-11-23,BASIS
460,K-000460,Vielfahrer,"Bindung halten — und je Tarif prüfen, ob das Freiminutenvolumen nötig ist","recency 0 d, 61 Fahrten, 94.60 EUR",2026-08-25,2026-11-23,PREMIUM
461,K-000461,Gelegenheitsnutzer,Anlass schaffen: Wetter-/Veranstaltungshinweis,"recency 121 d, 3 Fahrten, 14.40 EUR",2026-08-25,2026-11-23,BASIS
462,K-000462,"Früher aktiv, jetzt inaktiv",Rückgewinnung: was hat gefehlt?,"seit 1717 Tagen angemeldet, keine Fahrt im 365-Tage-Fenster",2026-08-25,2026-11-23,STUDENT
464,K-000464,Gelegenheitsnutzer,Anlass schaffen: Wetter-/Veranstaltungshinweis,"recency 65 d, 4 Fahrten, 13.15 EUR",2026-08-25,2026-11-23,BASIS
465,K-000465,Gelegenheitsnutzer,Anlass schaffen: Wetter-/Veranstaltungshinweis,"recency 49 d, 4 Fahrten, 4.60 EUR",2026-08-25,2026-11-23,STUDENT
466,K-000466,"Früher aktiv, jetzt inaktiv",Rückgewinnung: was hat gefehlt?,"seit 945 Tagen angemeldet, keine Fahrt im 365-Tage-Fenster",2026-08-25,2026-11-23,STUDENT
467,K-000467,"Früher aktiv, jetzt inaktiv",Rückgewinnung: was hat gefehlt?,"seit 533 Tagen angemeldet, keine Fahrt im 365-Tage-Fenster",2026-08-25,2026-11-23,PREMIUM
468,K-000468,"Früher aktiv, jetzt inaktiv",Rückgewinnung: was hat gefehlt?,"seit 923 Tagen angemeldet, keine Fahrt im 365-Tage-Fenster",2026-08-25,2026-11-23,BASIS
469,K-000469,Gelegenheitsnutzer,Anlass schaffen: Wetter-/Veranstaltungshinweis,"recency 130 d, 2 Fahrten, 10.90 EUR",2026-08-25,2026-11-23,BASIS
470,K-000470,Vielfahrer,"Bindung halten — und je Tarif prüfen, ob das Freiminutenvolumen nötig ist","recency 2 d, 50 Fahrten, 96.90 EUR",2026-08-25,2026-11-23,OEPNV
471,K-000471,"Neu, noch keine Erstfahrt",Willkommensansprache zur Erstfahrt,"seit 274 Tagen angemeldet, keine Fahrt im 365-Tage-Fenster",2026-08-25,2026-11-23,BASIS
472,K-000472,"Früher aktiv, jetzt inaktiv",Rückgewinnung: was hat gefehlt?,"seit 1083 Tagen angemeldet, keine Fahrt im 365-Tage-Fenster",2026-08-25,2026-11-23,BASIS
473,K-000473,Gelegenheitsnutzer,Anlass schaffen: Wetter-/Veranstaltungshinweis,"recency 27 d, 1 Fahrten, 1.10 EUR",2026-08-25,2026-11-23,BASIS
474,K-000474,"Früher aktiv, jetzt inaktiv",Rückgewinnung: was hat gefehlt?,"seit 1815 Tagen angemeldet, keine Fahrt im 365-Tage-Fenster",2026-08-25,2026-11-23,BASIS
475,K-000475,Gelegenheitsnutzer,Anlass schaffen: Wetter-/Veranstaltungshinweis,"recency 53 d, 1 Fahrten, 14.50 EUR",2026-08-25,2026-11-23,BASIS
476,K-000476,"Früher aktiv, jetzt inaktiv",Rückgewinnung: was hat gefehlt?,"seit 1365 Tagen angemeldet, keine Fahrt im 365-Tage-Fenster",2026-08-25,2026-11-23,STUDENT
478,K-000478,Umsatzträger,nicht anfassen: sie tragen den Umsatz,"recency 8 d, 8 Fahrten, 51.95 EUR",2026-08-25,2026-11-23,BASIS
479,K-000479,"Früher aktiv, jetzt inaktiv",Rückgewinnung: was hat gefehlt?,"seit 1692 Tagen angemeldet, keine Fahrt im 365-Tage-Fenster",2026-08-25,2026-11-23,OEPNV
480,K-000480,"Früher aktiv, jetzt inaktiv",Rückgewinnung: was hat gefehlt?,"seit 396 Tagen angemeldet, keine Fahrt im 365-Tage-Fenster",2026-08-25,2026-11-23,BASIS
481,K-000481,"Früher aktiv, jetzt inaktiv",Rückgewinnung: was hat gefehlt?,"seit 1265 Tagen angemeldet, keine Fahrt im 365-Tage-Fenster",2026-08-25,2026-11-23,BASIS
482,K-000482,Eingeschlafen,Rückgewinnung: einmalig Freiminuten,"recency 350 d, 1 Fahrten, 0.10 EUR",2026-08-25,2026-11-23,STUDENT
483,K-000483,"Früher aktiv, jetzt inaktiv",Rückgewinnung: was hat gefehlt?,"seit 1043 Tagen angemeldet, keine Fahrt im 365-Tage-Fenster",2026-08-25,2026-11-23,BASIS
484,K-000484,Gelegenheitsnutzer,Anlass schaffen: Wetter-/Veranstaltungshinweis,"recency 51 d, 2 Fahrten, 3.20 EUR",2026-08-25,2026-11-23,BASIS
485,K-000485,"Früher aktiv, jetzt inaktiv",Rückgewinnung: was hat gefehlt?,"seit 1803 Tagen angemeldet, keine Fahrt im 365-Tage-Fenster",2026-08-25,2026-11-23,BASIS
486,K-000486,"Früher aktiv, jetzt inaktiv",Rückgewinnung: was hat gefehlt?,"seit 678 Tagen angemeldet, keine Fahrt im 365-Tage-Fenster",2026-08-25,2026-11-23,BASIS
487,K-000487,Gelegenheitsnutzer,Anlass schaffen: Wetter-/Veranstaltungshinweis,"recency 13 d, 7 Fahrten, 11.50 EUR",2026-08-25,2026-11-23,BASIS
488,K-000488,"Früher aktiv, jetzt inaktiv",Rückgewinnung: was hat gefehlt?,"seit 1356 Tagen angemeldet, keine Fahrt im 365-Tage-Fenster",2026-08-25,2026-11-23,BASIS
489,K-000489,Gelegenheitsnutzer,Anlass schaffen: Wetter-/Veranstaltungshinweis,"recency 5 d, 10 Fahrten, 16.35 EUR",2026-08-25,2026-11-23,STUDENT
490,K-000490,Vielfahrer,"Bindung halten — und je Tarif prüfen, ob das Freiminutenvolumen nötig ist","recency 19 d, 20 Fahrten, 6.80 EUR",2026-08-25,2026-11-23,PREMIUM
491,K-000491,Vielfahrer,"Bindung halten — und je Tarif prüfen, ob das Freiminutenvolumen nötig ist","recency 5 d, 21 Fahrten, 82.30 EUR",2026-08-25,2026-11-23,OEPNV
493,K-000493,Eingeschlafen,Rückgewinnung: einmalig Freiminuten,"recency 253 d, 1 Fahrten, 2.25 EUR",2026-08-25,2026-11-23,BASIS
494,K-000494,Gelegenheitsnutzer,Anlass schaffen: Wetter-/Veranstaltungshinweis,"recency 88 d, 5 Fahrten, 6.10 EUR",2026-08-25,2026-11-23,OEPNV
496,K-000496,Vielfahrer,"Bindung halten — und je Tarif prüfen, ob das Freiminutenvolumen nötig ist","recency 1 d, 19 Fahrten, 16.40 EUR",2026-08-25,2026-11-23,OEPNV
497,K-000497,Eingeschlafen,Rückgewinnung: einmalig Freiminuten,"recency 351 d, 1 Fahrten, 1.00 EUR",2026-08-25,2026-11-23,OEPNV
498,K-000498,Gelegenheitsnutzer,Anlass schaffen: Wetter-/Veranstaltungshinweis,"recency 1 d, 9 Fahrten, 2.70 EUR",2026-08-25,2026-11-23,OEPNV
499,K-000499,"Früher aktiv, jetzt inaktiv",Rückgewinnung: was hat gefehlt?,"seit 971 Tagen angemeldet, keine Fahrt im 365-Tage-Fenster",2026-08-25,2026-11-23,BASIS
500,K-000500,Gelegenheitsnutzer,Anlass schaffen: Wetter-/Veranstaltungshinweis,"recency 127 d, 2 Fahrten, 5.40 EUR",2026-08-25,2026-11-23,BASIS
501,K-000501,Gelegenheitsnutzer,Anlass schaffen: Wetter-/Veranstaltungshinweis,"recency 64 d, 5 Fahrten, 15.40 EUR",2026-08-25,2026-11-23,BASIS
502,K-000502,"Früher aktiv, jetzt inaktiv",Rückgewinnung: was hat gefehlt?,"seit 1817 Tagen angemeldet, keine Fahrt im 365-Tage-Fenster",2026-08-25,2026-11-23,BASIS
503,K-000503,Gelegenheitsnutzer,Anlass schaffen: Wetter-/Veranstaltungshinweis,"recency 50 d, 4 Fahrten, 1.84 EUR",2026-08-25,2026-11-23,PREMIUM
504,K-000504,Gelegenheitsnutzer,Anlass schaffen: Wetter-/Veranstaltungshinweis,"recency 44 d, 1 Fahrten, 7.75 EUR",2026-08-25,2026-11-23,BASIS
505,K-000505,Gelegenheitsnutzer,Anlass schaffen: Wetter-/Veranstaltungshinweis,"recency 127 d, 3 Fahrten, 16.25 EUR",2026-08-25,2026-11-23,BASIS
506,K-000506,Gelegenheitsnutzer,Anlass schaffen: Wetter-/Veranstaltungshinweis,"recency 83 d, 5 Fahrten, 13.45 EUR",2026-08-25,2026-11-23,STUDENT
507,K-000507,Vielfahrer,"Bindung halten — und je Tarif prüfen, ob das Freiminutenvolumen nötig ist","recency 7 d, 21 Fahrten, 10.48 EUR",2026-08-25,2026-11-23,PREMIUM
508,K-000508,Vielfahrer,"Bindung halten — und je Tarif prüfen, ob das Freiminutenvolumen nötig ist","recency 12 d, 15 Fahrten, 41.05 EUR",2026-08-25,2026-11-23,BASIS
509,K-000509,Vielfahrer,"Bindung halten — und je Tarif prüfen, ob das Freiminutenvolumen nötig ist","recency 27 d, 18 Fahrten, 9.04 EUR",2026-08-25,2026-11-23,PREMIUM
511,K-000511,Gelegenheitsnutzer,Anlass schaffen: Wetter-/Veranstaltungshinweis,"recency 30 d, 1 Fahrten, 5.70 EUR",2026-08-25,2026-11-23,BASIS
512,K-000512,Umsatzträger,nicht anfassen: sie tragen den Umsatz,"recency 34 d, 8 Fahrten, 39.80 EUR",2026-08-25,2026-11-23,BASIS
513,K-000513,"Früher aktiv, jetzt inaktiv",Rückgewinnung: was hat gefehlt?,"seit 1473 Tagen angemeldet, keine Fahrt im 365-Tage-Fenster",2026-08-25,2026-11-23,BASIS
514,K-000514,"Früher aktiv, jetzt inaktiv",Rückgewinnung: was hat gefehlt?,"seit 1469 Tagen angemeldet, keine Fahrt im 365-Tage-Fenster",2026-08-25,2026-11-23,BASIS
515,K-000515,Gelegenheitsnutzer,Anlass schaffen: Wetter-/Veranstaltungshinweis,"recency 14 d, 9 Fahrten, 7.00 EUR",2026-08-25,2026-11-23,OEPNV
516,K-000516,Vielfahrer,"Bindung halten — und je Tarif prüfen, ob das Freiminutenvolumen nötig ist","recency 4 d, 49 Fahrten, 74.80 EUR",2026-08-25,2026-11-23,PREMIUM
517,K-000517,Gelegenheitsnutzer,Anlass schaffen: Wetter-/Veranstaltungshinweis,"recency 51 d, 7 Fahrten, 13.95 EUR",2026-08-25,2026-11-23,BASIS
519,K-000519,Gelegenheitsnutzer,Anlass schaffen: Wetter-/Veranstaltungshinweis,"recency 62 d, 10 Fahrten, 19.95 EUR",2026-08-25,2026-11-23,STUDENT
520,K-000520,"Neu, noch keine Erstfahrt",Willkommensansprache zur Erstfahrt,"seit 101 Tagen angemeldet, keine Fahrt im 365-Tage-Fenster",2026-08-25,2026-11-23,BASIS
521,K-000521,"Früher aktiv, jetzt inaktiv",Rückgewinnung: was hat gefehlt?,"seit 1347 Tagen angemeldet, keine Fahrt im 365-Tage-Fenster",2026-08-25,2026-11-23,OEPNV
522,K-000522,Gelegenheitsnutzer,Anlass schaffen: Wetter-/Veranstaltungshinweis,"recency 129 d, 2 Fahrten, 1.10 EUR",2026-08-25,2026-11-23,STUDENT
523,K-000523,"Früher aktiv, jetzt inaktiv",Rückgewinnung: was hat gefehlt?,"seit 444 Tagen angemeldet, keine Fahrt im 365-Tage-Fenster",2026-08-25,2026-11-23,BASIS
524,K-000524,Gelegenheitsnutzer,Anlass schaffen: Wetter-/Veranstaltungshinweis,"recency 31 d, 1 Fahrten, 3.25 EUR",2026-08-25,2026-11-23,BASIS
525,K-000525,Gelegenheitsnutzer,Anlass schaffen: Wetter-/Veranstaltungshinweis,"recency 41 d, 12 Fahrten, 9.12 EUR",2026-08-25,2026-11-23,PREMIUM
526,K-000526,Eingeschlafen,Rückgewinnung: einmalig Freiminuten,"recency 308 d, 8 Fahrten, 22.25 EUR",2026-08-25,2026-11-23,STUDENT
527,K-000527,"Neu, noch keine Erstfahrt",Willkommensansprache zur Erstfahrt,"seit 332 Tagen angemeldet, keine Fahrt im 365-Tage-Fenster",2026-08-25,2026-11-23,BASIS
528,K-000528,Eingeschlafen,Rückgewinnung: einmalig Freiminuten,"recency 257 d, 1 Fahrten, 1.30 EUR",2026-08-25,2026-11-23,BASIS
529,K-000529,Gelegenheitsnutzer,Anlass schaffen: Wetter-/Veranstaltungshinweis,"recency 47 d, 10 Fahrten, 11.10 EUR",2026-08-25,2026-11-23,STUDENT
530,K-000530,"Früher aktiv, jetzt inaktiv",Rückgewinnung: was hat gefehlt?,"seit 704 Tagen angemeldet, keine Fahrt im 365-Tage-Fenster",2026-08-25,2026-11-23,OEPNV
531,K-000531,Umsatzträger,nicht anfassen: sie tragen den Umsatz,"recency 33 d, 3 Fahrten, 62.30 EUR",2026-08-25,2026-11-23,BASIS
532,K-000532,Vielfahrer,"Bindung halten — und je Tarif prüfen, ob das Freiminutenvolumen nötig ist","recency 12 d, 25 Fahrten, 18.48 EUR",2026-08-25,2026-11-23,PREMIUM
533,K-000533,Umsatzträger,nicht anfassen: sie tragen den Umsatz,"recency 50 d, 6 Fahrten, 43.10 EUR",2026-08-25,2026-11-23,BASIS
534,K-000534,Gelegenheitsnutzer,Anlass schaffen: Wetter-/Veranstaltungshinweis,"recency 53 d, 2 Fahrten, 7.25 EUR",2026-08-25,2026-11-23,BASIS
535,K-000535,Gelegenheitsnutzer,Anlass schaffen: Wetter-/Veranstaltungshinweis,"recency 7 d, 7 Fahrten, 4.24 EUR",2026-08-25,2026-11-23,PREMIUM
536,K-000536,Gelegenheitsnutzer,Anlass schaffen: Wetter-/Veranstaltungshinweis,"recency 29 d, 3 Fahrten, 16.40 EUR",2026-08-25,2026-11-23,BASIS
537,K-000537,Gelegenheitsnutzer,Anlass schaffen: Wetter-/Veranstaltungshinweis,"recency 10 d, 9 Fahrten, 4.32 EUR",2026-08-25,2026-11-23,PREMIUM
538,K-000538,"Früher aktiv, jetzt inaktiv",Rückgewinnung: was hat gefehlt?,"seit 1733 Tagen angemeldet, keine Fahrt im 365-Tage-Fenster",2026-08-25,2026-11-23,BASIS
539,K-000539,Vielfahrer,"Bindung halten — und je Tarif prüfen, ob das Freiminutenvolumen nötig ist","recency 10 d, 21 Fahrten, 15.70 EUR",2026-08-25,2026-11-23,OEPNV
540,K-000540,"Früher aktiv, jetzt inaktiv",Rückgewinnung: was hat gefehlt?,"seit 1280 Tagen angemeldet, keine Fahrt im 365-Tage-Fenster",2026-08-25,2026-11-23,BASIS
541,K-000541,"Früher aktiv, jetzt inaktiv",Rückgewinnung: was hat gefehlt?,"seit 1446 Tagen angemeldet, keine Fahrt im 365-Tage-Fenster",2026-08-25,2026-11-23,PREMIUM
542,K-000542,Gelegenheitsnutzer,Anlass schaffen: Wetter-/Veranstaltungshinweis,"recency 17 d, 6 Fahrten, 13.10 EUR",2026-08-25,2026-11-23,STUDENT
543,K-000543,Gelegenheitsnutzer,Anlass schaffen: Wetter-/Veranstaltungshinweis,"recency 51 d, 2 Fahrten, 6.75 EUR",2026-08-25,2026-11-23,BASIS
544,K-000544,Gelegenheitsnutzer,Anlass schaffen: Wetter-/Veranstaltungshinweis,"recency 72 d, 2 Fahrten, 7.30 EUR",2026-08-25,2026-11-23,BASIS
545,K-000545,"Neu, noch keine Erstfahrt",Willkommensansprache zur Erstfahrt,"seit 131 Tagen angemeldet, keine Fahrt im 365-Tage-Fenster",2026-08-25,2026-11-23,BASIS
546,K-000546,Vielfahrer,"Bindung halten — und je Tarif prüfen, ob das Freiminutenvolumen nötig ist","recency 4 d, 18 Fahrten, 9.00 EUR",2026-08-25,2026-11-23,OEPNV
547,K-000547,Gelegenheitsnutzer,Anlass schaffen: Wetter-/Veranstaltungshinweis,"recency 1 d, 6 Fahrten, 19.60 EUR",2026-08-25,2026-11-23,BASIS
548,K-000548,Gelegenheitsnutzer,Anlass schaffen: Wetter-/Veranstaltungshinweis,"recency 51 d, 5 Fahrten, 2.64 EUR",2026-08-25,2026-11-23,PREMIUM
549,K-000549,Gelegenheitsnutzer,Anlass schaffen: Wetter-/Veranstaltungshinweis,"recency 18 d, 7 Fahrten, 4.80 EUR",2026-08-25,2026-11-23,STUDENT
550,K-000550,Eingeschlafen,Rückgewinnung: einmalig Freiminuten,"recency 248 d, 5 Fahrten, 22.10 EUR",2026-08-25,2026-11-23,BASIS
551,K-000551,Gelegenheitsnutzer,Anlass schaffen: Wetter-/Veranstaltungshinweis,"recency 20 d, 1 Fahrten, 6.25 EUR",2026-08-25,2026-11-23,BASIS
552,K-000552,Vielfahrer,"Bindung halten — und je Tarif prüfen, ob das Freiminutenvolumen nötig ist","recency 11 d, 14 Fahrten, 44.05 EUR",2026-08-25,2026-11-23,BASIS
553,K-000553,Vielfahrer,"Bindung halten — und je Tarif prüfen, ob das Freiminutenvolumen nötig ist","recency 11 d, 18 Fahrten, 14.60 EUR",2026-08-25,2026-11-23,OEPNV
554,K-000554,Gelegenheitsnutzer,Anlass schaffen: Wetter-/Veranstaltungshinweis,"recency 91 d, 3 Fahrten, 18.95 EUR",2026-08-25,2026-11-23,BASIS
555,K-000555,Eingeschlafen,Rückgewinnung: einmalig Freiminuten,"recency 288 d, 1 Fahrten, 1.50 EUR",2026-08-25,2026-11-23,BASIS
556,K-000556,Umsatzträger,nicht anfassen: sie tragen den Umsatz,"recency 40 d, 3 Fahrten, 36.75 EUR",2026-08-25,2026-11-23,BASIS
557,K-000557,Vielfahrer,"Bindung halten — und je Tarif prüfen, ob das Freiminutenvolumen nötig ist","recency 0 d, 24 Fahrten, 24.70 EUR",2026-08-25,2026-11-23,OEPNV
558,K-000558,Gelegenheitsnutzer,Anlass schaffen: Wetter-/Veranstaltungshinweis,"recency 0 d, 2 Fahrten, 8.70 EUR",2026-08-25,2026-11-23,BASIS
559,K-000559,"Früher aktiv, jetzt inaktiv",Rückgewinnung: was hat gefehlt?,"seit 1055 Tagen angemeldet, keine Fahrt im 365-Tage-Fenster",2026-08-25,2026-11-23,BASIS
560,K-000560,"Früher aktiv, jetzt inaktiv",Rückgewinnung: was hat gefehlt?,"seit 1800 Tagen angemeldet, keine Fahrt im 365-Tage-Fenster",2026-08-25,2026-11-23,BASIS
561,K-000561,Gelegenheitsnutzer,Anlass schaffen: Wetter-/Veranstaltungshinweis,"recency 53 d, 8 Fahrten, 7.55 EUR",2026-08-25,2026-11-23,STUDENT
562,K-000562,"Früher aktiv, jetzt inaktiv",Rückgewinnung: was hat gefehlt?,"seit 515 Tagen angemeldet, keine Fahrt im 365-Tage-Fenster",2026-08-25,2026-11-23,PREMIUM
563,K-000563,Gelegenheitsnutzer,Anlass schaffen: Wetter-/Veranstaltungshinweis,"recency 90 d, 9 Fahrten, 11.05 EUR",2026-08-25,2026-11-23,STUDENT
564,K-000564,Gelegenheitsnutzer,Anlass schaffen: Wetter-/Veranstaltungshinweis,"recency 98 d, 10 Fahrten, 5.28 EUR",2026-08-25,2026-11-23,PREMIUM
565,K-000565,Gelegenheitsnutzer,Anlass schaffen: Wetter-/Veranstaltungshinweis,"recency 57 d, 1 Fahrten, 4.50 EUR",2026-08-25,2026-11-23,BASIS
566,K-000566,Vielfahrer,"Bindung halten — und je Tarif prüfen, ob das Freiminutenvolumen nötig ist","recency 13 d, 28 Fahrten, 79.50 EUR",2026-08-25,2026-11-23,BASIS
567,K-000567,Vielfahrer,"Bindung halten — und je Tarif prüfen, ob das Freiminutenvolumen nötig ist","recency 13 d, 45 Fahrten, 148.05 EUR",2026-08-25,2026-11-23,OEPNV
569,K-000569,Gelegenheitsnutzer,Anlass schaffen: Wetter-/Veranstaltungshinweis,"recency 14 d, 12 Fahrten, 25.35 EUR",2026-08-25,2026-11-23,STUDENT
570,K-000570,"Früher aktiv, jetzt inaktiv",Rückgewinnung: was hat gefehlt?,"seit 812 Tagen angemeldet, keine Fahrt im 365-Tage-Fenster",2026-08-25,2026-11-23,BASIS
571,K-000571,Gelegenheitsnutzer,Anlass schaffen: Wetter-/Veranstaltungshinweis,"recency 1 d, 4 Fahrten, 11.15 EUR",2026-08-25,2026-11-23,BASIS
572,K-000572,Gelegenheitsnutzer,Anlass schaffen: Wetter-/Veranstaltungshinweis,"recency 35 d, 2 Fahrten, 10.00 EUR",2026-08-25,2026-11-23,BASIS
573,K-000573,"Früher aktiv, jetzt inaktiv",Rückgewinnung: was hat gefehlt?,"seit 438 Tagen angemeldet, keine Fahrt im 365-Tage-Fenster",2026-08-25,2026-11-23,BASIS
574,K-000574,Eingeschlafen,Rückgewinnung: einmalig Freiminuten,"recency 340 d, 1 Fahrten, 7.00 EUR",2026-08-25,2026-11-23,BASIS
575,K-000575,Gelegenheitsnutzer,Anlass schaffen: Wetter-/Veranstaltungshinweis,"recency 43 d, 4 Fahrten, 10.50 EUR",2026-08-25,2026-11-23,BASIS
576,K-000576,"Neu, noch keine Erstfahrt",Willkommensansprache zur Erstfahrt,"seit 108 Tagen angemeldet, keine Fahrt im 365-Tage-Fenster",2026-08-25,2026-11-23,BASIS
577,K-000577,Umsatzträger,nicht anfassen: sie tragen den Umsatz,"recency 77 d, 9 Fahrten, 46.65 EUR",2026-08-25,2026-11-23,BASIS
578,K-000578,Gelegenheitsnutzer,Anlass schaffen: Wetter-/Veranstaltungshinweis,"recency 43 d, 3 Fahrten, 6.65 EUR",2026-08-25,2026-11-23,BASIS
579,K-000579,Vielfahrer,"Bindung halten — und je Tarif prüfen, ob das Freiminutenvolumen nötig ist","recency 15 d, 26 Fahrten, 53.90 EUR",2026-08-25,2026-11-23,STUDENT
580,K-000580,"Früher aktiv, jetzt inaktiv",Rückgewinnung: was hat gefehlt?,"seit 1422 Tagen angemeldet, keine Fahrt im 365-Tage-Fenster",2026-08-25,2026-11-23,STUDENT
581,K-000581,Gelegenheitsnutzer,Anlass schaffen: Wetter-/Veranstaltungshinweis,"recency 1 d, 6 Fahrten, 25.15 EUR",2026-08-25,2026-11-23,BASIS
582,K-000582,Umsatzträger,nicht anfassen: sie tragen den Umsatz,"recency 42 d, 12 Fahrten, 70.55 EUR",2026-08-25,2026-11-23,STUDENT
583,K-000583,Vielfahrer,"Bindung halten — und je Tarif prüfen, ob das Freiminutenvolumen nötig ist","recency 4 d, 22 Fahrten, 46.10 EUR",2026-08-25,2026-11-23,OEPNV
584,K-000584,Gelegenheitsnutzer,Anlass schaffen: Wetter-/Veranstaltungshinweis,"recency 108 d, 1 Fahrten, 2.60 EUR",2026-08-25,2026-11-23,BASIS
586,K-000586,Vielfahrer,"Bindung halten — und je Tarif prüfen, ob das Freiminutenvolumen nötig ist","recency 21 d, 15 Fahrten, 58.85 EUR",2026-08-25,2026-11-23,BASIS
587,K-000587,"Früher aktiv, jetzt inaktiv",Rückgewinnung: was hat gefehlt?,"seit 1823 Tagen angemeldet, keine Fahrt im 365-Tage-Fenster",2026-08-25,2026-11-23,BASIS
588,K-000588,Gelegenheitsnutzer,Anlass schaffen: Wetter-/Veranstaltungshinweis,"recency 18 d, 4 Fahrten, 0.32 EUR",2026-08-25,2026-11-23,PREMIUM
589,K-000589,Gelegenheitsnutzer,Anlass schaffen: Wetter-/Veranstaltungshinweis,"recency 9 d, 2 Fahrten, 1.60 EUR",2026-08-25,2026-11-23,BASIS
590,K-000590,Umsatzträger,nicht anfassen: sie tragen den Umsatz,"recency 16 d, 7 Fahrten, 34.56 EUR",2026-08-25,2026-11-23,PREMIUM
591,K-000591,"Früher aktiv, jetzt inaktiv",Rückgewinnung: was hat gefehlt?,"seit 1754 Tagen angemeldet, keine Fahrt im 365-Tage-Fenster",2026-08-25,2026-11-23,BASIS
592,K-000592,Gelegenheitsnutzer,Anlass schaffen: Wetter-/Veranstaltungshinweis,"recency 93 d, 2 Fahrten, 0.88 EUR",2026-08-25,2026-11-23,PREMIUM
593,K-000593,"Früher aktiv, jetzt inaktiv",Rückgewinnung: was hat gefehlt?,"seit 957 Tagen angemeldet, keine Fahrt im 365-Tage-Fenster",2026-08-25,2026-11-23,STUDENT
595,K-000595,Eingeschlafen,Rückgewinnung: einmalig Freiminuten,"recency 155 d, 2 Fahrten, 6.40 EUR",2026-08-25,2026-11-23,BASIS
596,K-000596,"Neu, noch keine Erstfahrt",Willkommensansprache zur Erstfahrt,"seit 157 Tagen angemeldet, keine Fahrt im 365-Tage-Fenster",2026-08-25,2026-11-23,BASIS
597,K-000597,Gelegenheitsnutzer,Anlass schaffen: Wetter-/Veranstaltungshinweis,"recency 56 d, 3 Fahrten, 2.10 EUR",2026-08-25,2026-11-23,OEPNV
598,K-000598,Vielfahrer,"Bindung halten — und je Tarif prüfen, ob das Freiminutenvolumen nötig ist","recency 1 d, 27 Fahrten, 14.48 EUR",2026-08-25,2026-11-23,PREMIUM
599,K-000599,Eingeschlafen,Rückgewinnung: einmalig Freiminuten,"recency 358 d, 1 Fahrten, 0.60 EUR",2026-08-25,2026-11-23,BASIS
600,K-000600,Vielfahrer,"Bindung halten — und je Tarif prüfen, ob das Freiminutenvolumen nötig ist","recency 7 d, 18 Fahrten, 11.12 EUR",2026-08-25,2026-11-23,PREMIUM
601,K-000601,Gelegenheitsnutzer,Anlass schaffen: Wetter-/Veranstaltungshinweis,"recency 28 d, 1 Fahrten, 11.50 EUR",2026-08-25,2026-11-23,BASIS
602,K-000602,"Früher aktiv, jetzt inaktiv",Rückgewinnung: was hat gefehlt?,"seit 1075 Tagen angemeldet, keine Fahrt im 365-Tage-Fenster",2026-08-25,2026-11-23,PREMIUM
603,K-000603,Umsatzträger,nicht anfassen: sie tragen den Umsatz,"recency 55 d, 6 Fahrten, 72.90 EUR",2026-08-25,2026-11-23,BASIS
604,K-000604,Gelegenheitsnutzer,Anlass schaffen: Wetter-/Veranstaltungshinweis,"recency 47 d, 6 Fahrten, 15.45 EUR",2026-08-25,2026-11-23,STUDENT
605,K-000605,"Früher aktiv, jetzt inaktiv",Rückgewinnung: was hat gefehlt?,"seit 1413 Tagen angemeldet, keine Fahrt im 365-Tage-Fenster",2026-08-25,2026-11-23,BASIS
606,K-000606,"Früher aktiv, jetzt inaktiv",Rückgewinnung: was hat gefehlt?,"seit 1814 Tagen angemeldet, keine Fahrt im 365-Tage-Fenster",2026-08-25,2026-11-23,BASIS
607,K-000607,Umsatzträger,nicht anfassen: sie tragen den Umsatz,"recency 28 d, 8 Fahrten, 98.00 EUR",2026-08-25,2026-11-23,BASIS
608,K-000608,Gelegenheitsnutzer,Anlass schaffen: Wetter-/Veranstaltungshinweis,"recency 23 d, 2 Fahrten, 6.20 EUR",2026-08-25,2026-11-23,BASIS
609,K-000609,"Früher aktiv, jetzt inaktiv",Rückgewinnung: was hat gefehlt?,"seit 1821 Tagen angemeldet, keine Fahrt im 365-Tage-Fenster",2026-08-25,2026-11-23,STUDENT
610,K-000610,"Früher aktiv, jetzt inaktiv",Rückgewinnung: was hat gefehlt?,"seit 1767 Tagen angemeldet, keine Fahrt im 365-Tage-Fenster",2026-08-25,2026-11-23,BASIS
611,K-000611,Gelegenheitsnutzer,Anlass schaffen: Wetter-/Veranstaltungshinweis,"recency 11 d, 10 Fahrten, 9.30 EUR",2026-08-25,2026-11-23,OEPNV
612,K-000612,Gelegenheitsnutzer,Anlass schaffen: Wetter-/Veranstaltungshinweis,"recency 24 d, 1 Fahrten, 5.50 EUR",2026-08-25,2026-11-23,BASIS
613,K-000613,"Früher aktiv, jetzt inaktiv",Rückgewinnung: was hat gefehlt?,"seit 957 Tagen angemeldet, keine Fahrt im 365-Tage-Fenster",2026-08-25,2026-11-23,PREMIUM
614,K-000614,Vielfahrer,"Bindung halten — und je Tarif prüfen, ob das Freiminutenvolumen nötig ist","recency 26 d, 25 Fahrten, 23.75 EUR",2026-08-25,2026-11-23,OEPNV
615,K-000615,Eingeschlafen,Rückgewinnung: einmalig Freiminuten,"recency 321 d, 1 Fahrten, 0.10 EUR",2026-08-25,2026-11-23,OEPNV
616,K-000616,Gelegenheitsnutzer,Anlass schaffen: Wetter-/Veranstaltungshinweis,"recency 2 d, 3 Fahrten, 22.65 EUR",2026-08-25,2026-11-23,BASIS
617,K-000617,"Früher aktiv, jetzt inaktiv",Rückgewinnung: was hat gefehlt?,"seit 449 Tagen angemeldet, keine Fahrt im 365-Tage-Fenster",2026-08-25,2026-11-23,BASIS
618,K-000618,"Früher aktiv, jetzt inaktiv",Rückgewinnung: was hat gefehlt?,"seit 1202 Tagen angemeldet, keine Fahrt im 365-Tage-Fenster",2026-08-25,2026-11-23,PREMIUM
619,K-000619,Eingeschlafen,Rückgewinnung: einmalig Freiminuten,"recency 158 d, 1 Fahrten, 3.70 EUR",2026-08-25,2026-11-23,BASIS
620,K-000620,Gelegenheitsnutzer,Anlass schaffen: Wetter-/Veranstaltungshinweis,"recency 79 d, 2 Fahrten, 2.00 EUR",2026-08-25,2026-11-23,STUDENT
621,K-000621,Vielfahrer,"Bindung halten — und je Tarif prüfen, ob das Freiminutenvolumen nötig ist","recency 14 d, 16 Fahrten, 6.40 EUR",2026-08-25,2026-11-23,PREMIUM
622,K-000622,Eingeschlafen,Rückgewinnung: einmalig Freiminuten,"recency 359 d, 1 Fahrten, 0.10 EUR",2026-08-25,2026-11-23,OEPNV
623,K-000623,Gelegenheitsnutzer,Anlass schaffen: Wetter-/Veranstaltungshinweis,"recency 4 d, 4 Fahrten, 3.10 EUR",2026-08-25,2026-11-23,STUDENT
624,K-000624,Umsatzträger,nicht anfassen: sie tragen den Umsatz,"recency 9 d, 9 Fahrten, 49.70 EUR",2026-08-25,2026-11-23,BASIS
625,K-000625,Eingeschlafen,Rückgewinnung: einmalig Freiminuten,"recency 361 d, 1 Fahrten, 0.80 EUR",2026-08-25,2026-11-23,PREMIUM
627,K-000627,"Früher aktiv, jetzt inaktiv",Rückgewinnung: was hat gefehlt?,"seit 1730 Tagen angemeldet, keine Fahrt im 365-Tage-Fenster",2026-08-25,2026-11-23,BASIS
628,K-000628,Vielfahrer,"Bindung halten — und je Tarif prüfen, ob das Freiminutenvolumen nötig ist","recency 20 d, 24 Fahrten, 66.20 EUR",2026-08-25,2026-11-23,STUDENT
629,K-000629,Vielfahrer,"Bindung halten — und je Tarif prüfen, ob das Freiminutenvolumen nötig ist","recency 1 d, 21 Fahrten, 38.35 EUR",2026-08-25,2026-11-23,OEPNV
630,K-000630,Gelegenheitsnutzer,Anlass schaffen: Wetter-/Veranstaltungshinweis,"recency 34 d, 3 Fahrten, 1.68 EUR",2026-08-25,2026-11-23,PREMIUM
631,K-000631,Gelegenheitsnutzer,Anlass schaffen: Wetter-/Veranstaltungshinweis,"recency 55 d, 2 Fahrten, 3.00 EUR",2026-08-25,2026-11-23,BASIS
632,K-000632,Vielfahrer,"Bindung halten — und je Tarif prüfen, ob das Freiminutenvolumen nötig ist","recency 13 d, 19 Fahrten, 29.50 EUR",2026-08-25,2026-11-23,OEPNV
633,K-000633,Umsatzträger,nicht anfassen: sie tragen den Umsatz,"recency 1 d, 7 Fahrten, 58.55 EUR",2026-08-25,2026-11-23,BASIS
634,K-000634,Umsatzträger,nicht anfassen: sie tragen den Umsatz,"recency 6 d, 12 Fahrten, 44.45 EUR",2026-08-25,2026-11-23,BASIS
635,K-000635,Gelegenheitsnutzer,Anlass schaffen: Wetter-/Veranstaltungshinweis,"recency 79 d, 1 Fahrten, 0.10 EUR",2026-08-25,2026-11-23,STUDENT
636,K-000636,"Neu, noch keine Erstfahrt",Willkommensansprache zur Erstfahrt,"seit 186 Tagen angemeldet, keine Fahrt im 365-Tage-Fenster",2026-08-25,2026-11-23,BASIS
637,K-000637,Gelegenheitsnutzer,Anlass schaffen: Wetter-/Veranstaltungshinweis,"recency 9 d, 5 Fahrten, 5.45 EUR",2026-08-25,2026-11-23,STUDENT
638,K-000638,"Früher aktiv, jetzt inaktiv",Rückgewinnung: was hat gefehlt?,"seit 997 Tagen angemeldet, keine Fahrt im 365-Tage-Fenster",2026-08-25,2026-11-23,BASIS
639,K-000639,Gelegenheitsnutzer,Anlass schaffen: Wetter-/Veranstaltungshinweis,"recency 15 d, 9 Fahrten, 0.72 EUR",2026-08-25,2026-11-23,PREMIUM
640,K-000640,Gelegenheitsnutzer,Anlass schaffen: Wetter-/Veranstaltungshinweis,"recency 1 d, 5 Fahrten, 3.20 EUR",2026-08-25,2026-11-23,OEPNV
641,K-000641,Gelegenheitsnutzer,Anlass schaffen: Wetter-/Veranstaltungshinweis,"recency 1 d, 7 Fahrten, 5.70 EUR",2026-08-25,2026-11-23,STUDENT
642,K-000642,Gelegenheitsnutzer,Anlass schaffen: Wetter-/Veranstaltungshinweis,"recency 24 d, 6 Fahrten, 15.40 EUR",2026-08-25,2026-11-23,BASIS
643,K-000643,Gelegenheitsnutzer,Anlass schaffen: Wetter-/Veranstaltungshinweis,"recency 63 d, 3 Fahrten, 26.00 EUR",2026-08-25,2026-11-23,BASIS
644,K-000644,Eingeschlafen,Rückgewinnung: einmalig Freiminuten,"recency 343 d, 1 Fahrten, 1.00 EUR",2026-08-25,2026-11-23,BASIS
645,K-000645,Gelegenheitsnutzer,Anlass schaffen: Wetter-/Veranstaltungshinweis,"recency 67 d, 1 Fahrten, 2.25 EUR",2026-08-25,2026-11-23,BASIS
647,K-000647,Eingeschlafen,Rückgewinnung: einmalig Freiminuten,"recency 282 d, 3 Fahrten, 5.00 EUR",2026-08-25,2026-11-23,STUDENT
648,K-000648,Umsatzträger,nicht anfassen: sie tragen den Umsatz,"recency 2 d, 11 Fahrten, 79.95 EUR",2026-08-25,2026-11-23,BASIS
650,K-000650,"Neu, noch keine Erstfahrt",Willkommensansprache zur Erstfahrt,"seit 270 Tagen angemeldet, keine Fahrt im 365-Tage-Fenster",2026-08-25,2026-11-23,BASIS
651,K-000651,Gelegenheitsnutzer,Anlass schaffen: Wetter-/Veranstaltungshinweis,"recency 8 d, 6 Fahrten, 4.16 EUR",2026-08-25,2026-11-23,PREMIUM
652,K-000652,Gelegenheitsnutzer,Anlass schaffen: Wetter-/Veranstaltungshinweis,"recency 51 d, 5 Fahrten, 0.40 EUR",2026-08-25,2026-11-23,PREMIUM
653,K-000653,Gelegenheitsnutzer,Anlass schaffen: Wetter-/Veranstaltungshinweis,"recency 6 d, 6 Fahrten, 11.00 EUR",2026-08-25,2026-11-23,BASIS
654,K-000654,Eingeschlafen,Rückgewinnung: einmalig Freiminuten,"recency 259 d, 3 Fahrten, 15.75 EUR",2026-08-25,2026-11-23,BASIS
655,K-000655,Vielfahrer,"Bindung halten — und je Tarif prüfen, ob das Freiminutenvolumen nötig ist","recency 10 d, 17 Fahrten, 5.04 EUR",2026-08-25,2026-11-23,PREMIUM
656,K-000656,"Früher aktiv, jetzt inaktiv",Rückgewinnung: was hat gefehlt?,"seit 1324 Tagen angemeldet, keine Fahrt im 365-Tage-Fenster",2026-08-25,2026-11-23,BASIS
657,K-000657,Vielfahrer,"Bindung halten — und je Tarif prüfen, ob das Freiminutenvolumen nötig ist","recency 10 d, 18 Fahrten, 9.52 EUR",2026-08-25,2026-11-23,PREMIUM
658,K-000658,Vielfahrer,"Bindung halten — und je Tarif prüfen, ob das Freiminutenvolumen nötig ist","recency 15 d, 16 Fahrten, 108.10 EUR",2026-08-25,2026-11-23,BASIS
659,K-000659,Gelegenheitsnutzer,Anlass schaffen: Wetter-/Veranstaltungshinweis,"recency 100 d, 2 Fahrten, 4.25 EUR",2026-08-25,2026-11-23,BASIS
660,K-000660,"Neu, noch keine Erstfahrt",Willkommensansprache zur Erstfahrt,"seit 125 Tagen angemeldet, keine Fahrt im 365-Tage-Fenster",2026-08-25,2026-11-23,STUDENT
661,K-000661,Gelegenheitsnutzer,Anlass schaffen: Wetter-/Veranstaltungshinweis,"recency 42 d, 5 Fahrten, 3.70 EUR",2026-08-25,2026-11-23,STUDENT
662,K-000662,Gelegenheitsnutzer,Anlass schaffen: Wetter-/Veranstaltungshinweis,"recency 134 d, 1 Fahrten, 1.60 EUR",2026-08-25,2026-11-23,BASIS
663,K-000663,"Früher aktiv, jetzt inaktiv",Rückgewinnung: was hat gefehlt?,"seit 668 Tagen angemeldet, keine Fahrt im 365-Tage-Fenster",2026-08-25,2026-11-23,BASIS
664,K-000664,Gelegenheitsnutzer,Anlass schaffen: Wetter-/Veranstaltungshinweis,"recency 7 d, 10 Fahrten, 8.70 EUR",2026-08-25,2026-11-23,STUDENT
665,K-000665,Vielfahrer,"Bindung halten — und je Tarif prüfen, ob das Freiminutenvolumen nötig ist","recency 0 d, 26 Fahrten, 12.32 EUR",2026-08-25,2026-11-23,PREMIUM
666,K-000666,Umsatzträger,nicht anfassen: sie tragen den Umsatz,"recency 19 d, 7 Fahrten, 34.10 EUR",2026-08-25,2026-11-23,BASIS
667,K-000667,Vielfahrer,"Bindung halten — und je Tarif prüfen, ob das Freiminutenvolumen nötig ist","recency 17 d, 13 Fahrten, 39.45 EUR",2026-08-25,2026-11-23,BASIS
668,K-000668,Vielfahrer,"Bindung halten — und je Tarif prüfen, ob das Freiminutenvolumen nötig ist","recency 0 d, 13 Fahrten, 10.00 EUR",2026-08-25,2026-11-23,STUDENT
669,K-000669,Gelegenheitsnutzer,Anlass schaffen: Wetter-/Veranstaltungshinweis,"recency 56 d, 5 Fahrten, 14.55 EUR",2026-08-25,2026-11-23,BASIS
670,K-000670,Gelegenheitsnutzer,Anlass schaffen: Wetter-/Veranstaltungshinweis,"recency 19 d, 11 Fahrten, 12.55 EUR",2026-08-25,2026-11-23,OEPNV
671,K-000671,Vielfahrer,"Bindung halten — und je Tarif prüfen, ob das Freiminutenvolumen nötig ist","recency 0 d, 21 Fahrten, 53.10 EUR",2026-08-25,2026-11-23,BASIS
672,K-000672,Gelegenheitsnutzer,Anlass schaffen: Wetter-/Veranstaltungshinweis,"recency 27 d, 4 Fahrten, 9.60 EUR",2026-08-25,2026-11-23,BASIS
673,K-000673,Gelegenheitsnutzer,Anlass schaffen: Wetter-/Veranstaltungshinweis,"recency 8 d, 6 Fahrten, 29.25 EUR",2026-08-25,2026-11-23,BASIS
674,K-000674,Vielfahrer,"Bindung halten — und je Tarif prüfen, ob das Freiminutenvolumen nötig ist","recency 6 d, 31 Fahrten, 48.00 EUR",2026-08-25,2026-11-23,OEPNV
675,K-000675,"Früher aktiv, jetzt inaktiv",Rückgewinnung: was hat gefehlt?,"seit 1182 Tagen angemeldet, keine Fahrt im 365-Tage-Fenster",2026-08-25,2026-11-23,BASIS
676,K-000676,Gelegenheitsnutzer,Anlass schaffen: Wetter-/Veranstaltungshinweis,"recency 15 d, 4 Fahrten, 19.75 EUR",2026-08-25,2026-11-23,BASIS
677,K-000677,Gelegenheitsnutzer,Anlass schaffen: Wetter-/Veranstaltungshinweis,"recency 99 d, 9 Fahrten, 29.30 EUR",2026-08-25,2026-11-23,STUDENT
678,K-000678,Eingeschlafen,Rückgewinnung: einmalig Freiminuten,"recency 158 d, 2 Fahrten, 6.10 EUR",2026-08-25,2026-11-23,BASIS
679,K-000679,Umsatzträger,nicht anfassen: sie tragen den Umsatz,"recency 12 d, 12 Fahrten, 42.80 EUR",2026-08-25,2026-11-23,STUDENT
680,K-000680,"Früher aktiv, jetzt inaktiv",Rückgewinnung: was hat gefehlt?,"seit 556 Tagen angemeldet, keine Fahrt im 365-Tage-Fenster",2026-08-25,2026-11-23,BASIS
681,K-000681,"Früher aktiv, jetzt inaktiv",Rückgewinnung: was hat gefehlt?,"seit 937 Tagen angemeldet, keine Fahrt im 365-Tage-Fenster",2026-08-25,2026-11-23,BASIS
682,K-000682,Vielfahrer,"Bindung halten — und je Tarif prüfen, ob das Freiminutenvolumen nötig ist","recency 7 d, 19 Fahrten, 7.52 EUR",2026-08-25,2026-11-23,PREMIUM
683,K-000683,Eingeschlafen,Rückgewinnung: einmalig Freiminuten,"recency 299 d, 2 Fahrten, 5.70 EUR",2026-08-25,2026-11-23,BASIS
684,K-000684,"Früher aktiv, jetzt inaktiv",Rückgewinnung: was hat gefehlt?,"seit 1812 Tagen angemeldet, keine Fahrt im 365-Tage-Fenster",2026-08-25,2026-11-23,BASIS
685,K-000685,"Neu, noch keine Erstfahrt",Willkommensansprache zur Erstfahrt,"seit 192 Tagen angemeldet, keine Fahrt im 365-Tage-Fenster",2026-08-25,2026-11-23,BASIS
686,K-000686,Gelegenheitsnutzer,Anlass schaffen: Wetter-/Veranstaltungshinweis,"recency 53 d, 7 Fahrten, 5.68 EUR",2026-08-25,2026-11-23,PREMIUM
687,K-000687,Eingeschlafen,Rückgewinnung: einmalig Freiminuten,"recency 155 d, 3 Fahrten, 18.90 EUR",2026-08-25,2026-11-23,BASIS
688,K-000688,"Früher aktiv, jetzt inaktiv",Rückgewinnung: was hat gefehlt?,"seit 465 Tagen angemeldet, keine Fahrt im 365-Tage-Fenster",2026-08-25,2026-11-23,OEPNV
689,K-000689,"Neu, noch keine Erstfahrt",Willkommensansprache zur Erstfahrt,"seit 76 Tagen angemeldet, keine Fahrt im 365-Tage-Fenster",2026-08-25,2026-11-23,BASIS
690,K-000690,Gelegenheitsnutzer,Anlass schaffen: Wetter-/Veranstaltungshinweis,"recency 12 d, 12 Fahrten, 18.75 EUR",2026-08-25,2026-11-23,STUDENT
691,K-000691,Gelegenheitsnutzer,Anlass schaffen: Wetter-/Veranstaltungshinweis,"recency 23 d, 5 Fahrten, 26.30 EUR",2026-08-25,2026-11-23,BASIS
692,K-000692,Gelegenheitsnutzer,Anlass schaffen: Wetter-/Veranstaltungshinweis,"recency 26 d, 7 Fahrten, 27.10 EUR",2026-08-25,2026-11-23,BASIS
693,K-000693,Eingeschlafen,Rückgewinnung: einmalig Freiminuten,"recency 228 d, 1 Fahrten, 1.50 EUR",2026-08-25,2026-11-23,BASIS
694,K-000694,Gelegenheitsnutzer,Anlass schaffen: Wetter-/Veranstaltungshinweis,"recency 41 d, 6 Fahrten, 5.10 EUR",2026-08-25,2026-11-23,STUDENT
695,K-000695,Gelegenheitsnutzer,Anlass schaffen: Wetter-/Veranstaltungshinweis,"recency 97 d, 6 Fahrten, 4.00 EUR",2026-08-25,2026-11-23,STUDENT
696,K-000696,Vielfahrer,"Bindung halten — und je Tarif prüfen, ob das Freiminutenvolumen nötig ist","recency 2 d, 27 Fahrten, 46.00 EUR",2026-08-25,2026-11-23,PREMIUM
697,K-000697,Gelegenheitsnutzer,Anlass schaffen: Wetter-/Veranstaltungshinweis,"recency 93 d, 1 Fahrten, 0.08 EUR",2026-08-25,2026-11-23,PREMIUM
698,K-000698,Vielfahrer,"Bindung halten — und je Tarif prüfen, ob das Freiminutenvolumen nötig ist","recency 51 d, 25 Fahrten, 89.05 EUR",2026-08-25,2026-11-23,OEPNV
699,K-000699,"Früher aktiv, jetzt inaktiv",Rückgewinnung: was hat gefehlt?,"seit 900 Tagen angemeldet, keine Fahrt im 365-Tage-Fenster",2026-08-25,2026-11-23,BASIS
700,K-000700,"Früher aktiv, jetzt inaktiv",Rückgewinnung: was hat gefehlt?,"seit 957 Tagen angemeldet, keine Fahrt im 365-Tage-Fenster",2026-08-25,2026-11-23,BASIS
701,K-000701,Gelegenheitsnutzer,Anlass schaffen: Wetter-/Veranstaltungshinweis,"recency 48 d, 4 Fahrten, 15.45 EUR",2026-08-25,2026-11-23,BASIS
702,K-000702,Umsatzträger,nicht anfassen: sie tragen den Umsatz,"recency 1 d, 8 Fahrten, 75.85 EUR",2026-08-25,2026-11-23,BASIS
703,K-000703,"Früher aktiv, jetzt inaktiv",Rückgewinnung: was hat gefehlt?,"seit 1797 Tagen angemeldet, keine Fahrt im 365-Tage-Fenster",2026-08-25,2026-11-23,BASIS
704,K-000704,Gelegenheitsnutzer,Anlass schaffen: Wetter-/Veranstaltungshinweis,"recency 97 d, 6 Fahrten, 9.70 EUR",2026-08-25,2026-11-23,STUDENT
705,K-000705,Vielfahrer,"Bindung halten — und je Tarif prüfen, ob das Freiminutenvolumen nötig ist","recency 22 d, 40 Fahrten, 37.44 EUR",2026-08-25,2026-11-23,PREMIUM
706,K-000706,Umsatzträger,nicht anfassen: sie tragen den Umsatz,"recency 1 d, 11 Fahrten, 34.95 EUR",2026-08-25,2026-11-23,BASIS
707,K-000707,Gelegenheitsnutzer,Anlass schaffen: Wetter-/Veranstaltungshinweis,"recency 78 d, 3 Fahrten, 18.40 EUR",2026-08-25,2026-11-23,BASIS
708,K-000708,Gelegenheitsnutzer,Anlass schaffen: Wetter-/Veranstaltungshinweis,"recency 21 d, 3 Fahrten, 24.75 EUR",2026-08-25,2026-11-23,BASIS
709,K-000709,Gelegenheitsnutzer,Anlass schaffen: Wetter-/Veranstaltungshinweis,"recency 15 d, 9 Fahrten, 27.25 EUR",2026-08-25,2026-11-23,BASIS
710,K-000710,Gelegenheitsnutzer,Anlass schaffen: Wetter-/Veranstaltungshinweis,"recency 91 d, 4 Fahrten, 3.20 EUR",2026-08-25,2026-11-23,STUDENT
711,K-000711,Vielfahrer,"Bindung halten — und je Tarif prüfen, ob das Freiminutenvolumen nötig ist","recency 47 d, 13 Fahrten, 15.90 EUR",2026-08-25,2026-11-23,OEPNV
712,K-000712,Vielfahrer,"Bindung halten — und je Tarif prüfen, ob das Freiminutenvolumen nötig ist","recency 11 d, 17 Fahrten, 24.50 EUR",2026-08-25,2026-11-23,OEPNV
713,K-000713,Eingeschlafen,Rückgewinnung: einmalig Freiminuten,"recency 245 d, 3 Fahrten, 13.70 EUR",2026-08-25,2026-11-23,STUDENT
714,K-000714,Gelegenheitsnutzer,Anlass schaffen: Wetter-/Veranstaltungshinweis,"recency 55 d, 7 Fahrten, 26.50 EUR",2026-08-25,2026-11-23,STUDENT
715,K-000715,"Früher aktiv, jetzt inaktiv",Rückgewinnung: was hat gefehlt?,"seit 1368 Tagen angemeldet, keine Fahrt im 365-Tage-Fenster",2026-08-25,2026-11-23,BASIS
716,K-000716,Vielfahrer,"Bindung halten — und je Tarif prüfen, ob das Freiminutenvolumen nötig ist","recency 28 d, 13 Fahrten, 10.20 EUR",2026-08-25,2026-11-23,OEPNV
717,K-000717,"Früher aktiv, jetzt inaktiv",Rückgewinnung: was hat gefehlt?,"seit 1376 Tagen angemeldet, keine Fahrt im 365-Tage-Fenster",2026-08-25,2026-11-23,BASIS
718,K-000718,Vielfahrer,"Bindung halten — und je Tarif prüfen, ob das Freiminutenvolumen nötig ist","recency 10 d, 49 Fahrten, 50.16 EUR",2026-08-25,2026-11-23,PREMIUM
719,K-000719,Vielfahrer,"Bindung halten — und je Tarif prüfen, ob das Freiminutenvolumen nötig ist","recency 11 d, 40 Fahrten, 25.84 EUR",2026-08-25,2026-11-23,PREMIUM
720,K-000720,Gelegenheitsnutzer,Anlass schaffen: Wetter-/Veranstaltungshinweis,"recency 16 d, 6 Fahrten, 21.75 EUR",2026-08-25,2026-11-23,BASIS
721,K-000721,Vielfahrer,"Bindung halten — und je Tarif prüfen, ob das Freiminutenvolumen nötig ist","recency 3 d, 35 Fahrten, 22.44 EUR",2026-08-25,2026-11-23,PREMIUM
722,K-000722,Eingeschlafen,Rückgewinnung: einmalig Freiminuten,"recency 311 d, 1 Fahrten, 2.40 EUR",2026-08-25,2026-11-23,BASIS
723,K-000723,Gelegenheitsnutzer,Anlass schaffen: Wetter-/Veranstaltungshinweis,"recency 33 d, 8 Fahrten, 14.40 EUR",2026-08-25,2026-11-23,STUDENT
724,K-000724,Gelegenheitsnutzer,Anlass schaffen: Wetter-/Veranstaltungshinweis,"recency 47 d, 5 Fahrten, 0.50 EUR",2026-08-25,2026-11-23,STUDENT
725,K-000725,Vielfahrer,"Bindung halten — und je Tarif prüfen, ob das Freiminutenvolumen nötig ist","recency 1 d, 20 Fahrten, 7.28 EUR",2026-08-25,2026-11-23,PREMIUM
726,K-000726,Umsatzträger,nicht anfassen: sie tragen den Umsatz,"recency 25 d, 10 Fahrten, 39.75 EUR",2026-08-25,2026-11-23,STUDENT
727,K-000727,Gelegenheitsnutzer,Anlass schaffen: Wetter-/Veranstaltungshinweis,"recency 24 d, 5 Fahrten, 4.60 EUR",2026-08-25,2026-11-23,STUDENT
728,K-000728,Gelegenheitsnutzer,Anlass schaffen: Wetter-/Veranstaltungshinweis,"recency 42 d, 11 Fahrten, 25.85 EUR",2026-08-25,2026-11-23,OEPNV
729,K-000729,"Neu, noch keine Erstfahrt",Willkommensansprache zur Erstfahrt,"seit 325 Tagen angemeldet, keine Fahrt im 365-Tage-Fenster",2026-08-25,2026-11-23,BASIS
730,K-000730,Gelegenheitsnutzer,Anlass schaffen: Wetter-/Veranstaltungshinweis,"recency 67 d, 1 Fahrten, 2.20 EUR",2026-08-25,2026-11-23,BASIS
731,K-000731,Vielfahrer,"Bindung halten — und je Tarif prüfen, ob das Freiminutenvolumen nötig ist","recency 11 d, 19 Fahrten, 100.30 EUR",2026-08-25,2026-11-23,STUDENT
732,K-000732,Eingeschlafen,Rückgewinnung: einmalig Freiminuten,"recency 195 d, 2 Fahrten, 5.40 EUR",2026-08-25,2026-11-23,BASIS
733,K-000733,Gelegenheitsnutzer,Anlass schaffen: Wetter-/Veranstaltungshinweis,"recency 23 d, 9 Fahrten, 8.00 EUR",2026-08-25,2026-11-23,OEPNV
734,K-000734,Vielfahrer,"Bindung halten — und je Tarif prüfen, ob das Freiminutenvolumen nötig ist","recency 18 d, 23 Fahrten, 18.80 EUR",2026-08-25,2026-11-23,OEPNV
735,K-000735,Vielfahrer,"Bindung halten — und je Tarif prüfen, ob das Freiminutenvolumen nötig ist","recency 62 d, 17 Fahrten, 52.70 EUR",2026-08-25,2026-11-23,BASIS
736,K-000736,Gelegenheitsnutzer,Anlass schaffen: Wetter-/Veranstaltungshinweis,"recency 40 d, 5 Fahrten, 15.35 EUR",2026-08-25,2026-11-23,BASIS
738,K-000738,Vielfahrer,"Bindung halten — und je Tarif prüfen, ob das Freiminutenvolumen nötig ist","recency 5 d, 47 Fahrten, 80.95 EUR",2026-08-25,2026-11-23,OEPNV
740,K-000740,"Früher aktiv, jetzt inaktiv",Rückgewinnung: was hat gefehlt?,"seit 1817 Tagen angemeldet, keine Fahrt im 365-Tage-Fenster",2026-08-25,2026-11-23,STUDENT
741,K-000741,Gelegenheitsnutzer,Anlass schaffen: Wetter-/Veranstaltungshinweis,"recency 53 d, 6 Fahrten, 16.60 EUR",2026-08-25,2026-11-23,BASIS
742,K-000742,Gelegenheitsnutzer,Anlass schaffen: Wetter-/Veranstaltungshinweis,"recency 24 d, 6 Fahrten, 14.10 EUR",2026-08-25,2026-11-23,STUDENT
743,K-000743,"Früher aktiv, jetzt inaktiv",Rückgewinnung: was hat gefehlt?,"seit 1563 Tagen angemeldet, keine Fahrt im 365-Tage-Fenster",2026-08-25,2026-11-23,BASIS
744,K-000744,Vielfahrer,"Bindung halten — und je Tarif prüfen, ob das Freiminutenvolumen nötig ist","recency 4 d, 15 Fahrten, 54.45 EUR",2026-08-25,2026-11-23,BASIS
746,K-000746,Vielfahrer,"Bindung halten — und je Tarif prüfen, ob das Freiminutenvolumen nötig ist","recency 9 d, 15 Fahrten, 6.32 EUR",2026-08-25,2026-11-23,PREMIUM
747,K-000747,Vielfahrer,"Bindung halten — und je Tarif prüfen, ob das Freiminutenvolumen nötig ist","recency 5 d, 22 Fahrten, 57.35 EUR",2026-08-25,2026-11-23,STUDENT
748,K-000748,Vielfahrer,"Bindung halten — und je Tarif prüfen, ob das Freiminutenvolumen nötig ist","recency 12 d, 15 Fahrten, 7.80 EUR",2026-08-25,2026-11-23,OEPNV
749,K-000749,Eingeschlafen,Rückgewinnung: einmalig Freiminuten,"recency 338 d, 3 Fahrten, 12.35 EUR",2026-08-25,2026-11-23,BASIS
750,K-000750,"Neu, noch keine Erstfahrt",Willkommensansprache zur Erstfahrt,"seit 107 Tagen angemeldet, keine Fahrt im 365-Tage-Fenster",2026-08-25,2026-11-23,BASIS
751,K-000751,"Früher aktiv, jetzt inaktiv",Rückgewinnung: was hat gefehlt?,"seit 595 Tagen angemeldet, keine Fahrt im 365-Tage-Fenster",2026-08-25,2026-11-23,BASIS
752,K-000752,Vielfahrer,"Bindung halten — und je Tarif prüfen, ob das Freiminutenvolumen nötig ist","recency 48 d, 15 Fahrten, 13.25 EUR",2026-08-25,2026-11-23,OEPNV
753,K-000753,Vielfahrer,"Bindung halten — und je Tarif prüfen, ob das Freiminutenvolumen nötig ist","recency 14 d, 19 Fahrten, 23.40 EUR",2026-08-25,2026-11-23,STUDENT
754,K-000754,"Früher aktiv, jetzt inaktiv",Rückgewinnung: was hat gefehlt?,"seit 1251 Tagen angemeldet, keine Fahrt im 365-Tage-Fenster",2026-08-25,2026-11-23,BASIS
755,K-000755,Vielfahrer,"Bindung halten — und je Tarif prüfen, ob das Freiminutenvolumen nötig ist","recency 14 d, 16 Fahrten, 66.20 EUR",2026-08-25,2026-11-23,BASIS
756,K-000756,Gelegenheitsnutzer,Anlass schaffen: Wetter-/Veranstaltungshinweis,"recency 0 d, 5 Fahrten, 4.30 EUR",2026-08-25,2026-11-23,OEPNV
757,K-000757,"Früher aktiv, jetzt inaktiv",Rückgewinnung: was hat gefehlt?,"seit 1662 Tagen angemeldet, keine Fahrt im 365-Tage-Fenster",2026-08-25,2026-11-23,BASIS
758,K-000758,Gelegenheitsnutzer,Anlass schaffen: Wetter-/Veranstaltungshinweis,"recency 15 d, 4 Fahrten, 1.04 EUR",2026-08-25,2026-11-23,PREMIUM
759,K-000759,Eingeschlafen,Rückgewinnung: einmalig Freiminuten,"recency 334 d, 2 Fahrten, 0.70 EUR",2026-08-25,2026-11-23,STUDENT
762,K-000762,Vielfahrer,"Bindung halten — und je Tarif prüfen, ob das Freiminutenvolumen nötig ist","recency 32 d, 20 Fahrten, 50.20 EUR",2026-08-25,2026-11-23,BASIS
763,K-000763,Eingeschlafen,Rückgewinnung: einmalig Freiminuten,"recency 338 d, 1 Fahrten, 2.90 EUR",2026-08-25,2026-11-23,BASIS
764,K-000764,Umsatzträger,nicht anfassen: sie tragen den Umsatz,"recency 1 d, 11 Fahrten, 35.10 EUR",2026-08-25,2026-11-23,BASIS
765,K-000765,"Früher aktiv, jetzt inaktiv",Rückgewinnung: was hat gefehlt?,"seit 1090 Tagen angemeldet, keine Fahrt im 365-Tage-Fenster",2026-08-25,2026-11-23,STUDENT
767,K-000767,"Neu, noch keine Erstfahrt",Willkommensansprache zur Erstfahrt,"seit 118 Tagen angemeldet, keine Fahrt im 365-Tage-Fenster",2026-08-25,2026-11-23,BASIS
768,K-000768,Gelegenheitsnutzer,Anlass schaffen: Wetter-/Veranstaltungshinweis,"recency 52 d, 12 Fahrten, 14.80 EUR",2026-08-25,2026-11-23,STUDENT
769,K-000769,Gelegenheitsnutzer,Anlass schaffen: Wetter-/Veranstaltungshinweis,"recency 41 d, 6 Fahrten, 4.16 EUR",2026-08-25,2026-11-23,PREMIUM
770,K-000770,Gelegenheitsnutzer,Anlass schaffen: Wetter-/Veranstaltungshinweis,"recency 46 d, 6 Fahrten, 10.64 EUR",2026-08-25,2026-11-23,PREMIUM
771,K-000771,Gelegenheitsnutzer,Anlass schaffen: Wetter-/Veranstaltungshinweis,"recency 14 d, 5 Fahrten, 1.12 EUR",2026-08-25,2026-11-23,PREMIUM
772,K-000772,"Früher aktiv, jetzt inaktiv",Rückgewinnung: was hat gefehlt?,"seit 1818 Tagen angemeldet, keine Fahrt im 365-Tage-Fenster",2026-08-25,2026-11-23,BASIS
773,K-000773,Gelegenheitsnutzer,Anlass schaffen: Wetter-/Veranstaltungshinweis,"recency 28 d, 11 Fahrten, 5.12 EUR",2026-08-25,2026-11-23,PREMIUM
775,K-000775,"Früher aktiv, jetzt inaktiv",Rückgewinnung: was hat gefehlt?,"seit 999 Tagen angemeldet, keine Fahrt im 365-Tage-Fenster",2026-08-25,2026-11-23,BASIS
776,K-000776,Gelegenheitsnutzer,Anlass schaffen: Wetter-/Veranstaltungshinweis,"recency 51 d, 2 Fahrten, 17.75 EUR",2026-08-25,2026-11-23,BASIS
777,K-000777,"Früher aktiv, jetzt inaktiv",Rückgewinnung: was hat gefehlt?,"seit 1816 Tagen angemeldet, keine Fahrt im 365-Tage-Fenster",2026-08-25,2026-11-23,BASIS
778,K-000778,"Früher aktiv, jetzt inaktiv",Rückgewinnung: was hat gefehlt?,"seit 815 Tagen angemeldet, keine Fahrt im 365-Tage-Fenster",2026-08-25,2026-11-23,BASIS
779,K-000779,Gelegenheitsnutzer,Anlass schaffen: Wetter-/Veranstaltungshinweis,"recency 9 d, 3 Fahrten, 3.00 EUR",2026-08-25,2026-11-23,STUDENT
780,K-000780,"Früher aktiv, jetzt inaktiv",Rückgewinnung: was hat gefehlt?,"seit 1810 Tagen angemeldet, keine Fahrt im 365-Tage-Fenster",2026-08-25,2026-11-23,BASIS
781,K-000781,Gelegenheitsnutzer,Anlass schaffen: Wetter-/Veranstaltungshinweis,"recency 30 d, 2 Fahrten, 0.16 EUR",2026-08-25,2026-11-23,PREMIUM
782,K-000782,Gelegenheitsnutzer,Anlass schaffen: Wetter-/Veranstaltungshinweis,"recency 22 d, 10 Fahrten, 29.95 EUR",2026-08-25,2026-11-23,STUDENT
783,K-000783,Vielfahrer,"Bindung halten — und je Tarif prüfen, ob das Freiminutenvolumen nötig ist","recency 14 d, 18 Fahrten, 53.05 EUR",2026-08-25,2026-11-23,STUDENT
784,K-000784,"Früher aktiv, jetzt inaktiv",Rückgewinnung: was hat gefehlt?,"seit 1271 Tagen angemeldet, keine Fahrt im 365-Tage-Fenster",2026-08-25,2026-11-23,BASIS
785,K-000785,Umsatzträger,nicht anfassen: sie tragen den Umsatz,"recency 3 d, 9 Fahrten, 58.45 EUR",2026-08-25,2026-11-23,BASIS
786,K-000786,Umsatzträger,nicht anfassen: sie tragen den Umsatz,"recency 16 d, 8 Fahrten, 69.00 EUR",2026-08-25,2026-11-23,BASIS
787,K-000787,Vielfahrer,"Bindung halten — und je Tarif prüfen, ob das Freiminutenvolumen nötig ist","recency 8 d, 44 Fahrten, 35.40 EUR",2026-08-25,2026-11-23,PREMIUM
788,K-000788,Eingeschlafen,Rückgewinnung: einmalig Freiminuten,"recency 269 d, 4 Fahrten, 4.10 EUR",2026-08-25,2026-11-23,OEPNV
789,K-000789,Gelegenheitsnutzer,Anlass schaffen: Wetter-/Veranstaltungshinweis,"recency 25 d, 9 Fahrten, 27.40 EUR",2026-08-25,2026-11-23,OEPNV
790,K-000790,Gelegenheitsnutzer,Anlass schaffen: Wetter-/Veranstaltungshinweis,"recency 48 d, 1 Fahrten, 3.50 EUR",2026-08-25,2026-11-23,BASIS
791,K-000791,Vielfahrer,"Bindung halten — und je Tarif prüfen, ob das Freiminutenvolumen nötig ist","recency 6 d, 16 Fahrten, 31.10 EUR",2026-08-25,2026-11-23,OEPNV
792,K-000792,Vielfahrer,"Bindung halten — und je Tarif prüfen, ob das Freiminutenvolumen nötig ist","recency 49 d, 18 Fahrten, 8.20 EUR",2026-08-25,2026-11-23,OEPNV
793,K-000793,Eingeschlafen,Rückgewinnung: einmalig Freiminuten,"recency 345 d, 1 Fahrten, 0.70 EUR",2026-08-25,2026-11-23,BASIS
794,K-000794,Vielfahrer,"Bindung halten — und je Tarif prüfen, ob das Freiminutenvolumen nötig ist","recency 33 d, 16 Fahrten, 33.35 EUR",2026-08-25,2026-11-23,STUDENT
795,K-000795,"Früher aktiv, jetzt inaktiv",Rückgewinnung: was hat gefehlt?,"seit 1178 Tagen angemeldet, keine Fahrt im 365-Tage-Fenster",2026-08-25,2026-11-23,STUDENT
796,K-000796,Gelegenheitsnutzer,Anlass schaffen: Wetter-/Veranstaltungshinweis,"recency 32 d, 1 Fahrten, 2.80 EUR",2026-08-25,2026-11-23,BASIS
797,K-000797,Vielfahrer,"Bindung halten — und je Tarif prüfen, ob das Freiminutenvolumen nötig ist","recency 2 d, 35 Fahrten, 23.04 EUR",2026-08-25,2026-11-23,PREMIUM
798,K-000798,"Früher aktiv, jetzt inaktiv",Rückgewinnung: was hat gefehlt?,"seit 1097 Tagen angemeldet, keine Fahrt im 365-Tage-Fenster",2026-08-25,2026-11-23,STUDENT
799,K-000799,Gelegenheitsnutzer,Anlass schaffen: Wetter-/Veranstaltungshinweis,"recency 81 d, 4 Fahrten, 1.84 EUR",2026-08-25,2026-11-23,PREMIUM
800,K-000800,Vielfahrer,"Bindung halten — und je Tarif prüfen, ob das Freiminutenvolumen nötig ist","recency 18 d, 23 Fahrten, 27.00 EUR",2026-08-25,2026-11-23,OEPNV
801,K-000801,"Früher aktiv, jetzt inaktiv",Rückgewinnung: was hat gefehlt?,"seit 1786 Tagen angemeldet, keine Fahrt im 365-Tage-Fenster",2026-08-25,2026-11-23,BASIS
802,K-000802,Vielfahrer,"Bindung halten — und je Tarif prüfen, ob das Freiminutenvolumen nötig ist","recency 21 d, 23 Fahrten, 18.15 EUR",2026-08-25,2026-11-23,OEPNV
803,K-000803,Eingeschlafen,Rückgewinnung: einmalig Freiminuten,"recency 277 d, 6 Fahrten, 0.60 EUR",2026-08-25,2026-11-23,OEPNV
804,K-000804,Gelegenheitsnutzer,Anlass schaffen: Wetter-/Veranstaltungshinweis,"recency 53 d, 9 Fahrten, 11.60 EUR",2026-08-25,2026-11-23,STUDENT
805,K-000805,Eingeschlafen,Rückgewinnung: einmalig Freiminuten,"recency 257 d, 2 Fahrten, 3.95 EUR",2026-08-25,2026-11-23,BASIS
806,K-000806,Gelegenheitsnutzer,Anlass schaffen: Wetter-/Veranstaltungshinweis,"recency 27 d, 10 Fahrten, 23.15 EUR",2026-08-25,2026-11-23,BASIS
808,K-000808,"Früher aktiv, jetzt inaktiv",Rückgewinnung: was hat gefehlt?,"seit 1136 Tagen angemeldet, keine Fahrt im 365-Tage-Fenster",2026-08-25,2026-11-23,BASIS
809,K-000809,"Neu, noch keine Erstfahrt",Willkommensansprache zur Erstfahrt,"seit 299 Tagen angemeldet, keine Fahrt im 365-Tage-Fenster",2026-08-25,2026-11-23,BASIS
810,K-000810,Gelegenheitsnutzer,Anlass schaffen: Wetter-/Veranstaltungshinweis,"recency 11 d, 6 Fahrten, 27.10 EUR",2026-08-25,2026-11-23,BASIS
811,K-000811,Gelegenheitsnutzer,Anlass schaffen: Wetter-/Veranstaltungshinweis,"recency 34 d, 2 Fahrten, 0.88 EUR",2026-08-25,2026-11-23,PREMIUM
812,K-000812,Vielfahrer,"Bindung halten — und je Tarif prüfen, ob das Freiminutenvolumen nötig ist","recency 9 d, 19 Fahrten, 9.44 EUR",2026-08-25,2026-11-23,PREMIUM
813,K-000813,Gelegenheitsnutzer,Anlass schaffen: Wetter-/Veranstaltungshinweis,"recency 24 d, 8 Fahrten, 4.40 EUR",2026-08-25,2026-11-23,OEPNV
814,K-000814,Gelegenheitsnutzer,Anlass schaffen: Wetter-/Veranstaltungshinweis,"recency 44 d, 2 Fahrten, 12.75 EUR",2026-08-25,2026-11-23,BASIS
815,K-000815,Gelegenheitsnutzer,Anlass schaffen: Wetter-/Veranstaltungshinweis,"recency 7 d, 10 Fahrten, 2.24 EUR",2026-08-25,2026-11-23,PREMIUM
816,K-000816,"Früher aktiv, jetzt inaktiv",Rückgewinnung: was hat gefehlt?,"seit 1073 Tagen angemeldet, keine Fahrt im 365-Tage-Fenster",2026-08-25,2026-11-23,STUDENT
817,K-000817,Vielfahrer,"Bindung halten — und je Tarif prüfen, ob das Freiminutenvolumen nötig ist","recency 6 d, 14 Fahrten, 5.52 EUR",2026-08-25,2026-11-23,PREMIUM
818,K-000818,Vielfahrer,"Bindung halten — und je Tarif prüfen, ob das Freiminutenvolumen nötig ist","recency 10 d, 38 Fahrten, 174.45 EUR",2026-08-25,2026-11-23,BASIS
820,K-000820,"Früher aktiv, jetzt inaktiv",Rückgewinnung: was hat gefehlt?,"seit 1688 Tagen angemeldet, keine Fahrt im 365-Tage-Fenster",2026-08-25,2026-11-23,BASIS
821,K-000821,Vielfahrer,"Bindung halten — und je Tarif prüfen, ob das Freiminutenvolumen nötig ist","recency 33 d, 22 Fahrten, 12.50 EUR",2026-08-25,2026-11-23,OEPNV
822,K-000822,Gelegenheitsnutzer,Anlass schaffen: Wetter-/Veranstaltungshinweis,"recency 92 d, 2 Fahrten, 2.70 EUR",2026-08-25,2026-11-23,BASIS
823,K-000823,"Früher aktiv, jetzt inaktiv",Rückgewinnung: was hat gefehlt?,"seit 1235 Tagen angemeldet, keine Fahrt im 365-Tage-Fenster",2026-08-25,2026-11-23,BASIS
824,K-000824,Gelegenheitsnutzer,Anlass schaffen: Wetter-/Veranstaltungshinweis,"recency 56 d, 4 Fahrten, 27.60 EUR",2026-08-25,2026-11-23,BASIS
825,K-000825,Gelegenheitsnutzer,Anlass schaffen: Wetter-/Veranstaltungshinweis,"recency 93 d, 2 Fahrten, 1.40 EUR",2026-08-25,2026-11-23,BASIS
826,K-000826,Vielfahrer,"Bindung halten — und je Tarif prüfen, ob das Freiminutenvolumen nötig ist","recency 6 d, 23 Fahrten, 7.04 EUR",2026-08-25,2026-11-23,PREMIUM
828,K-000828,Eingeschlafen,Rückgewinnung: einmalig Freiminuten,"recency 339 d, 1 Fahrten, 5.50 EUR",2026-08-25,2026-11-23,BASIS
829,K-000829,Vielfahrer,"Bindung halten — und je Tarif prüfen, ob das Freiminutenvolumen nötig ist","recency 1 d, 43 Fahrten, 65.95 EUR",2026-08-25,2026-11-23,OEPNV
831,K-000831,Vielfahrer,"Bindung halten — und je Tarif prüfen, ob das Freiminutenvolumen nötig ist","recency 0 d, 13 Fahrten, 18.75 EUR",2026-08-25,2026-11-23,BASIS
832,K-000832,"Früher aktiv, jetzt inaktiv",Rückgewinnung: was hat gefehlt?,"seit 1799 Tagen angemeldet, keine Fahrt im 365-Tage-Fenster",2026-08-25,2026-11-23,PREMIUM
834,K-000834,Umsatzträger,nicht anfassen: sie tragen den Umsatz,"recency 28 d, 7 Fahrten, 37.85 EUR",2026-08-25,2026-11-23,BASIS
835,K-000835,Gelegenheitsnutzer,Anlass schaffen: Wetter-/Veranstaltungshinweis,"recency 37 d, 10 Fahrten, 5.28 EUR",2026-08-25,2026-11-23,PREMIUM
836,K-000836,"Früher aktiv, jetzt inaktiv",Rückgewinnung: was hat gefehlt?,"seit 703 Tagen angemeldet, keine Fahrt im 365-Tage-Fenster",2026-08-25,2026-11-23,STUDENT
837,K-000837,Eingeschlafen,Rückgewinnung: einmalig Freiminuten,"recency 253 d, 1 Fahrten, 3.75 EUR",2026-08-25,2026-11-23,BASIS
838,K-000838,Vielfahrer,"Bindung halten — und je Tarif prüfen, ob das Freiminutenvolumen nötig ist","recency 8 d, 26 Fahrten, 17.84 EUR",2026-08-25,2026-11-23,PREMIUM
839,K-000839,"Früher aktiv, jetzt inaktiv",Rückgewinnung: was hat gefehlt?,"seit 1232 Tagen angemeldet, keine Fahrt im 365-Tage-Fenster",2026-08-25,2026-11-23,BASIS
840,K-000840,Eingeschlafen,Rückgewinnung: einmalig Freiminuten,"recency 281 d, 1 Fahrten, 0.10 EUR",2026-08-25,2026-11-23,STUDENT
841,K-000841,"Früher aktiv, jetzt inaktiv",Rückgewinnung: was hat gefehlt?,"seit 909 Tagen angemeldet, keine Fahrt im 365-Tage-Fenster",2026-08-25,2026-11-23,BASIS
842,K-000842,Gelegenheitsnutzer,Anlass schaffen: Wetter-/Veranstaltungshinweis,"recency 37 d, 4 Fahrten, 8.70 EUR",2026-08-25,2026-11-23,STUDENT
843,K-000843,Vielfahrer,"Bindung halten — und je Tarif prüfen, ob das Freiminutenvolumen nötig ist","recency 5 d, 36 Fahrten, 21.44 EUR",2026-08-25,2026-11-23,PREMIUM
844,K-000844,Gelegenheitsnutzer,Anlass schaffen: Wetter-/Veranstaltungshinweis,"recency 48 d, 9 Fahrten, 6.20 EUR",2026-08-25,2026-11-23,STUDENT
845,K-000845,"Früher aktiv, jetzt inaktiv",Rückgewinnung: was hat gefehlt?,"seit 1798 Tagen angemeldet, keine Fahrt im 365-Tage-Fenster",2026-08-25,2026-11-23,BASIS
846,K-000846,"Früher aktiv, jetzt inaktiv",Rückgewinnung: was hat gefehlt?,"seit 853 Tagen angemeldet, keine Fahrt im 365-Tage-Fenster",2026-08-25,2026-11-23,BASIS
847,K-000847,Gelegenheitsnutzer,Anlass schaffen: Wetter-/Veranstaltungshinweis,"recency 106 d, 4 Fahrten, 23.05 EUR",2026-08-25,2026-11-23,BASIS
849,K-000849,Vielfahrer,"Bindung halten — und je Tarif prüfen, ob das Freiminutenvolumen nötig ist","recency 4 d, 32 Fahrten, 75.15 EUR",2026-08-25,2026-11-23,OEPNV
850,K-000850,Gelegenheitsnutzer,Anlass schaffen: Wetter-/Veranstaltungshinweis,"recency 48 d, 4 Fahrten, 14.70 EUR",2026-08-25,2026-11-23,BASIS
851,K-000851,Eingeschlafen,Rückgewinnung: einmalig Freiminuten,"recency 335 d, 2 Fahrten, 2.00 EUR",2026-08-25,2026-11-23,BASIS
852,K-000852,Vielfahrer,"Bindung halten — und je Tarif prüfen, ob das Freiminutenvolumen nötig ist","recency 10 d, 18 Fahrten, 13.75 EUR",2026-08-25,2026-11-23,OEPNV
853,K-000853,Gelegenheitsnutzer,Anlass schaffen: Wetter-/Veranstaltungshinweis,"recency 28 d, 8 Fahrten, 8.88 EUR",2026-08-25,2026-11-23,PREMIUM
854,K-000854,Eingeschlafen,Rückgewinnung: einmalig Freiminuten,"recency 152 d, 1 Fahrten, 1.80 EUR",2026-08-25,2026-11-23,BASIS
855,K-000855,Gelegenheitsnutzer,Anlass schaffen: Wetter-/Veranstaltungshinweis,"recency 1 d, 8 Fahrten, 27.10 EUR",2026-08-25,2026-11-23,BASIS
856,K-000856,Vielfahrer,"Bindung halten — und je Tarif prüfen, ob das Freiminutenvolumen nötig ist","recency 8 d, 43 Fahrten, 101.48 EUR",2026-08-25,2026-11-23,PREMIUM
857,K-000857,Umsatzträger,nicht anfassen: sie tragen den Umsatz,"recency 57 d, 7 Fahrten, 53.00 EUR",2026-08-25,2026-11-23,BASIS
858,K-000858,Gelegenheitsnutzer,Anlass schaffen: Wetter-/Veranstaltungshinweis,"recency 31 d, 7 Fahrten, 20.80 EUR",2026-08-25,2026-11-23,BASIS
859,K-000859,"Früher aktiv, jetzt inaktiv",Rückgewinnung: was hat gefehlt?,"seit 619 Tagen angemeldet, keine Fahrt im 365-Tage-Fenster",2026-08-25,2026-11-23,BASIS
860,K-000860,"Früher aktiv, jetzt inaktiv",Rückgewinnung: was hat gefehlt?,"seit 1554 Tagen angemeldet, keine Fahrt im 365-Tage-Fenster",2026-08-25,2026-11-23,BASIS
861,K-000861,"Früher aktiv, jetzt inaktiv",Rückgewinnung: was hat gefehlt?,"seit 630 Tagen angemeldet, keine Fahrt im 365-Tage-Fenster",2026-08-25,2026-11-23,OEPNV
862,K-000862,Gelegenheitsnutzer,Anlass schaffen: Wetter-/Veranstaltungshinweis,"recency 39 d, 3 Fahrten, 7.95 EUR",2026-08-25,2026-11-23,BASIS
863,K-000863,Gelegenheitsnutzer,Anlass schaffen: Wetter-/Veranstaltungshinweis,"recency 3 d, 11 Fahrten, 9.60 EUR",2026-08-25,2026-11-23,OEPNV
864,K-000864,Gelegenheitsnutzer,Anlass schaffen: Wetter-/Veranstaltungshinweis,"recency 0 d, 8 Fahrten, 6.80 EUR",2026-08-25,2026-11-23,STUDENT
865,K-000865,"Neu, noch keine Erstfahrt",Willkommensansprache zur Erstfahrt,"seit 203 Tagen angemeldet, keine Fahrt im 365-Tage-Fenster",2026-08-25,2026-11-23,BASIS
866,K-000866,Gelegenheitsnutzer,Anlass schaffen: Wetter-/Veranstaltungshinweis,"recency 35 d, 2 Fahrten, 0.88 EUR",2026-08-25,2026-11-23,PREMIUM
867,K-000867,Vielfahrer,"Bindung halten — und je Tarif prüfen, ob das Freiminutenvolumen nötig ist","recency 34 d, 20 Fahrten, 18.40 EUR",2026-08-25,2026-11-23,OEPNV
868,K-000868,Gelegenheitsnutzer,Anlass schaffen: Wetter-/Veranstaltungshinweis,"recency 47 d, 7 Fahrten, 6.20 EUR",2026-08-25,2026-11-23,STUDENT
869,K-000869,Eingeschlafen,Rückgewinnung: einmalig Freiminuten,"recency 229 d, 1 Fahrten, 2.10 EUR",2026-08-25,2026-11-23,BASIS
870,K-000870,Gelegenheitsnutzer,Anlass schaffen: Wetter-/Veranstaltungshinweis,"recency 18 d, 5 Fahrten, 16.85 EUR",2026-08-25,2026-11-23,BASIS
871,K-000871,"Früher aktiv, jetzt inaktiv",Rückgewinnung: was hat gefehlt?,"seit 1467 Tagen angemeldet, keine Fahrt im 365-Tage-Fenster",2026-08-25,2026-11-23,BASIS
872,K-000872,"Früher aktiv, jetzt inaktiv",Rückgewinnung: was hat gefehlt?,"seit 1816 Tagen angemeldet, keine Fahrt im 365-Tage-Fenster",2026-08-25,2026-11-23,BASIS
873,K-000873,Gelegenheitsnutzer,Anlass schaffen: Wetter-/Veranstaltungshinweis,"recency 21 d, 12 Fahrten, 7.80 EUR",2026-08-25,2026-11-23,STUDENT
874,K-000874,Vielfahrer,"Bindung halten — und je Tarif prüfen, ob das Freiminutenvolumen nötig ist","recency 117 d, 13 Fahrten, 62.60 EUR",2026-08-25,2026-11-23,BASIS
875,K-000875,Eingeschlafen,Rückgewinnung: einmalig Freiminuten,"recency 299 d, 1 Fahrten, 1.20 EUR",2026-08-25,2026-11-23,BASIS
876,K-000876,Vielfahrer,"Bindung halten — und je Tarif prüfen, ob das Freiminutenvolumen nötig ist","recency 21 d, 17 Fahrten, 61.65 EUR",2026-08-25,2026-11-23,BASIS
877,K-000877,"Früher aktiv, jetzt inaktiv",Rückgewinnung: was hat gefehlt?,"seit 1574 Tagen angemeldet, keine Fahrt im 365-Tage-Fenster",2026-08-25,2026-11-23,OEPNV
878,K-000878,Gelegenheitsnutzer,Anlass schaffen: Wetter-/Veranstaltungshinweis,"recency 37 d, 4 Fahrten, 3.90 EUR",2026-08-25,2026-11-23,STUDENT
879,K-000879,Eingeschlafen,Rückgewinnung: einmalig Freiminuten,"recency 329 d, 1 Fahrten, 3.50 EUR",2026-08-25,2026-11-23,BASIS
880,K-000880,Gelegenheitsnutzer,Anlass schaffen: Wetter-/Veranstaltungshinweis,"recency 16 d, 7 Fahrten, 9.55 EUR",2026-08-25,2026-11-23,STUDENT
881,K-000881,"Neu, noch keine Erstfahrt",Willkommensansprache zur Erstfahrt,"seit 55 Tagen angemeldet, keine Fahrt im 365-Tage-Fenster",2026-08-25,2026-11-23,STUDENT
882,K-000882,"Früher aktiv, jetzt inaktiv",Rückgewinnung: was hat gefehlt?,"seit 1305 Tagen angemeldet, keine Fahrt im 365-Tage-Fenster",2026-08-25,2026-11-23,BASIS
883,K-000883,Gelegenheitsnutzer,Anlass schaffen: Wetter-/Veranstaltungshinweis,"recency 44 d, 8 Fahrten, 24.20 EUR",2026-08-25,2026-11-23,BASIS
884,K-000884,"Neu, noch keine Erstfahrt",Willkommensansprache zur Erstfahrt,"seit 288 Tagen angemeldet, keine Fahrt im 365-Tage-Fenster",2026-08-25,2026-11-23,BASIS
885,K-000885,Gelegenheitsnutzer,Anlass schaffen: Wetter-/Veranstaltungshinweis,"recency 67 d, 2 Fahrten, 0.16 EUR",2026-08-25,2026-11-23,PREMIUM
886,K-000886,"Früher aktiv, jetzt inaktiv",Rückgewinnung: was hat gefehlt?,"seit 758 Tagen angemeldet, keine Fahrt im 365-Tage-Fenster",2026-08-25,2026-11-23,BASIS
887,K-000887,"Neu, noch keine Erstfahrt",Willkommensansprache zur Erstfahrt,"seit 92 Tagen angemeldet, keine Fahrt im 365-Tage-Fenster",2026-08-25,2026-11-23,BASIS
888,K-000888,Eingeschlafen,Rückgewinnung: einmalig Freiminuten,"recency 297 d, 5 Fahrten, 14.15 EUR",2026-08-25,2026-11-23,BASIS
889,K-000889,Gelegenheitsnutzer,Anlass schaffen: Wetter-/Veranstaltungshinweis,"recency 60 d, 10 Fahrten, 6.40 EUR",2026-08-25,2026-11-23,OEPNV
890,K-000890,Gelegenheitsnutzer,Anlass schaffen: Wetter-/Veranstaltungshinweis,"recency 46 d, 4 Fahrten, 21.80 EUR",2026-08-25,2026-11-23,STUDENT
891,K-000891,Vielfahrer,"Bindung halten — und je Tarif prüfen, ob das Freiminutenvolumen nötig ist","recency 1 d, 14 Fahrten, 78.75 EUR",2026-08-25,2026-11-23,BASIS
892,K-000892,"Neu, noch keine Erstfahrt",Willkommensansprache zur Erstfahrt,"seit 118 Tagen angemeldet, keine Fahrt im 365-Tage-Fenster",2026-08-25,2026-11-23,BASIS
895,K-000895,Gelegenheitsnutzer,Anlass schaffen: Wetter-/Veranstaltungshinweis,"recency 58 d, 2 Fahrten, 13.25 EUR",2026-08-25,2026-11-23,BASIS
896,K-000896,"Neu, noch keine Erstfahrt",Willkommensansprache zur Erstfahrt,"seit 271 Tagen angemeldet, keine Fahrt im 365-Tage-Fenster",2026-08-25,2026-11-23,BASIS
898,K-000898,Gelegenheitsnutzer,Anlass schaffen: Wetter-/Veranstaltungshinweis,"recency 135 d, 3 Fahrten, 5.95 EUR",2026-08-25,2026-11-23,BASIS
899,K-000899,Gelegenheitsnutzer,Anlass schaffen: Wetter-/Veranstaltungshinweis,"recency 23 d, 8 Fahrten, 28.10 EUR",2026-08-25,2026-11-23,BASIS
900,K-000900,"Früher aktiv, jetzt inaktiv",Rückgewinnung: was hat gefehlt?,"seit 1270 Tagen angemeldet, keine Fahrt im 365-Tage-Fenster",2026-08-25,2026-11-23,BASIS
901,K-000901,Gelegenheitsnutzer,Anlass schaffen: Wetter-/Veranstaltungshinweis,"recency 18 d, 4 Fahrten, 2.80 EUR",2026-08-25,2026-11-23,STUDENT
902,K-000902,Gelegenheitsnutzer,Anlass schaffen: Wetter-/Veranstaltungshinweis,"recency 10 d, 5 Fahrten, 6.95 EUR",2026-08-25,2026-11-23,STUDENT
903,K-000903,Gelegenheitsnutzer,Anlass schaffen: Wetter-/Veranstaltungshinweis,"recency 23 d, 1 Fahrten, 1.00 EUR",2026-08-25,2026-11-23,STUDENT
904,K-000904,"Früher aktiv, jetzt inaktiv",Rückgewinnung: was hat gefehlt?,"seit 1827 Tagen angemeldet, keine Fahrt im 365-Tage-Fenster",2026-08-25,2026-11-23,BASIS
905,K-000905,Eingeschlafen,Rückgewinnung: einmalig Freiminuten,"recency 169 d, 1 Fahrten, 1.00 EUR",2026-08-25,2026-11-23,BASIS
906,K-000906,Gelegenheitsnutzer,Anlass schaffen: Wetter-/Veranstaltungshinweis,"recency 60 d, 4 Fahrten, 1.30 EUR",2026-08-25,2026-11-23,STUDENT
907,K-000907,Gelegenheitsnutzer,Anlass schaffen: Wetter-/Veranstaltungshinweis,"recency 31 d, 4 Fahrten, 5.60 EUR",2026-08-25,2026-11-23,PREMIUM
908,K-000908,Umsatzträger,nicht anfassen: sie tragen den Umsatz,"recency 51 d, 5 Fahrten, 40.70 EUR",2026-08-25,2026-11-23,BASIS
909,K-000909,Umsatzträger,nicht anfassen: sie tragen den Umsatz,"recency 0 d, 8 Fahrten, 54.35 EUR",2026-08-25,2026-11-23,BASIS
910,K-000910,Gelegenheitsnutzer,Anlass schaffen: Wetter-/Veranstaltungshinweis,"recency 16 d, 7 Fahrten, 19.65 EUR",2026-08-25,2026-11-23,BASIS
911,K-000911,Gelegenheitsnutzer,Anlass schaffen: Wetter-/Veranstaltungshinweis,"recency 28 d, 7 Fahrten, 7.10 EUR",2026-08-25,2026-11-23,STUDENT
912,K-000912,Eingeschlafen,Rückgewinnung: einmalig Freiminuten,"recency 256 d, 1 Fahrten, 1.80 EUR",2026-08-25,2026-11-23,BASIS
913,K-000913,Gelegenheitsnutzer,Anlass schaffen: Wetter-/Veranstaltungshinweis,"recency 16 d, 1 Fahrten, 0.90 EUR",2026-08-25,2026-11-23,BASIS
914,K-000914,Umsatzträger,nicht anfassen: sie tragen den Umsatz,"recency 42 d, 10 Fahrten, 31.40 EUR",2026-08-25,2026-11-23,STUDENT
915,K-000915,"Früher aktiv, jetzt inaktiv",Rückgewinnung: was hat gefehlt?,"seit 1822 Tagen angemeldet, keine Fahrt im 365-Tage-Fenster",2026-08-25,2026-11-23,BASIS
916,K-000916,Gelegenheitsnutzer,Anlass schaffen: Wetter-/Veranstaltungshinweis,"recency 9 d, 4 Fahrten, 10.85 EUR",2026-08-25,2026-11-23,STUDENT
917,K-000917,"Früher aktiv, jetzt inaktiv",Rückgewinnung: was hat gefehlt?,"seit 1580 Tagen angemeldet, keine Fahrt im 365-Tage-Fenster",2026-08-25,2026-11-23,BASIS
918,K-000918,Vielfahrer,"Bindung halten — und je Tarif prüfen, ob das Freiminutenvolumen nötig ist","recency 6 d, 19 Fahrten, 11.12 EUR",2026-08-25,2026-11-23,PREMIUM
919,K-000919,"Früher aktiv, jetzt inaktiv",Rückgewinnung: was hat gefehlt?,"seit 742 Tagen angemeldet, keine Fahrt im 365-Tage-Fenster",2026-08-25,2026-11-23,BASIS
920,K-000920,Umsatzträger,nicht anfassen: sie tragen den Umsatz,"recency 40 d, 8 Fahrten, 35.10 EUR",2026-08-25,2026-11-23,BASIS
921,K-000921,Eingeschlafen,Rückgewinnung: einmalig Freiminuten,"recency 258 d, 2 Fahrten, 3.60 EUR",2026-08-25,2026-11-23,BASIS
922,K-000922,Vielfahrer,"Bindung halten — und je Tarif prüfen, ob das Freiminutenvolumen nötig ist","recency 37 d, 18 Fahrten, 7.40 EUR",2026-08-25,2026-11-23,OEPNV
923,K-000923,"Früher aktiv, jetzt inaktiv",Rückgewinnung: was hat gefehlt?,"seit 835 Tagen angemeldet, keine Fahrt im 365-Tage-Fenster",2026-08-25,2026-11-23,BASIS
924,K-000924,Gelegenheitsnutzer,Anlass schaffen: Wetter-/Veranstaltungshinweis,"recency 53 d, 5 Fahrten, 4.50 EUR",2026-08-25,2026-11-23,STUDENT
925,K-000925,"Früher aktiv, jetzt inaktiv",Rückgewinnung: was hat gefehlt?,"seit 1457 Tagen angemeldet, keine Fahrt im 365-Tage-Fenster",2026-08-25,2026-11-23,BASIS
926,K-000926,Eingeschlafen,Rückgewinnung: einmalig Freiminuten,"recency 297 d, 1 Fahrten, 2.90 EUR",2026-08-25,2026-11-23,BASIS
927,K-000927,Gelegenheitsnutzer,Anlass schaffen: Wetter-/Veranstaltungshinweis,"recency 16 d, 6 Fahrten, 3.44 EUR",2026-08-25,2026-11-23,PREMIUM
928,K-000928,Gelegenheitsnutzer,Anlass schaffen: Wetter-/Veranstaltungshinweis,"recency 47 d, 12 Fahrten, 5.80 EUR",2026-08-25,2026-11-23,OEPNV
929,K-000929,Gelegenheitsnutzer,Anlass schaffen: Wetter-/Veranstaltungshinweis,"recency 11 d, 5 Fahrten, 8.95 EUR",2026-08-25,2026-11-23,BASIS
930,K-000930,Gelegenheitsnutzer,Anlass schaffen: Wetter-/Veranstaltungshinweis,"recency 19 d, 6 Fahrten, 15.15 EUR",2026-08-25,2026-11-23,BASIS
931,K-000931,Gelegenheitsnutzer,Anlass schaffen: Wetter-/Veranstaltungshinweis,"recency 24 d, 10 Fahrten, 5.90 EUR",2026-08-25,2026-11-23,STUDENT
932,K-000932,Eingeschlafen,Rückgewinnung: einmalig Freiminuten,"recency 248 d, 8 Fahrten, 3.68 EUR",2026-08-25,2026-11-23,PREMIUM
933,K-000933,"Früher aktiv, jetzt inaktiv",Rückgewinnung: was hat gefehlt?,"seit 809 Tagen angemeldet, keine Fahrt im 365-Tage-Fenster",2026-08-25,2026-11-23,STUDENT
934,K-000934,Umsatzträger,nicht anfassen: sie tragen den Umsatz,"recency 9 d, 6 Fahrten, 66.45 EUR",2026-08-25,2026-11-23,BASIS
935,K-000935,Vielfahrer,"Bindung halten — und je Tarif prüfen, ob das Freiminutenvolumen nötig ist","recency 44 d, 22 Fahrten, 66.30 EUR",2026-08-25,2026-11-23,BASIS
936,K-000936,Gelegenheitsnutzer,Anlass schaffen: Wetter-/Veranstaltungshinweis,"recency 43 d, 4 Fahrten, 4.20 EUR",2026-08-25,2026-11-23,STUDENT
937,K-000937,Vielfahrer,"Bindung halten — und je Tarif prüfen, ob das Freiminutenvolumen nötig ist","recency 10 d, 24 Fahrten, 58.95 EUR",2026-08-25,2026-11-23,STUDENT
938,K-000938,"Früher aktiv, jetzt inaktiv",Rückgewinnung: was hat gefehlt?,"seit 1578 Tagen angemeldet, keine Fahrt im 365-Tage-Fenster",2026-08-25,2026-11-23,BASIS
939,K-000939,"Früher aktiv, jetzt inaktiv",Rückgewinnung: was hat gefehlt?,"seit 1505 Tagen angemeldet, keine Fahrt im 365-Tage-Fenster",2026-08-25,2026-11-23,BASIS
940,K-000940,Gelegenheitsnutzer,Anlass schaffen: Wetter-/Veranstaltungshinweis,"recency 9 d, 12 Fahrten, 7.60 EUR",2026-08-25,2026-11-23,OEPNV
941,K-000941,"Früher aktiv, jetzt inaktiv",Rückgewinnung: was hat gefehlt?,"seit 1014 Tagen angemeldet, keine Fahrt im 365-Tage-Fenster",2026-08-25,2026-11-23,STUDENT
942,K-000942,"Früher aktiv, jetzt inaktiv",Rückgewinnung: was hat gefehlt?,"seit 1555 Tagen angemeldet, keine Fahrt im 365-Tage-Fenster",2026-08-25,2026-11-23,BASIS
943,K-000943,"Früher aktiv, jetzt inaktiv",Rückgewinnung: was hat gefehlt?,"seit 1625 Tagen angemeldet, keine Fahrt im 365-Tage-Fenster",2026-08-25,2026-11-23,BASIS
944,K-000944,Vielfahrer,"Bindung halten — und je Tarif prüfen, ob das Freiminutenvolumen nötig ist","recency 13 d, 30 Fahrten, 39.64 EUR",2026-08-25,2026-11-23,PREMIUM
945,K-000945,Gelegenheitsnutzer,Anlass schaffen: Wetter-/Veranstaltungshinweis,"recency 1 d, 4 Fahrten, 0.32 EUR",2026-08-25,2026-11-23,PREMIUM
946,K-000946,"Früher aktiv, jetzt inaktiv",Rückgewinnung: was hat gefehlt?,"seit 693 Tagen angemeldet, keine Fahrt im 365-Tage-Fenster",2026-08-25,2026-11-23,BASIS
947,K-000947,Gelegenheitsnutzer,Anlass schaffen: Wetter-/Veranstaltungshinweis,"recency 4 d, 12 Fahrten, 18.25 EUR",2026-08-25,2026-11-23,STUDENT
948,K-000948,Eingeschlafen,Rückgewinnung: einmalig Freiminuten,"recency 296 d, 1 Fahrten, 3.00 EUR",2026-08-25,2026-11-23,BASIS
949,K-000949,Gelegenheitsnutzer,Anlass schaffen: Wetter-/Veranstaltungshinweis,"recency 1 d, 10 Fahrten, 7.40 EUR",2026-08-25,2026-11-23,OEPNV
950,K-000950,Gelegenheitsnutzer,Anlass schaffen: Wetter-/Veranstaltungshinweis,"recency 30 d, 5 Fahrten, 4.88 EUR",2026-08-25,2026-11-23,PREMIUM
951,K-000951,Gelegenheitsnutzer,Anlass schaffen: Wetter-/Veranstaltungshinweis,"recency 73 d, 4 Fahrten, 20.70 EUR",2026-08-25,2026-11-23,BASIS
952,K-000952,Vielfahrer,"Bindung halten — und je Tarif prüfen, ob das Freiminutenvolumen nötig ist","recency 10 d, 18 Fahrten, 29.60 EUR",2026-08-25,2026-11-23,STUDENT
953,K-000953,"Früher aktiv, jetzt inaktiv",Rückgewinnung: was hat gefehlt?,"seit 591 Tagen angemeldet, keine Fahrt im 365-Tage-Fenster",2026-08-25,2026-11-23,BASIS
954,K-000954,Vielfahrer,"Bindung halten — und je Tarif prüfen, ob das Freiminutenvolumen nötig ist","recency 0 d, 28 Fahrten, 14.56 EUR",2026-08-25,2026-11-23,PREMIUM
955,K-000955,Gelegenheitsnutzer,Anlass schaffen: Wetter-/Veranstaltungshinweis,"recency 18 d, 7 Fahrten, 7.80 EUR",2026-08-25,2026-11-23,STUDENT
956,K-000956,Vielfahrer,"Bindung halten — und je Tarif prüfen, ob das Freiminutenvolumen nötig ist","recency 8 d, 19 Fahrten, 61.05 EUR",2026-08-25,2026-11-23,STUDENT
957,K-000957,Gelegenheitsnutzer,Anlass schaffen: Wetter-/Veranstaltungshinweis,"recency 46 d, 5 Fahrten, 4.40 EUR",2026-08-25,2026-11-23,STUDENT
958,K-000958,Vielfahrer,"Bindung halten — und je Tarif prüfen, ob das Freiminutenvolumen nötig ist","recency 9 d, 34 Fahrten, 33.92 EUR",2026-08-25,2026-11-23,PREMIUM
959,K-000959,Gelegenheitsnutzer,Anlass schaffen: Wetter-/Veranstaltungshinweis,"recency 85 d, 1 Fahrten, 2.90 EUR",2026-08-25,2026-11-23,BASIS
960,K-000960,Umsatzträger,nicht anfassen: sie tragen den Umsatz,"recency 65 d, 4 Fahrten, 42.00 EUR",2026-08-25,2026-11-23,BASIS
961,K-000961,Gelegenheitsnutzer,Anlass schaffen: Wetter-/Veranstaltungshinweis,"recency 17 d, 12 Fahrten, 9.10 EUR",2026-08-25,2026-11-23,STUDENT
962,K-000962,Vielfahrer,"Bindung halten — und je Tarif prüfen, ob das Freiminutenvolumen nötig ist","recency 15 d, 15 Fahrten, 20.35 EUR",2026-08-25,2026-11-23,OEPNV
963,K-000963,Gelegenheitsnutzer,Anlass schaffen: Wetter-/Veranstaltungshinweis,"recency 17 d, 6 Fahrten, 10.10 EUR",2026-08-25,2026-11-23,BASIS
965,K-000965,Vielfahrer,"Bindung halten — und je Tarif prüfen, ob das Freiminutenvolumen nötig ist","recency 4 d, 28 Fahrten, 20.90 EUR",2026-08-25,2026-11-23,OEPNV
966,K-000966,Vielfahrer,"Bindung halten — und je Tarif prüfen, ob das Freiminutenvolumen nötig ist","recency 0 d, 18 Fahrten, 21.60 EUR",2026-08-25,2026-11-23,OEPNV
967,K-000967,Umsatzträger,nicht anfassen: sie tragen den Umsatz,"recency 81 d, 4 Fahrten, 38.15 EUR",2026-08-25,2026-11-23,BASIS
968,K-000968,Vielfahrer,"Bindung halten — und je Tarif prüfen, ob das Freiminutenvolumen nötig ist","recency 4 d, 27 Fahrten, 8.72 EUR",2026-08-25,2026-11-23,PREMIUM
969,K-000969,Eingeschlafen,Rückgewinnung: einmalig Freiminuten,"recency 293 d, 3 Fahrten, 8.45 EUR",2026-08-25,2026-11-23,BASIS
970,K-000970,Gelegenheitsnutzer,Anlass schaffen: Wetter-/Veranstaltungshinweis,"recency 17 d, 8 Fahrten, 13.04 EUR",2026-08-25,2026-11-23,PREMIUM
971,K-000971,Vielfahrer,"Bindung halten — und je Tarif prüfen, ob das Freiminutenvolumen nötig ist","recency 2 d, 13 Fahrten, 9.04 EUR",2026-08-25,2026-11-23,PREMIUM
972,K-000972,Gelegenheitsnutzer,Anlass schaffen: Wetter-/Veranstaltungshinweis,"recency 15 d, 4 Fahrten, 9.20 EUR",2026-08-25,2026-11-23,BASIS
973,K-000973,"Früher aktiv, jetzt inaktiv",Rückgewinnung: was hat gefehlt?,"seit 1065 Tagen angemeldet, keine Fahrt im 365-Tage-Fenster",2026-08-25,2026-11-23,BASIS
974,K-000974,Vielfahrer,"Bindung halten — und je Tarif prüfen, ob das Freiminutenvolumen nötig ist","recency 60 d, 16 Fahrten, 6.40 EUR",2026-08-25,2026-11-23,PREMIUM
975,K-000975,"Neu, noch keine Erstfahrt",Willkommensansprache zur Erstfahrt,"seit 89 Tagen angemeldet, keine Fahrt im 365-Tage-Fenster",2026-08-25,2026-11-23,BASIS
976,K-000976,Gelegenheitsnutzer,Anlass schaffen: Wetter-/Veranstaltungshinweis,"recency 2 d, 10 Fahrten, 8.85 EUR",2026-08-25,2026-11-23,STUDENT
978,K-000978,Gelegenheitsnutzer,Anlass schaffen: Wetter-/Veranstaltungshinweis,"recency 26 d, 2 Fahrten, 5.80 EUR",2026-08-25,2026-11-23,BASIS
979,K-000979,Umsatzträger,nicht anfassen: sie tragen den Umsatz,"recency 99 d, 3 Fahrten, 35.10 EUR",2026-08-25,2026-11-23,OEPNV
980,K-000980,Vielfahrer,"Bindung halten — und je Tarif prüfen, ob das Freiminutenvolumen nötig ist","recency 11 d, 21 Fahrten, 9.90 EUR",2026-08-25,2026-11-23,OEPNV
981,K-000981,Eingeschlafen,Rückgewinnung: einmalig Freiminuten,"recency 325 d, 1 Fahrten, 0.60 EUR",2026-08-25,2026-11-23,BASIS
982,K-000982,"Früher aktiv, jetzt inaktiv",Rückgewinnung: was hat gefehlt?,"seit 1439 Tagen angemeldet, keine Fahrt im 365-Tage-Fenster",2026-08-25,2026-11-23,BASIS
983,K-000983,Gelegenheitsnutzer,Anlass schaffen: Wetter-/Veranstaltungshinweis,"recency 1 d, 9 Fahrten, 25.15 EUR",2026-08-25,2026-11-23,BASIS
984,K-000984,"Neu, noch keine Erstfahrt",Willkommensansprache zur Erstfahrt,"seit 93 Tagen angemeldet, keine Fahrt im 365-Tage-Fenster",2026-08-25,2026-11-23,BASIS
985,K-000985,Eingeschlafen,Rückgewinnung: einmalig Freiminuten,"recency 213 d, 2 Fahrten, 3.90 EUR",2026-08-25,2026-11-23,BASIS
987,K-000987,"Neu, noch keine Erstfahrt",Willkommensansprache zur Erstfahrt,"seit 363 Tagen angemeldet, keine Fahrt im 365-Tage-Fenster",2026-08-25,2026-11-23,STUDENT
988,K-000988,Eingeschlafen,Rückgewinnung: einmalig Freiminuten,"recency 358 d, 1 Fahrten, 2.00 EUR",2026-08-25,2026-11-23,BASIS
989,K-000989,Gelegenheitsnutzer,Anlass schaffen: Wetter-/Veranstaltungshinweis,"recency 4 d, 6 Fahrten, 19.36 EUR",2026-08-25,2026-11-23,PREMIUM
990,K-000990,Gelegenheitsnutzer,Anlass schaffen: Wetter-/Veranstaltungshinweis,"recency 143 d, 5 Fahrten, 27.05 EUR",2026-08-25,2026-11-23,BASIS
991,K-000991,Gelegenheitsnutzer,Anlass schaffen: Wetter-/Veranstaltungshinweis,"recency 23 d, 3 Fahrten, 0.30 EUR",2026-08-25,2026-11-23,STUDENT
992,K-000992,"Früher aktiv, jetzt inaktiv",Rückgewinnung: was hat gefehlt?,"seit 1773 Tagen angemeldet, keine Fahrt im 365-Tage-Fenster",2026-08-25,2026-11-23,BASIS
993,K-000993,"Früher aktiv, jetzt inaktiv",Rückgewinnung: was hat gefehlt?,"seit 1809 Tagen angemeldet, keine Fahrt im 365-Tage-Fenster",2026-08-25,2026-11-23,BASIS
994,K-000994,Gelegenheitsnutzer,Anlass schaffen: Wetter-/Veranstaltungshinweis,"recency 122 d, 1 Fahrten, 1.00 EUR",2026-08-25,2026-11-23,STUDENT
995,K-000995,"Früher aktiv, jetzt inaktiv",Rückgewinnung: was hat gefehlt?,"seit 969 Tagen angemeldet, keine Fahrt im 365-Tage-Fenster",2026-08-25,2026-11-23,BASIS
996,K-000996,Gelegenheitsnutzer,Anlass schaffen: Wetter-/Veranstaltungshinweis,"recency 7 d, 10 Fahrten, 22.00 EUR",2026-08-25,2026-11-23,STUDENT
997,K-000997,"Früher aktiv, jetzt inaktiv",Rückgewinnung: was hat gefehlt?,"seit 567 Tagen angemeldet, keine Fahrt im 365-Tage-Fenster",2026-08-25,2026-11-23,BASIS
998,K-000998,"Früher aktiv, jetzt inaktiv",Rückgewinnung: was hat gefehlt?,"seit 1168 Tagen angemeldet, keine Fahrt im 365-Tage-Fenster",2026-08-25,2026-11-23,BASIS
999,K-000999,Eingeschlafen,Rückgewinnung: einmalig Freiminuten,"recency 279 d, 11 Fahrten, 4.64 EUR",2026-08-25,2026-11-23,PREMIUM
1000,K-001000,Gelegenheitsnutzer,Anlass schaffen: Wetter-/Veranstaltungshinweis,"recency 7 d, 8 Fahrten, 18.35 EUR",2026-08-25,2026-11-23,STUDENT
1001,K-001001,Gelegenheitsnutzer,Anlass schaffen: Wetter-/Veranstaltungshinweis,"recency 33 d, 5 Fahrten, 9.95 EUR",2026-08-25,2026-11-23,BASIS
1002,K-001002,Vielfahrer,"Bindung halten — und je Tarif prüfen, ob das Freiminutenvolumen nötig ist","recency 11 d, 13 Fahrten, 7.80 EUR",2026-08-25,2026-11-23,OEPNV
1003,K-001003,"Früher aktiv, jetzt inaktiv",Rückgewinnung: was hat gefehlt?,"seit 1078 Tagen angemeldet, keine Fahrt im 365-Tage-Fenster",2026-08-25,2026-11-23,BASIS
1004,K-001004,Gelegenheitsnutzer,Anlass schaffen: Wetter-/Veranstaltungshinweis,"recency 41 d, 12 Fahrten, 22.80 EUR",2026-08-25,2026-11-23,STUDENT
1005,K-001005,Vielfahrer,"Bindung halten — und je Tarif prüfen, ob das Freiminutenvolumen nötig ist","recency 24 d, 14 Fahrten, 40.45 EUR",2026-08-25,2026-11-23,BASIS
1006,K-001006,Gelegenheitsnutzer,Anlass schaffen: Wetter-/Veranstaltungshinweis,"recency 53 d, 2 Fahrten, 7.00 EUR",2026-08-25,2026-11-23,BASIS
1007,K-001007,Vielfahrer,"Bindung halten — und je Tarif prüfen, ob das Freiminutenvolumen nötig ist","recency 7 d, 17 Fahrten, 5.76 EUR",2026-08-25,2026-11-23,PREMIUM
1008,K-001008,Gelegenheitsnutzer,Anlass schaffen: Wetter-/Veranstaltungshinweis,"recency 2 d, 10 Fahrten, 7.85 EUR",2026-08-25,2026-11-23,STUDENT
1010,K-001010,"Neu, noch keine Erstfahrt",Willkommensansprache zur Erstfahrt,"seit 84 Tagen angemeldet, keine Fahrt im 365-Tage-Fenster",2026-08-25,2026-11-23,BASIS
1011,K-001011,Vielfahrer,"Bindung halten — und je Tarif prüfen, ob das Freiminutenvolumen nötig ist","recency 4 d, 22 Fahrten, 10.56 EUR",2026-08-25,2026-11-23,PREMIUM
1012,K-001012,"Früher aktiv, jetzt inaktiv",Rückgewinnung: was hat gefehlt?,"seit 1428 Tagen angemeldet, keine Fahrt im 365-Tage-Fenster",2026-08-25,2026-11-23,BASIS
1013,K-001013,Gelegenheitsnutzer,Anlass schaffen: Wetter-/Veranstaltungshinweis,"recency 41 d, 7 Fahrten, 6.05 EUR",2026-08-25,2026-11-23,STUDENT
1015,K-001015,Gelegenheitsnutzer,Anlass schaffen: Wetter-/Veranstaltungshinweis,"recency 18 d, 5 Fahrten, 14.15 EUR",2026-08-25,2026-11-23,BASIS
1016,K-001016,Vielfahrer,"Bindung halten — und je Tarif prüfen, ob das Freiminutenvolumen nötig ist","recency 17 d, 46 Fahrten, 49.68 EUR",2026-08-25,2026-11-23,PREMIUM
1017,K-001017,"Neu, noch keine Erstfahrt",Willkommensansprache zur Erstfahrt,"seit 169 Tagen angemeldet, keine Fahrt im 365-Tage-Fenster",2026-08-25,2026-11-23,BASIS
1018,K-001018,"Früher aktiv, jetzt inaktiv",Rückgewinnung: was hat gefehlt?,"seit 1813 Tagen angemeldet, keine Fahrt im 365-Tage-Fenster",2026-08-25,2026-11-23,STUDENT
1019,K-001019,"Früher aktiv, jetzt inaktiv",Rückgewinnung: was hat gefehlt?,"seit 1012 Tagen angemeldet, keine Fahrt im 365-Tage-Fenster",2026-08-25,2026-11-23,BASIS
1020,K-001020,"Früher aktiv, jetzt inaktiv",Rückgewinnung: was hat gefehlt?,"seit 1356 Tagen angemeldet, keine Fahrt im 365-Tage-Fenster",2026-08-25,2026-11-23,BASIS
1021,K-001021,"Früher aktiv, jetzt inaktiv",Rückgewinnung: was hat gefehlt?,"seit 602 Tagen angemeldet, keine Fahrt im 365-Tage-Fenster",2026-08-25,2026-11-23,STUDENT
1022,K-001022,Eingeschlafen,Rückgewinnung: einmalig Freiminuten,"recency 300 d, 1 Fahrten, 7.00 EUR",2026-08-25,2026-11-23,BASIS
1023,K-001023,"Früher aktiv, jetzt inaktiv",Rückgewinnung: was hat gefehlt?,"seit 1652 Tagen angemeldet, keine Fahrt im 365-Tage-Fenster",2026-08-25,2026-11-23,STUDENT
1024,K-001024,"Früher aktiv, jetzt inaktiv",Rückgewinnung: was hat gefehlt?,"seit 783 Tagen angemeldet, keine Fahrt im 365-Tage-Fenster",2026-08-25,2026-11-23,STUDENT
1025,K-001025,Vielfahrer,"Bindung halten — und je Tarif prüfen, ob das Freiminutenvolumen nötig ist","recency 17 d, 16 Fahrten, 9.80 EUR",2026-08-25,2026-11-23,OEPNV
1027,K-001027,Eingeschlafen,Rückgewinnung: einmalig Freiminuten,"recency 307 d, 3 Fahrten, 12.10 EUR",2026-08-25,2026-11-23,BASIS
1028,K-001028,Gelegenheitsnutzer,Anlass schaffen: Wetter-/Veranstaltungshinweis,"recency 51 d, 9 Fahrten, 27.65 EUR",2026-08-25,2026-11-23,BASIS
1029,K-001029,Vielfahrer,"Bindung halten — und je Tarif prüfen, ob das Freiminutenvolumen nötig ist","recency 13 d, 30 Fahrten, 28.52 EUR",2026-08-25,2026-11-23,PREMIUM
1030,K-001030,"Früher aktiv, jetzt inaktiv",Rückgewinnung: was hat gefehlt?,"seit 1093 Tagen angemeldet, keine Fahrt im 365-Tage-Fenster",2026-08-25,2026-11-23,BASIS
1031,K-001031,Eingeschlafen,Rückgewinnung: einmalig Freiminuten,"recency 321 d, 2 Fahrten, 12.50 EUR",2026-08-25,2026-11-23,BASIS
1032,K-001032,"Früher aktiv, jetzt inaktiv",Rückgewinnung: was hat gefehlt?,"seit 1736 Tagen angemeldet, keine Fahrt im 365-Tage-Fenster",2026-08-25,2026-11-23,STUDENT
1033,K-001033,Gelegenheitsnutzer,Anlass schaffen: Wetter-/Veranstaltungshinweis,"recency 92 d, 1 Fahrten, 1.50 EUR",2026-08-25,2026-11-23,BASIS
1034,K-001034,Gelegenheitsnutzer,Anlass schaffen: Wetter-/Veranstaltungshinweis,"recency 9 d, 7 Fahrten, 4.56 EUR",2026-08-25,2026-11-23,PREMIUM
1035,K-001035,"Früher aktiv, jetzt inaktiv",Rückgewinnung: was hat gefehlt?,"seit 620 Tagen angemeldet, keine Fahrt im 365-Tage-Fenster",2026-08-25,2026-11-23,BASIS
1036,K-001036,Umsatzträger,nicht anfassen: sie tragen den Umsatz,"recency 53 d, 12 Fahrten, 83.15 EUR",2026-08-25,2026-11-23,BASIS
1037,K-001037,Gelegenheitsnutzer,Anlass schaffen: Wetter-/Veranstaltungshinweis,"recency 16 d, 3 Fahrten, 9.80 EUR",2026-08-25,2026-11-23,BASIS
1038,K-001038,Gelegenheitsnutzer,Anlass schaffen: Wetter-/Veranstaltungshinweis,"recency 8 d, 6 Fahrten, 26.05 EUR",2026-08-25,2026-11-23,BASIS
1039,K-001039,Vielfahrer,"Bindung halten — und je Tarif prüfen, ob das Freiminutenvolumen nötig ist","recency 3 d, 31 Fahrten, 26.96 EUR",2026-08-25,2026-11-23,PREMIUM
1040,K-001040,Umsatzträger,nicht anfassen: sie tragen den Umsatz,"recency 16 d, 9 Fahrten, 30.05 EUR",2026-08-25,2026-11-23,BASIS
1041,K-001041,Gelegenheitsnutzer,Anlass schaffen: Wetter-/Veranstaltungshinweis,"recency 71 d, 3 Fahrten, 17.00 EUR",2026-08-25,2026-11-23,BASIS
1042,K-001042,Umsatzträger,nicht anfassen: sie tragen den Umsatz,"recency 27 d, 7 Fahrten, 35.80 EUR",2026-08-25,2026-11-23,BASIS
1043,K-001043,Vielfahrer,"Bindung halten — und je Tarif prüfen, ob das Freiminutenvolumen nötig ist","recency 16 d, 22 Fahrten, 31.75 EUR",2026-08-25,2026-11-23,OEPNV
1044,K-001044,Vielfahrer,"Bindung halten — und je Tarif prüfen, ob das Freiminutenvolumen nötig ist","recency 16 d, 14 Fahrten, 5.90 EUR",2026-08-25,2026-11-23,OEPNV
1045,K-001045,Umsatzträger,nicht anfassen: sie tragen den Umsatz,"recency 14 d, 10 Fahrten, 37.40 EUR",2026-08-25,2026-11-23,BASIS
1046,K-001046,"Früher aktiv, jetzt inaktiv",Rückgewinnung: was hat gefehlt?,"seit 1137 Tagen angemeldet, keine Fahrt im 365-Tage-Fenster",2026-08-25,2026-11-23,BASIS
1047,K-001047,"Früher aktiv, jetzt inaktiv",Rückgewinnung: was hat gefehlt?,"seit 1496 Tagen angemeldet, keine Fahrt im 365-Tage-Fenster",2026-08-25,2026-11-23,BASIS
1048,K-001048,"Neu, noch keine Erstfahrt",Willkommensansprache zur Erstfahrt,"seit 92 Tagen angemeldet, keine Fahrt im 365-Tage-Fenster",2026-08-25,2026-11-23,BASIS
1049,K-001049,Gelegenheitsnutzer,Anlass schaffen: Wetter-/Veranstaltungshinweis,"recency 29 d, 9 Fahrten, 7.80 EUR",2026-08-25,2026-11-23,STUDENT
1050,K-001050,Vielfahrer,"Bindung halten — und je Tarif prüfen, ob das Freiminutenvolumen nötig ist","recency 17 d, 24 Fahrten, 107.60 EUR",2026-08-25,2026-11-23,OEPNV
1051,K-001051,Vielfahrer,"Bindung halten — und je Tarif prüfen, ob das Freiminutenvolumen nötig ist","recency 9 d, 35 Fahrten, 47.25 EUR",2026-08-25,2026-11-23,OEPNV
1052,K-001052,"Früher aktiv, jetzt inaktiv",Rückgewinnung: was hat gefehlt?,"seit 1771 Tagen angemeldet, keine Fahrt im 365-Tage-Fenster",2026-08-25,2026-11-23,BASIS
1053,K-001053,Gelegenheitsnutzer,Anlass schaffen: Wetter-/Veranstaltungshinweis,"recency 119 d, 5 Fahrten, 23.20 EUR",2026-08-25,2026-11-23,BASIS
1054,K-001054,"Neu, noch keine Erstfahrt",Willkommensansprache zur Erstfahrt,"seit 352 Tagen angemeldet, keine Fahrt im 365-Tage-Fenster",2026-08-25,2026-11-23,BASIS
1055,K-001055,Umsatzträger,nicht anfassen: sie tragen den Umsatz,"recency 78 d, 3 Fahrten, 36.35 EUR",2026-08-25,2026-11-23,BASIS
1056,K-001056,Gelegenheitsnutzer,Anlass schaffen: Wetter-/Veranstaltungshinweis,"recency 77 d, 6 Fahrten, 15.90 EUR",2026-08-25,2026-11-23,BASIS
1057,K-001057,Gelegenheitsnutzer,Anlass schaffen: Wetter-/Veranstaltungshinweis,"recency 22 d, 6 Fahrten, 21.00 EUR",2026-08-25,2026-11-23,BASIS
1058,K-001058,"Früher aktiv, jetzt inaktiv",Rückgewinnung: was hat gefehlt?,"seit 1072 Tagen angemeldet, keine Fahrt im 365-Tage-Fenster",2026-08-25,2026-11-23,BASIS
1059,K-001059,Gelegenheitsnutzer,Anlass schaffen: Wetter-/Veranstaltungshinweis,"recency 9 d, 2 Fahrten, 24.25 EUR",2026-08-25,2026-11-23,BASIS
1060,K-001060,Vielfahrer,"Bindung halten — und je Tarif prüfen, ob das Freiminutenvolumen nötig ist","recency 2 d, 40 Fahrten, 35.96 EUR",2026-08-25,2026-11-23,PREMIUM
1061,K-001061,"Früher aktiv, jetzt inaktiv",Rückgewinnung: was hat gefehlt?,"seit 1814 Tagen angemeldet, keine Fahrt im 365-Tage-Fenster",2026-08-25,2026-11-23,BASIS
1062,K-001062,Umsatzträger,nicht anfassen: sie tragen den Umsatz,"recency 19 d, 4 Fahrten, 85.45 EUR",2026-08-25,2026-11-23,BASIS
1063,K-001063,Gelegenheitsnutzer,Anlass schaffen: Wetter-/Veranstaltungshinweis,"recency 0 d, 5 Fahrten, 24.70 EUR",2026-08-25,2026-11-23,BASIS
1064,K-001064,Vielfahrer,"Bindung halten — und je Tarif prüfen, ob das Freiminutenvolumen nötig ist","recency 7 d, 13 Fahrten, 7.60 EUR",2026-08-25,2026-11-23,PREMIUM
1065,K-001065,Gelegenheitsnutzer,Anlass schaffen: Wetter-/Veranstaltungshinweis,"recency 57 d, 2 Fahrten, 5.60 EUR",2026-08-25,2026-11-23,BASIS
1066,K-001066,Gelegenheitsnutzer,Anlass schaffen: Wetter-/Veranstaltungshinweis,"recency 9 d, 7 Fahrten, 21.15 EUR",2026-08-25,2026-11-23,BASIS
1067,K-001067,Vielfahrer,"Bindung halten — und je Tarif prüfen, ob das Freiminutenvolumen nötig ist","recency 27 d, 21 Fahrten, 15.60 EUR",2026-08-25,2026-11-23,OEPNV
1068,K-001068,Gelegenheitsnutzer,Anlass schaffen: Wetter-/Veranstaltungshinweis,"recency 1 d, 2 Fahrten, 0.16 EUR",2026-08-25,2026-11-23,PREMIUM
1069,K-001069,Gelegenheitsnutzer,Anlass schaffen: Wetter-/Veranstaltungshinweis,"recency 115 d, 1 Fahrten, 6.00 EUR",2026-08-25,2026-11-23,BASIS
1070,K-001070,Gelegenheitsnutzer,Anlass schaffen: Wetter-/Veranstaltungshinweis,"recency 22 d, 11 Fahrten, 12.90 EUR",2026-08-25,2026-11-23,OEPNV
1071,K-001071,Eingeschlafen,Rückgewinnung: einmalig Freiminuten,"recency 358 d, 1 Fahrten, 1.20 EUR",2026-08-25,2026-11-23,BASIS
1072,K-001072,Gelegenheitsnutzer,Anlass schaffen: Wetter-/Veranstaltungshinweis,"recency 65 d, 6 Fahrten, 3.40 EUR",2026-08-25,2026-11-23,STUDENT
1073,K-001073,Gelegenheitsnutzer,Anlass schaffen: Wetter-/Veranstaltungshinweis,"recency 39 d, 3 Fahrten, 7.80 EUR",2026-08-25,2026-11-23,PREMIUM
1074,K-001074,Gelegenheitsnutzer,Anlass schaffen: Wetter-/Veranstaltungshinweis,"recency 28 d, 4 Fahrten, 15.20 EUR",2026-08-25,2026-11-23,BASIS
1075,K-001075,Vielfahrer,"Bindung halten — und je Tarif prüfen, ob das Freiminutenvolumen nötig ist","recency 18 d, 18 Fahrten, 54.35 EUR",2026-08-25,2026-11-23,STUDENT
1076,K-001076,"Früher aktiv, jetzt inaktiv",Rückgewinnung: was hat gefehlt?,"seit 887 Tagen angemeldet, keine Fahrt im 365-Tage-Fenster",2026-08-25,2026-11-23,BASIS
1077,K-001077,"Neu, noch keine Erstfahrt",Willkommensansprache zur Erstfahrt,"seit 219 Tagen angemeldet, keine Fahrt im 365-Tage-Fenster",2026-08-25,2026-11-23,OEPNV
1078,K-001078,Vielfahrer,"Bindung halten — und je Tarif prüfen, ob das Freiminutenvolumen nötig ist","recency 9 d, 17 Fahrten, 28.35 EUR",2026-08-25,2026-11-23,STUDENT
1079,K-001079,Vielfahrer,"Bindung halten — und je Tarif prüfen, ob das Freiminutenvolumen nötig ist","recency 0 d, 29 Fahrten, 133.25 EUR",2026-08-25,2026-11-23,BASIS
1081,K-001081,Gelegenheitsnutzer,Anlass schaffen: Wetter-/Veranstaltungshinweis,"recency 2 d, 7 Fahrten, 5.30 EUR",2026-08-25,2026-11-23,STUDENT
1082,K-001082,Vielfahrer,"Bindung halten — und je Tarif prüfen, ob das Freiminutenvolumen nötig ist","recency 15 d, 13 Fahrten, 17.10 EUR",2026-08-25,2026-11-23,OEPNV
1083,K-001083,"Neu, noch keine Erstfahrt",Willkommensansprache zur Erstfahrt,"seit 111 Tagen angemeldet, keine Fahrt im 365-Tage-Fenster",2026-08-25,2026-11-23,BASIS
1084,K-001084,"Früher aktiv, jetzt inaktiv",Rückgewinnung: was hat gefehlt?,"seit 1092 Tagen angemeldet, keine Fahrt im 365-Tage-Fenster",2026-08-25,2026-11-23,BASIS
1085,K-001085,Gelegenheitsnutzer,Anlass schaffen: Wetter-/Veranstaltungshinweis,"recency 12 d, 9 Fahrten, 5.28 EUR",2026-08-25,2026-11-23,PREMIUM
1086,K-001086,Vielfahrer,"Bindung halten — und je Tarif prüfen, ob das Freiminutenvolumen nötig ist","recency 13 d, 13 Fahrten, 19.00 EUR",2026-08-25,2026-11-23,STUDENT
1087,K-001087,"Neu, noch keine Erstfahrt",Willkommensansprache zur Erstfahrt,"seit 212 Tagen angemeldet, keine Fahrt im 365-Tage-Fenster",2026-08-25,2026-11-23,BASIS
1088,K-001088,Gelegenheitsnutzer,Anlass schaffen: Wetter-/Veranstaltungshinweis,"recency 16 d, 3 Fahrten, 4.80 EUR",2026-08-25,2026-11-23,STUDENT
1089,K-001089,Umsatzträger,nicht anfassen: sie tragen den Umsatz,"recency 22 d, 10 Fahrten, 37.10 EUR",2026-08-25,2026-11-23,BASIS
1090,K-001090,Umsatzträger,nicht anfassen: sie tragen den Umsatz,"recency 79 d, 7 Fahrten, 32.35 EUR",2026-08-25,2026-11-23,BASIS
1091,K-001091,Gelegenheitsnutzer,Anlass schaffen: Wetter-/Veranstaltungshinweis,"recency 23 d, 4 Fahrten, 24.65 EUR",2026-08-25,2026-11-23,BASIS
1092,K-001092,Gelegenheitsnutzer,Anlass schaffen: Wetter-/Veranstaltungshinweis,"recency 55 d, 6 Fahrten, 1.50 EUR",2026-08-25,2026-11-23,STUDENT
1093,K-001093,"Neu, noch keine Erstfahrt",Willkommensansprache zur Erstfahrt,"seit 256 Tagen angemeldet, keine Fahrt im 365-Tage-Fenster",2026-08-25,2026-11-23,BASIS
1094,K-001094,Eingeschlafen,Rückgewinnung: einmalig Freiminuten,"recency 247 d, 2 Fahrten, 3.10 EUR",2026-08-25,2026-11-23,BASIS
1095,K-001095,Gelegenheitsnutzer,Anlass schaffen: Wetter-/Veranstaltungshinweis,"recency 10 d, 2 Fahrten, 1.10 EUR",2026-08-25,2026-11-23,STUDENT
1096,K-001096,Gelegenheitsnutzer,Anlass schaffen: Wetter-/Veranstaltungshinweis,"recency 16 d, 1 Fahrten, 0.10 EUR",2026-08-25,2026-11-23,STUDENT
1097,K-001097,Gelegenheitsnutzer,Anlass schaffen: Wetter-/Veranstaltungshinweis,"recency 46 d, 12 Fahrten, 11.70 EUR",2026-08-25,2026-11-23,STUDENT
1098,K-001098,Vielfahrer,"Bindung halten — und je Tarif prüfen, ob das Freiminutenvolumen nötig ist","recency 0 d, 28 Fahrten, 26.35 EUR",2026-08-25,2026-11-23,OEPNV
1099,K-001099,Vielfahrer,"Bindung halten — und je Tarif prüfen, ob das Freiminutenvolumen nötig ist","recency 16 d, 35 Fahrten, 93.50 EUR",2026-08-25,2026-11-23,OEPNV
1102,K-001102,Gelegenheitsnutzer,Anlass schaffen: Wetter-/Veranstaltungshinweis,"recency 35 d, 6 Fahrten, 3.10 EUR",2026-08-25,2026-11-23,STUDENT
1103,K-001103,"Früher aktiv, jetzt inaktiv",Rückgewinnung: was hat gefehlt?,"seit 873 Tagen angemeldet, keine Fahrt im 365-Tage-Fenster",2026-08-25,2026-11-23,BASIS
1104,K-001104,Vielfahrer,"Bindung halten — und je Tarif prüfen, ob das Freiminutenvolumen nötig ist","recency 0 d, 20 Fahrten, 11.52 EUR",2026-08-25,2026-11-23,PREMIUM
1105,K-001105,"Früher aktiv, jetzt inaktiv",Rückgewinnung: was hat gefehlt?,"seit 1804 Tagen angemeldet, keine Fahrt im 365-Tage-Fenster",2026-08-25,2026-11-23,OEPNV
1106,K-001106,Gelegenheitsnutzer,Anlass schaffen: Wetter-/Veranstaltungshinweis,"recency 24 d, 9 Fahrten, 11.05 EUR",2026-08-25,2026-11-23,STUDENT
1107,K-001107,Vielfahrer,"Bindung halten — und je Tarif prüfen, ob das Freiminutenvolumen nötig ist","recency 5 d, 51 Fahrten, 60.20 EUR",2026-08-25,2026-11-23,OEPNV
1108,K-001108,Gelegenheitsnutzer,Anlass schaffen: Wetter-/Veranstaltungshinweis,"recency 92 d, 6 Fahrten, 5.30 EUR",2026-08-25,2026-11-23,OEPNV
1109,K-001109,Umsatzträger,nicht anfassen: sie tragen den Umsatz,"recency 10 d, 7 Fahrten, 45.05 EUR",2026-08-25,2026-11-23,BASIS
1110,K-001110,Vielfahrer,"Bindung halten — und je Tarif prüfen, ob das Freiminutenvolumen nötig ist","recency 17 d, 15 Fahrten, 6.32 EUR",2026-08-25,2026-11-23,PREMIUM
1111,K-001111,Gelegenheitsnutzer,Anlass schaffen: Wetter-/Veranstaltungshinweis,"recency 56 d, 11 Fahrten, 3.70 EUR",2026-08-25,2026-11-23,STUDENT
1112,K-001112,Gelegenheitsnutzer,Anlass schaffen: Wetter-/Veranstaltungshinweis,"recency 107 d, 1 Fahrten, 10.00 EUR",2026-08-25,2026-11-23,BASIS
1113,K-001113,Gelegenheitsnutzer,Anlass schaffen: Wetter-/Veranstaltungshinweis,"recency 6 d, 7 Fahrten, 11.15 EUR",2026-08-25,2026-11-23,STUDENT
1114,K-001114,Vielfahrer,"Bindung halten — und je Tarif prüfen, ob das Freiminutenvolumen nötig ist","recency 15 d, 25 Fahrten, 12.24 EUR",2026-08-25,2026-11-23,PREMIUM
1115,K-001115,Gelegenheitsnutzer,Anlass schaffen: Wetter-/Veranstaltungshinweis,"recency 14 d, 7 Fahrten, 15.40 EUR",2026-08-25,2026-11-23,BASIS
1117,K-001117,Umsatzträger,nicht anfassen: sie tragen den Umsatz,"recency 3 d, 10 Fahrten, 59.80 EUR",2026-08-25,2026-11-23,BASIS
1118,K-001118,Gelegenheitsnutzer,Anlass schaffen: Wetter-/Veranstaltungshinweis,"recency 115 d, 2 Fahrten, 12.25 EUR",2026-08-25,2026-11-23,BASIS
1119,K-001119,"Neu, noch keine Erstfahrt",Willkommensansprache zur Erstfahrt,"seit 257 Tagen angemeldet, keine Fahrt im 365-Tage-Fenster",2026-08-25,2026-11-23,BASIS
1120,K-001120,Gelegenheitsnutzer,Anlass schaffen: Wetter-/Veranstaltungshinweis,"recency 123 d, 2 Fahrten, 0.50 EUR",2026-08-25,2026-11-23,STUDENT
1121,K-001121,Eingeschlafen,Rückgewinnung: einmalig Freiminuten,"recency 300 d, 2 Fahrten, 8.05 EUR",2026-08-25,2026-11-23,BASIS
1122,K-001122,Umsatzträger,nicht anfassen: sie tragen den Umsatz,"recency 19 d, 7 Fahrten, 35.40 EUR",2026-08-25,2026-11-23,BASIS
1123,K-001123,Vielfahrer,"Bindung halten — und je Tarif prüfen, ob das Freiminutenvolumen nötig ist","recency 17 d, 30 Fahrten, 17.28 EUR",2026-08-25,2026-11-23,PREMIUM
1124,K-001124,Gelegenheitsnutzer,Anlass schaffen: Wetter-/Veranstaltungshinweis,"recency 54 d, 7 Fahrten, 5.76 EUR",2026-08-25,2026-11-23,PREMIUM
1125,K-001125,"Früher aktiv, jetzt inaktiv",Rückgewinnung: was hat gefehlt?,"seit 1063 Tagen angemeldet, keine Fahrt im 365-Tage-Fenster",2026-08-25,2026-11-23,BASIS
1127,K-001127,"Früher aktiv, jetzt inaktiv",Rückgewinnung: was hat gefehlt?,"seit 1460 Tagen angemeldet, keine Fahrt im 365-Tage-Fenster",2026-08-25,2026-11-23,OEPNV
1128,K-001128,"Früher aktiv, jetzt inaktiv",Rückgewinnung: was hat gefehlt?,"seit 799 Tagen angemeldet, keine Fahrt im 365-Tage-Fenster",2026-08-25,2026-11-23,PREMIUM
1129,K-001129,"Früher aktiv, jetzt inaktiv",Rückgewinnung: was hat gefehlt?,"seit 796 Tagen angemeldet, keine Fahrt im 365-Tage-Fenster",2026-08-25,2026-11-23,PREMIUM
1130,K-001130,Gelegenheitsnutzer,Anlass schaffen: Wetter-/Veranstaltungshinweis,"recency 10 d, 6 Fahrten, 4.96 EUR",2026-08-25,2026-11-23,PREMIUM
1131,K-001131,Vielfahrer,"Bindung halten — und je Tarif prüfen, ob das Freiminutenvolumen nötig ist","recency 32 d, 16 Fahrten, 7.84 EUR",2026-08-25,2026-11-23,PREMIUM
1132,K-001132,Gelegenheitsnutzer,Anlass schaffen: Wetter-/Veranstaltungshinweis,"recency 50 d, 7 Fahrten, 18.60 EUR",2026-08-25,2026-11-23,BASIS
1133,K-001133,Vielfahrer,"Bindung halten — und je Tarif prüfen, ob das Freiminutenvolumen nötig ist","recency 11 d, 20 Fahrten, 13.52 EUR",2026-08-25,2026-11-23,PREMIUM
1134,K-001134,Eingeschlafen,Rückgewinnung: einmalig Freiminuten,"recency 313 d, 1 Fahrten, 2.75 EUR",2026-08-25,2026-11-23,BASIS
1135,K-001135,Vielfahrer,"Bindung halten — und je Tarif prüfen, ob das Freiminutenvolumen nötig ist","recency 15 d, 20 Fahrten, 12.48 EUR",2026-08-25,2026-11-23,PREMIUM
1136,K-001136,Vielfahrer,"Bindung halten — und je Tarif prüfen, ob das Freiminutenvolumen nötig ist","recency 42 d, 16 Fahrten, 38.40 EUR",2026-08-25,2026-11-23,OEPNV
1137,K-001137,Gelegenheitsnutzer,Anlass schaffen: Wetter-/Veranstaltungshinweis,"recency 96 d, 1 Fahrten, 0.80 EUR",2026-08-25,2026-11-23,BASIS
1138,K-001138,Gelegenheitsnutzer,Anlass schaffen: Wetter-/Veranstaltungshinweis,"recency 13 d, 6 Fahrten, 14.20 EUR",2026-08-25,2026-11-23,BASIS
1139,K-001139,Gelegenheitsnutzer,Anlass schaffen: Wetter-/Veranstaltungshinweis,"recency 72 d, 2 Fahrten, 1.10 EUR",2026-08-25,2026-11-23,OEPNV
1140,K-001140,"Neu, noch keine Erstfahrt",Willkommensansprache zur Erstfahrt,"seit 79 Tagen angemeldet, keine Fahrt im 365-Tage-Fenster",2026-08-25,2026-11-23,BASIS
1141,K-001141,Gelegenheitsnutzer,Anlass schaffen: Wetter-/Veranstaltungshinweis,"recency 19 d, 3 Fahrten, 11.65 EUR",2026-08-25,2026-11-23,BASIS
1142,K-001142,"Früher aktiv, jetzt inaktiv",Rückgewinnung: was hat gefehlt?,"seit 1058 Tagen angemeldet, keine Fahrt im 365-Tage-Fenster",2026-08-25,2026-11-23,BASIS
1143,K-001143,"Früher aktiv, jetzt inaktiv",Rückgewinnung: was hat gefehlt?,"seit 1481 Tagen angemeldet, keine Fahrt im 365-Tage-Fenster",2026-08-25,2026-11-23,BASIS
1144,K-001144,Eingeschlafen,Rückgewinnung: einmalig Freiminuten,"recency 177 d, 1 Fahrten, 72.00 EUR",2026-08-25,2026-11-23,BASIS
1145,K-001145,"Früher aktiv, jetzt inaktiv",Rückgewinnung: was hat gefehlt?,"seit 979 Tagen angemeldet, keine Fahrt im 365-Tage-Fenster",2026-08-25,2026-11-23,BASIS
1146,K-001146,"Früher aktiv, jetzt inaktiv",Rückgewinnung: was hat gefehlt?,"seit 1218 Tagen angemeldet, keine Fahrt im 365-Tage-Fenster",2026-08-25,2026-11-23,STUDENT
1147,K-001147,Eingeschlafen,Rückgewinnung: einmalig Freiminuten,"recency 359 d, 1 Fahrten, 3.00 EUR",2026-08-25,2026-11-23,BASIS
1148,K-001148,Vielfahrer,"Bindung halten — und je Tarif prüfen, ob das Freiminutenvolumen nötig ist","recency 12 d, 15 Fahrten, 36.90 EUR",2026-08-25,2026-11-23,STUDENT
1149,K-001149,Gelegenheitsnutzer,Anlass schaffen: Wetter-/Veranstaltungshinweis,"recency 11 d, 6 Fahrten, 12.25 EUR",2026-08-25,2026-11-23,BASIS
1150,K-001150,"Früher aktiv, jetzt inaktiv",Rückgewinnung: was hat gefehlt?,"seit 1607 Tagen angemeldet, keine Fahrt im 365-Tage-Fenster",2026-08-25,2026-11-23,BASIS
1151,K-001151,Gelegenheitsnutzer,Anlass schaffen: Wetter-/Veranstaltungshinweis,"recency 49 d, 2 Fahrten, 5.00 EUR",2026-08-25,2026-11-23,BASIS
1152,K-001152,"Früher aktiv, jetzt inaktiv",Rückgewinnung: was hat gefehlt?,"seit 1827 Tagen angemeldet, keine Fahrt im 365-Tage-Fenster",2026-08-25,2026-11-23,BASIS
1153,K-001153,"Früher aktiv, jetzt inaktiv",Rückgewinnung: was hat gefehlt?,"seit 1592 Tagen angemeldet, keine Fahrt im 365-Tage-Fenster",2026-08-25,2026-11-23,OEPNV
1154,K-001154,Vielfahrer,"Bindung halten — und je Tarif prüfen, ob das Freiminutenvolumen nötig ist","recency 8 d, 17 Fahrten, 37.35 EUR",2026-08-25,2026-11-23,OEPNV
1155,K-001155,Vielfahrer,"Bindung halten — und je Tarif prüfen, ob das Freiminutenvolumen nötig ist","recency 9 d, 23 Fahrten, 21.60 EUR",2026-08-25,2026-11-23,OEPNV
1156,K-001156,Vielfahrer,"Bindung halten — und je Tarif prüfen, ob das Freiminutenvolumen nötig ist","recency 0 d, 30 Fahrten, 70.20 EUR",2026-08-25,2026-11-23,BASIS
1157,K-001157,"Früher aktiv, jetzt inaktiv",Rückgewinnung: was hat gefehlt?,"seit 1797 Tagen angemeldet, keine Fahrt im 365-Tage-Fenster",2026-08-25,2026-11-23,BASIS
1158,K-001158,"Früher aktiv, jetzt inaktiv",Rückgewinnung: was hat gefehlt?,"seit 931 Tagen angemeldet, keine Fahrt im 365-Tage-Fenster",2026-08-25,2026-11-23,BASIS
1159,K-001159,"Früher aktiv, jetzt inaktiv",Rückgewinnung: was hat gefehlt?,"seit 1126 Tagen angemeldet, keine Fahrt im 365-Tage-Fenster",2026-08-25,2026-11-23,BASIS
1160,K-001160,Gelegenheitsnutzer,Anlass schaffen: Wetter-/Veranstaltungshinweis,"recency 0 d, 5 Fahrten, 2.56 EUR",2026-08-25,2026-11-23,PREMIUM
1161,K-001161,Gelegenheitsnutzer,Anlass schaffen: Wetter-/Veranstaltungshinweis,"recency 10 d, 6 Fahrten, 3.30 EUR",2026-08-25,2026-11-23,STUDENT
1162,K-001162,Gelegenheitsnutzer,Anlass schaffen: Wetter-/Veranstaltungshinweis,"recency 1 d, 8 Fahrten, 24.00 EUR",2026-08-25,2026-11-23,OEPNV
1163,K-001163,Eingeschlafen,Rückgewinnung: einmalig Freiminuten,"recency 345 d, 1 Fahrten, 0.90 EUR",2026-08-25,2026-11-23,BASIS
1164,K-001164,"Früher aktiv, jetzt inaktiv",Rückgewinnung: was hat gefehlt?,"seit 1814 Tagen angemeldet, keine Fahrt im 365-Tage-Fenster",2026-08-25,2026-11-23,STUDENT
1165,K-001165,Gelegenheitsnutzer,Anlass schaffen: Wetter-/Veranstaltungshinweis,"recency 51 d, 3 Fahrten, 3.30 EUR",2026-08-25,2026-11-23,BASIS
1166,K-001166,Gelegenheitsnutzer,Anlass schaffen: Wetter-/Veranstaltungshinweis,"recency 30 d, 11 Fahrten, 11.50 EUR",2026-08-25,2026-11-23,STUDENT
1167,K-001167,Gelegenheitsnutzer,Anlass schaffen: Wetter-/Veranstaltungshinweis,"recency 1 d, 6 Fahrten, 19.05 EUR",2026-08-25,2026-11-23,BASIS
1168,K-001168,Gelegenheitsnutzer,Anlass schaffen: Wetter-/Veranstaltungshinweis,"recency 26 d, 2 Fahrten, 1.60 EUR",2026-08-25,2026-11-23,STUDENT
1169,K-001169,"Früher aktiv, jetzt inaktiv",Rückgewinnung: was hat gefehlt?,"seit 1817 Tagen angemeldet, keine Fahrt im 365-Tage-Fenster",2026-08-25,2026-11-23,BASIS
1170,K-001170,Gelegenheitsnutzer,Anlass schaffen: Wetter-/Veranstaltungshinweis,"recency 32 d, 3 Fahrten, 6.40 EUR",2026-08-25,2026-11-23,BASIS
1171,K-001171,"Früher aktiv, jetzt inaktiv",Rückgewinnung: was hat gefehlt?,"seit 559 Tagen angemeldet, keine Fahrt im 365-Tage-Fenster",2026-08-25,2026-11-23,BASIS
1172,K-001172,Gelegenheitsnutzer,Anlass schaffen: Wetter-/Veranstaltungshinweis,"recency 49 d, 11 Fahrten, 8.15 EUR",2026-08-25,2026-11-23,OEPNV
1173,K-001173,Vielfahrer,"Bindung halten — und je Tarif prüfen, ob das Freiminutenvolumen nötig ist","recency 1 d, 37 Fahrten, 91.55 EUR",2026-08-25,2026-11-23,OEPNV
1174,K-001174,Vielfahrer,"Bindung halten — und je Tarif prüfen, ob das Freiminutenvolumen nötig ist","recency 15 d, 30 Fahrten, 19.12 EUR",2026-08-25,2026-11-23,PREMIUM
1175,K-001175,"Früher aktiv, jetzt inaktiv",Rückgewinnung: was hat gefehlt?,"seit 1641 Tagen angemeldet, keine Fahrt im 365-Tage-Fenster",2026-08-25,2026-11-23,BASIS
1177,K-001177,Gelegenheitsnutzer,Anlass schaffen: Wetter-/Veranstaltungshinweis,"recency 22 d, 4 Fahrten, 2.20 EUR",2026-08-25,2026-11-23,OEPNV
1179,K-001179,Umsatzträger,nicht anfassen: sie tragen den Umsatz,"recency 16 d, 9 Fahrten, 35.85 EUR",2026-08-25,2026-11-23,OEPNV
1180,K-001180,Gelegenheitsnutzer,Anlass schaffen: Wetter-/Veranstaltungshinweis,"recency 71 d, 2 Fahrten, 10.95 EUR",2026-08-25,2026-11-23,BASIS
1181,K-001181,Umsatzträger,nicht anfassen: sie tragen den Umsatz,"recency 23 d, 12 Fahrten, 63.50 EUR",2026-08-25,2026-11-23,BASIS
1183,K-001183,Vielfahrer,"Bindung halten — und je Tarif prüfen, ob das Freiminutenvolumen nötig ist","recency 4 d, 27 Fahrten, 37.68 EUR",2026-08-25,2026-11-23,PREMIUM
1184,K-001184,Gelegenheitsnutzer,Anlass schaffen: Wetter-/Veranstaltungshinweis,"recency 48 d, 10 Fahrten, 11.80 EUR",2026-08-25,2026-11-23,STUDENT
1185,K-001185,"Früher aktiv, jetzt inaktiv",Rückgewinnung: was hat gefehlt?,"seit 653 Tagen angemeldet, keine Fahrt im 365-Tage-Fenster",2026-08-25,2026-11-23,BASIS
1186,K-001186,Vielfahrer,"Bindung halten — und je Tarif prüfen, ob das Freiminutenvolumen nötig ist","recency 7 d, 14 Fahrten, 8.60 EUR",2026-08-25,2026-11-23,STUDENT
1187,K-001187,Umsatzträger,nicht anfassen: sie tragen den Umsatz,"recency 15 d, 6 Fahrten, 40.50 EUR",2026-08-25,2026-11-23,BASIS
1188,K-001188,Vielfahrer,"Bindung halten — und je Tarif prüfen, ob das Freiminutenvolumen nötig ist","recency 32 d, 18 Fahrten, 61.00 EUR",2026-08-25,2026-11-23,STUDENT
1189,K-001189,Gelegenheitsnutzer,Anlass schaffen: Wetter-/Veranstaltungshinweis,"recency 7 d, 3 Fahrten, 1.30 EUR",2026-08-25,2026-11-23,OEPNV
1190,K-001190,"Früher aktiv, jetzt inaktiv",Rückgewinnung: was hat gefehlt?,"seit 1492 Tagen angemeldet, keine Fahrt im 365-Tage-Fenster",2026-08-25,2026-11-23,STUDENT
1191,K-001191,Vielfahrer,"Bindung halten — und je Tarif prüfen, ob das Freiminutenvolumen nötig ist","recency 24 d, 20 Fahrten, 49.15 EUR",2026-08-25,2026-11-23,OEPNV
1192,K-001192,Vielfahrer,"Bindung halten — und je Tarif prüfen, ob das Freiminutenvolumen nötig ist","recency 5 d, 34 Fahrten, 28.48 EUR",2026-08-25,2026-11-23,PREMIUM
1193,K-001193,"Früher aktiv, jetzt inaktiv",Rückgewinnung: was hat gefehlt?,"seit 1543 Tagen angemeldet, keine Fahrt im 365-Tage-Fenster",2026-08-25,2026-11-23,BASIS
1194,K-001194,Gelegenheitsnutzer,Anlass schaffen: Wetter-/Veranstaltungshinweis,"recency 20 d, 9 Fahrten, 13.10 EUR",2026-08-25,2026-11-23,STUDENT
1195,K-001195,Vielfahrer,"Bindung halten — und je Tarif prüfen, ob das Freiminutenvolumen nötig ist","recency 11 d, 22 Fahrten, 13.72 EUR",2026-08-25,2026-11-23,PREMIUM
1196,K-001196,"Früher aktiv, jetzt inaktiv",Rückgewinnung: was hat gefehlt?,"seit 1621 Tagen angemeldet, keine Fahrt im 365-Tage-Fenster",2026-08-25,2026-11-23,BASIS
1197,K-001197,Gelegenheitsnutzer,Anlass schaffen: Wetter-/Veranstaltungshinweis,"recency 11 d, 5 Fahrten, 7.95 EUR",2026-08-25,2026-11-23,STUDENT
1198,K-001198,Eingeschlafen,Rückgewinnung: einmalig Freiminuten,"recency 316 d, 1 Fahrten, 6.75 EUR",2026-08-25,2026-11-23,BASIS
1199,K-001199,Gelegenheitsnutzer,Anlass schaffen: Wetter-/Veranstaltungshinweis,"recency 67 d, 6 Fahrten, 23.80 EUR",2026-08-25,2026-11-23,BASIS
1200,K-001200,Gelegenheitsnutzer,Anlass schaffen: Wetter-/Veranstaltungshinweis,"recency 104 d, 5 Fahrten, 20.70 EUR",2026-08-25,2026-11-23,STUDENT
1201,K-001201,Vielfahrer,"Bindung halten — und je Tarif prüfen, ob das Freiminutenvolumen nötig ist","recency 22 d, 18 Fahrten, 54.85 EUR",2026-08-25,2026-11-23,BASIS
1202,K-001202,Gelegenheitsnutzer,Anlass schaffen: Wetter-/Veranstaltungshinweis,"recency 44 d, 7 Fahrten, 24.50 EUR",2026-08-25,2026-11-23,BASIS
1203,K-001203,"Neu, noch keine Erstfahrt",Willkommensansprache zur Erstfahrt,"seit 47 Tagen angemeldet, keine Fahrt im 365-Tage-Fenster",2026-08-25,2026-11-23,STUDENT
1204,K-001204,Vielfahrer,"Bindung halten — und je Tarif prüfen, ob das Freiminutenvolumen nötig ist","recency 9 d, 26 Fahrten, 82.85 EUR",2026-08-25,2026-11-23,STUDENT
1205,K-001205,"Früher aktiv, jetzt inaktiv",Rückgewinnung: was hat gefehlt?,"seit 1303 Tagen angemeldet, keine Fahrt im 365-Tage-Fenster",2026-08-25,2026-11-23,BASIS
1206,K-001206,Gelegenheitsnutzer,Anlass schaffen: Wetter-/Veranstaltungshinweis,"recency 16 d, 5 Fahrten, 23.35 EUR",2026-08-25,2026-11-23,BASIS
1207,K-001207,"Früher aktiv, jetzt inaktiv",Rückgewinnung: was hat gefehlt?,"seit 1822 Tagen angemeldet, keine Fahrt im 365-Tage-Fenster",2026-08-25,2026-11-23,OEPNV
1208,K-001208,"Früher aktiv, jetzt inaktiv",Rückgewinnung: was hat gefehlt?,"seit 1825 Tagen angemeldet, keine Fahrt im 365-Tage-Fenster",2026-08-25,2026-11-23,BASIS
1209,K-001209,Umsatzträger,nicht anfassen: sie tragen den Umsatz,"recency 13 d, 11 Fahrten, 31.90 EUR",2026-08-25,2026-11-23,STUDENT
1210,K-001210,Umsatzträger,nicht anfassen: sie tragen den Umsatz,"recency 19 d, 5 Fahrten, 41.75 EUR",2026-08-25,2026-11-23,BASIS
1212,K-001212,Gelegenheitsnutzer,Anlass schaffen: Wetter-/Veranstaltungshinweis,"recency 10 d, 12 Fahrten, 5.70 EUR",2026-08-25,2026-11-23,OEPNV
1213,K-001213,Umsatzträger,nicht anfassen: sie tragen den Umsatz,"recency 37 d, 11 Fahrten, 49.30 EUR",2026-08-25,2026-11-23,BASIS
1214,K-001214,Vielfahrer,"Bindung halten — und je Tarif prüfen, ob das Freiminutenvolumen nötig ist","recency 22 d, 25 Fahrten, 30.50 EUR",2026-08-25,2026-11-23,OEPNV
1215,K-001215,"Neu, noch keine Erstfahrt",Willkommensansprache zur Erstfahrt,"seit 32 Tagen angemeldet, keine Fahrt im 365-Tage-Fenster",2026-08-25,2026-11-23,BASIS
1216,K-001216,Vielfahrer,"Bindung halten — und je Tarif prüfen, ob das Freiminutenvolumen nötig ist","recency 0 d, 21 Fahrten, 32.00 EUR",2026-08-25,2026-11-23,OEPNV
1217,K-001217,"Früher aktiv, jetzt inaktiv",Rückgewinnung: was hat gefehlt?,"seit 773 Tagen angemeldet, keine Fahrt im 365-Tage-Fenster",2026-08-25,2026-11-23,BASIS
1218,K-001218,Vielfahrer,"Bindung halten — und je Tarif prüfen, ob das Freiminutenvolumen nötig ist","recency 48 d, 16 Fahrten, 12.55 EUR",2026-08-25,2026-11-23,STUDENT
1219,K-001219,Vielfahrer,"Bindung halten — und je Tarif prüfen, ob das Freiminutenvolumen nötig ist","recency 2 d, 59 Fahrten, 78.65 EUR",2026-08-25,2026-11-23,OEPNV
1220,K-001220,Gelegenheitsnutzer,Anlass schaffen: Wetter-/Veranstaltungshinweis,"recency 93 d, 3 Fahrten, 16.90 EUR",2026-08-25,2026-11-23,BASIS
1221,K-001221,Vielfahrer,"Bindung halten — und je Tarif prüfen, ob das Freiminutenvolumen nötig ist","recency 12 d, 18 Fahrten, 10.00 EUR",2026-08-25,2026-11-23,OEPNV
1222,K-001222,"Früher aktiv, jetzt inaktiv",Rückgewinnung: was hat gefehlt?,"seit 828 Tagen angemeldet, keine Fahrt im 365-Tage-Fenster",2026-08-25,2026-11-23,BASIS
1223,K-001223,"Neu, noch keine Erstfahrt",Willkommensansprache zur Erstfahrt,"seit 354 Tagen angemeldet, keine Fahrt im 365-Tage-Fenster",2026-08-25,2026-11-23,BASIS
1224,K-001224,"Früher aktiv, jetzt inaktiv",Rückgewinnung: was hat gefehlt?,"seit 1306 Tagen angemeldet, keine Fahrt im 365-Tage-Fenster",2026-08-25,2026-11-23,BASIS
1225,K-001225,"Früher aktiv, jetzt inaktiv",Rückgewinnung: was hat gefehlt?,"seit 1039 Tagen angemeldet, keine Fahrt im 365-Tage-Fenster",2026-08-25,2026-11-23,BASIS
1226,K-001226,Vielfahrer,"Bindung halten — und je Tarif prüfen, ob das Freiminutenvolumen nötig ist","recency 4 d, 22 Fahrten, 71.00 EUR",2026-08-25,2026-11-23,BASIS
1227,K-001227,Gelegenheitsnutzer,Anlass schaffen: Wetter-/Veranstaltungshinweis,"recency 16 d, 10 Fahrten, 10.25 EUR",2026-08-25,2026-11-23,STUDENT
1228,K-001228,Vielfahrer,"Bindung halten — und je Tarif prüfen, ob das Freiminutenvolumen nötig ist","recency 15 d, 14 Fahrten, 11.90 EUR",2026-08-25,2026-11-23,STUDENT
1229,K-001229,Vielfahrer,"Bindung halten — und je Tarif prüfen, ob das Freiminutenvolumen nötig ist","recency 1 d, 16 Fahrten, 8.64 EUR",2026-08-25,2026-11-23,PREMIUM
1231,K-001231,Eingeschlafen,Rückgewinnung: einmalig Freiminuten,"recency 153 d, 1 Fahrten, 0.60 EUR",2026-08-25,2026-11-23,BASIS
1232,K-001232,"Neu, noch keine Erstfahrt",Willkommensansprache zur Erstfahrt,"seit 191 Tagen angemeldet, keine Fahrt im 365-Tage-Fenster",2026-08-25,2026-11-23,STUDENT
1233,K-001233,Vielfahrer,"Bindung halten — und je Tarif prüfen, ob das Freiminutenvolumen nötig ist","recency 4 d, 17 Fahrten, 42.30 EUR",2026-08-25,2026-11-23,OEPNV
1234,K-001234,"Früher aktiv, jetzt inaktiv",Rückgewinnung: was hat gefehlt?,"seit 1040 Tagen angemeldet, keine Fahrt im 365-Tage-Fenster",2026-08-25,2026-11-23,BASIS
1235,K-001235,"Neu, noch keine Erstfahrt",Willkommensansprache zur Erstfahrt,"seit 36 Tagen angemeldet, keine Fahrt im 365-Tage-Fenster",2026-08-25,2026-11-23,BASIS
1236,K-001236,Gelegenheitsnutzer,Anlass schaffen: Wetter-/Veranstaltungshinweis,"recency 48 d, 2 Fahrten, 11.45 EUR",2026-08-25,2026-11-23,BASIS
1237,K-001237,Umsatzträger,nicht anfassen: sie tragen den Umsatz,"recency 26 d, 11 Fahrten, 33.40 EUR",2026-08-25,2026-11-23,STUDENT
1238,K-001238,Gelegenheitsnutzer,Anlass schaffen: Wetter-/Veranstaltungshinweis,"recency 6 d, 12 Fahrten, 14.16 EUR",2026-08-25,2026-11-23,PREMIUM
1239,K-001239,Vielfahrer,"Bindung halten — und je Tarif prüfen, ob das Freiminutenvolumen nötig ist","recency 19 d, 27 Fahrten, 61.90 EUR",2026-08-25,2026-11-23,BASIS
1240,K-001240,Gelegenheitsnutzer,Anlass schaffen: Wetter-/Veranstaltungshinweis,"recency 8 d, 4 Fahrten, 26.40 EUR",2026-08-25,2026-11-23,BASIS
1241,K-001241,"Neu, noch keine Erstfahrt",Willkommensansprache zur Erstfahrt,"seit 182 Tagen angemeldet, keine Fahrt im 365-Tage-Fenster",2026-08-25,2026-11-23,BASIS
1242,K-001242,Gelegenheitsnutzer,Anlass schaffen: Wetter-/Veranstaltungshinweis,"recency 20 d, 7 Fahrten, 3.52 EUR",2026-08-25,2026-11-23,PREMIUM
1243,K-001243,Gelegenheitsnutzer,Anlass schaffen: Wetter-/Veranstaltungshinweis,"recency 37 d, 4 Fahrten, 3.20 EUR",2026-08-25,2026-11-23,OEPNV
1244,K-001244,"Früher aktiv, jetzt inaktiv",Rückgewinnung: was hat gefehlt?,"seit 642 Tagen angemeldet, keine Fahrt im 365-Tage-Fenster",2026-08-25,2026-11-23,BASIS
1245,K-001245,Gelegenheitsnutzer,Anlass schaffen: Wetter-/Veranstaltungshinweis,"recency 51 d, 6 Fahrten, 6.20 EUR",2026-08-25,2026-11-23,OEPNV
1247,K-001247,Gelegenheitsnutzer,Anlass schaffen: Wetter-/Veranstaltungshinweis,"recency 72 d, 4 Fahrten, 1.04 EUR",2026-08-25,2026-11-23,PREMIUM
1248,K-001248,Vielfahrer,"Bindung halten — und je Tarif prüfen, ob das Freiminutenvolumen nötig ist","recency 8 d, 20 Fahrten, 36.65 EUR",2026-08-25,2026-11-23,STUDENT
1249,K-001249,Umsatzträger,nicht anfassen: sie tragen den Umsatz,"recency 8 d, 9 Fahrten, 50.90 EUR",2026-08-25,2026-11-23,BASIS
1250,K-001250,Umsatzträger,nicht anfassen: sie tragen den Umsatz,"recency 2 d, 5 Fahrten, 51.20 EUR",2026-08-25,2026-11-23,BASIS
1251,K-001251,Gelegenheitsnutzer,Anlass schaffen: Wetter-/Veranstaltungshinweis,"recency 27 d, 6 Fahrten, 7.70 EUR",2026-08-25,2026-11-23,STUDENT
1252,K-001252,"Früher aktiv, jetzt inaktiv",Rückgewinnung: was hat gefehlt?,"seit 1179 Tagen angemeldet, keine Fahrt im 365-Tage-Fenster",2026-08-25,2026-11-23,BASIS
1253,K-001253,"Früher aktiv, jetzt inaktiv",Rückgewinnung: was hat gefehlt?,"seit 1337 Tagen angemeldet, keine Fahrt im 365-Tage-Fenster",2026-08-25,2026-11-23,BASIS
1254,K-001254,Vielfahrer,"Bindung halten — und je Tarif prüfen, ob das Freiminutenvolumen nötig ist","recency 1 d, 55 Fahrten, 38.56 EUR",2026-08-25,2026-11-23,PREMIUM
1255,K-001255,"Früher aktiv, jetzt inaktiv",Rückgewinnung: was hat gefehlt?,"seit 1797 Tagen angemeldet, keine Fahrt im 365-Tage-Fenster",2026-08-25,2026-11-23,STUDENT
1256,K-001256,"Neu, noch keine Erstfahrt",Willkommensansprache zur Erstfahrt,"seit 114 Tagen angemeldet, keine Fahrt im 365-Tage-Fenster",2026-08-25,2026-11-23,BASIS
1257,K-001257,"Früher aktiv, jetzt inaktiv",Rückgewinnung: was hat gefehlt?,"seit 956 Tagen angemeldet, keine Fahrt im 365-Tage-Fenster",2026-08-25,2026-11-23,BASIS
1258,K-001258,"Früher aktiv, jetzt inaktiv",Rückgewinnung: was hat gefehlt?,"seit 556 Tagen angemeldet, keine Fahrt im 365-Tage-Fenster",2026-08-25,2026-11-23,STUDENT
1259,K-001259,"Früher aktiv, jetzt inaktiv",Rückgewinnung: was hat gefehlt?,"seit 1143 Tagen angemeldet, keine Fahrt im 365-Tage-Fenster",2026-08-25,2026-11-23,STUDENT
1261,K-001261,Umsatzträger,nicht anfassen: sie tragen den Umsatz,"recency 52 d, 4 Fahrten, 40.50 EUR",2026-08-25,2026-11-23,BASIS
1262,K-001262,Gelegenheitsnutzer,Anlass schaffen: Wetter-/Veranstaltungshinweis,"recency 68 d, 10 Fahrten, 8.10 EUR",2026-08-25,2026-11-23,STUDENT
1263,K-001263,"Früher aktiv, jetzt inaktiv",Rückgewinnung: was hat gefehlt?,"seit 1256 Tagen angemeldet, keine Fahrt im 365-Tage-Fenster",2026-08-25,2026-11-23,BASIS
1264,K-001264,Gelegenheitsnutzer,Anlass schaffen: Wetter-/Veranstaltungshinweis,"recency 4 d, 9 Fahrten, 9.55 EUR",2026-08-25,2026-11-23,OEPNV
1265,K-001265,Gelegenheitsnutzer,Anlass schaffen: Wetter-/Veranstaltungshinweis,"recency 6 d, 12 Fahrten, 19.60 EUR",2026-08-25,2026-11-23,STUDENT
1266,K-001266,Umsatzträger,nicht anfassen: sie tragen den Umsatz,"recency 33 d, 5 Fahrten, 35.30 EUR",2026-08-25,2026-11-23,BASIS
1267,K-001267,Gelegenheitsnutzer,Anlass schaffen: Wetter-/Veranstaltungshinweis,"recency 44 d, 9 Fahrten, 20.35 EUR",2026-08-25,2026-11-23,STUDENT
1268,K-001268,Gelegenheitsnutzer,Anlass schaffen: Wetter-/Veranstaltungshinweis,"recency 27 d, 12 Fahrten, 21.90 EUR",2026-08-25,2026-11-23,STUDENT
1270,K-001270,Gelegenheitsnutzer,Anlass schaffen: Wetter-/Veranstaltungshinweis,"recency 44 d, 1 Fahrten, 2.25 EUR",2026-08-25,2026-11-23,BASIS
1271,K-001271,Gelegenheitsnutzer,Anlass schaffen: Wetter-/Veranstaltungshinweis,"recency 8 d, 7 Fahrten, 6.65 EUR",2026-08-25,2026-11-23,STUDENT
1272,K-001272,Gelegenheitsnutzer,Anlass schaffen: Wetter-/Veranstaltungshinweis,"recency 37 d, 6 Fahrten, 17.25 EUR",2026-08-25,2026-11-23,BASIS
1273,K-001273,Vielfahrer,"Bindung halten — und je Tarif prüfen, ob das Freiminutenvolumen nötig ist","recency 14 d, 28 Fahrten, 64.95 EUR",2026-08-25,2026-11-23,OEPNV
1274,K-001274,Eingeschlafen,Rückgewinnung: einmalig Freiminuten,"recency 268 d, 6 Fahrten, 47.85 EUR",2026-08-25,2026-11-23,STUDENT
1275,K-001275,Gelegenheitsnutzer,Anlass schaffen: Wetter-/Veranstaltungshinweis,"recency 8 d, 8 Fahrten, 9.90 EUR",2026-08-25,2026-11-23,STUDENT
1276,K-001276,Umsatzträger,nicht anfassen: sie tragen den Umsatz,"recency 22 d, 6 Fahrten, 33.00 EUR",2026-08-25,2026-11-23,BASIS
1277,K-001277,Vielfahrer,"Bindung halten — und je Tarif prüfen, ob das Freiminutenvolumen nötig ist","recency 7 d, 15 Fahrten, 31.20 EUR",2026-08-25,2026-11-23,OEPNV
1278,K-001278,Gelegenheitsnutzer,Anlass schaffen: Wetter-/Veranstaltungshinweis,"recency 65 d, 2 Fahrten, 17.00 EUR",2026-08-25,2026-11-23,BASIS
1279,K-001279,Gelegenheitsnutzer,Anlass schaffen: Wetter-/Veranstaltungshinweis,"recency 21 d, 6 Fahrten, 3.30 EUR",2026-08-25,2026-11-23,OEPNV
1280,K-001280,Eingeschlafen,Rückgewinnung: einmalig Freiminuten,"recency 199 d, 2 Fahrten, 4.55 EUR",2026-08-25,2026-11-23,BASIS
1281,K-001281,Vielfahrer,"Bindung halten — und je Tarif prüfen, ob das Freiminutenvolumen nötig ist","recency 5 d, 42 Fahrten, 36.60 EUR",2026-08-25,2026-11-23,PREMIUM
1282,K-001282,"Neu, noch keine Erstfahrt",Willkommensansprache zur Erstfahrt,"seit 187 Tagen angemeldet, keine Fahrt im 365-Tage-Fenster",2026-08-25,2026-11-23,BASIS
1283,K-001283,Eingeschlafen,Rückgewinnung: einmalig Freiminuten,"recency 182 d, 1 Fahrten, 4.75 EUR",2026-08-25,2026-11-23,BASIS
1284,K-001284,"Früher aktiv, jetzt inaktiv",Rückgewinnung: was hat gefehlt?,"seit 879 Tagen angemeldet, keine Fahrt im 365-Tage-Fenster",2026-08-25,2026-11-23,BASIS
1285,K-001285,"Früher aktiv, jetzt inaktiv",Rückgewinnung: was hat gefehlt?,"seit 730 Tagen angemeldet, keine Fahrt im 365-Tage-Fenster",2026-08-25,2026-11-23,BASIS
1286,K-001286,Umsatzträger,nicht anfassen: sie tragen den Umsatz,"recency 57 d, 7 Fahrten, 31.15 EUR",2026-08-25,2026-11-23,BASIS
1287,K-001287,Umsatzträger,nicht anfassen: sie tragen den Umsatz,"recency 35 d, 11 Fahrten, 51.90 EUR",2026-08-25,2026-11-23,BASIS
1288,K-001288,Gelegenheitsnutzer,Anlass schaffen: Wetter-/Veranstaltungshinweis,"recency 45 d, 11 Fahrten, 13.40 EUR",2026-08-25,2026-11-23,STUDENT
1289,K-001289,Vielfahrer,"Bindung halten — und je Tarif prüfen, ob das Freiminutenvolumen nötig ist","recency 0 d, 45 Fahrten, 80.85 EUR",2026-08-25,2026-11-23,OEPNV
1290,K-001290,Eingeschlafen,Rückgewinnung: einmalig Freiminuten,"recency 323 d, 2 Fahrten, 0.20 EUR",2026-08-25,2026-11-23,OEPNV
1291,K-001291,Eingeschlafen,Rückgewinnung: einmalig Freiminuten,"recency 272 d, 2 Fahrten, 17.00 EUR",2026-08-25,2026-11-23,BASIS
1292,K-001292,Gelegenheitsnutzer,Anlass schaffen: Wetter-/Veranstaltungshinweis,"recency 20 d, 5 Fahrten, 5.50 EUR",2026-08-25,2026-11-23,BASIS
1294,K-001294,"Früher aktiv, jetzt inaktiv",Rückgewinnung: was hat gefehlt?,"seit 1328 Tagen angemeldet, keine Fahrt im 365-Tage-Fenster",2026-08-25,2026-11-23,STUDENT
1295,K-001295,Gelegenheitsnutzer,Anlass schaffen: Wetter-/Veranstaltungshinweis,"recency 8 d, 2 Fahrten, 6.50 EUR",2026-08-25,2026-11-23,BASIS
1296,K-001296,Gelegenheitsnutzer,Anlass schaffen: Wetter-/Veranstaltungshinweis,"recency 135 d, 3 Fahrten, 1.70 EUR",2026-08-25,2026-11-23,STUDENT
1297,K-001297,Umsatzträger,nicht anfassen: sie tragen den Umsatz,"recency 72 d, 8 Fahrten, 33.85 EUR",2026-08-25,2026-11-23,BASIS
1298,K-001298,Vielfahrer,"Bindung halten — und je Tarif prüfen, ob das Freiminutenvolumen nötig ist","recency 20 d, 18 Fahrten, 42.95 EUR",2026-08-25,2026-11-23,STUDENT
1299,K-001299,"Früher aktiv, jetzt inaktiv",Rückgewinnung: was hat gefehlt?,"seit 1382 Tagen angemeldet, keine Fahrt im 365-Tage-Fenster",2026-08-25,2026-11-23,BASIS
1301,K-001301,Gelegenheitsnutzer,Anlass schaffen: Wetter-/Veranstaltungshinweis,"recency 41 d, 11 Fahrten, 23.75 EUR",2026-08-25,2026-11-23,STUDENT
1302,K-001302,Gelegenheitsnutzer,Anlass schaffen: Wetter-/Veranstaltungshinweis,"recency 44 d, 2 Fahrten, 4.80 EUR",2026-08-25,2026-11-23,BASIS
1303,K-001303,"Früher aktiv, jetzt inaktiv",Rückgewinnung: was hat gefehlt?,"seit 1712 Tagen angemeldet, keine Fahrt im 365-Tage-Fenster",2026-08-25,2026-11-23,BASIS
1304,K-001304,Umsatzträger,nicht anfassen: sie tragen den Umsatz,"recency 56 d, 6 Fahrten, 42.15 EUR",2026-08-25,2026-11-23,BASIS
1305,K-001305,Gelegenheitsnutzer,Anlass schaffen: Wetter-/Veranstaltungshinweis,"recency 55 d, 6 Fahrten, 19.15 EUR",2026-08-25,2026-11-23,BASIS
1306,K-001306,Gelegenheitsnutzer,Anlass schaffen: Wetter-/Veranstaltungshinweis,"recency 41 d, 4 Fahrten, 24.60 EUR",2026-08-25,2026-11-23,STUDENT
1307,K-001307,"Neu, noch keine Erstfahrt",Willkommensansprache zur Erstfahrt,"seit 53 Tagen angemeldet, keine Fahrt im 365-Tage-Fenster",2026-08-25,2026-11-23,OEPNV
1309,K-001309,Gelegenheitsnutzer,Anlass schaffen: Wetter-/Veranstaltungshinweis,"recency 60 d, 3 Fahrten, 2.30 EUR",2026-08-25,2026-11-23,STUDENT
1310,K-001310,Gelegenheitsnutzer,Anlass schaffen: Wetter-/Veranstaltungshinweis,"recency 77 d, 3 Fahrten, 2.48 EUR",2026-08-25,2026-11-23,PREMIUM
1311,K-001311,Vielfahrer,"Bindung halten — und je Tarif prüfen, ob das Freiminutenvolumen nötig ist","recency 11 d, 30 Fahrten, 14.00 EUR",2026-08-25,2026-11-23,OEPNV
1312,K-001312,Umsatzträger,nicht anfassen: sie tragen den Umsatz,"recency 2 d, 8 Fahrten, 41.40 EUR",2026-08-25,2026-11-23,BASIS
1313,K-001313,"Früher aktiv, jetzt inaktiv",Rückgewinnung: was hat gefehlt?,"seit 1027 Tagen angemeldet, keine Fahrt im 365-Tage-Fenster",2026-08-25,2026-11-23,STUDENT
1314,K-001314,Vielfahrer,"Bindung halten — und je Tarif prüfen, ob das Freiminutenvolumen nötig ist","recency 0 d, 43 Fahrten, 183.75 EUR",2026-08-25,2026-11-23,OEPNV
1315,K-001315,Gelegenheitsnutzer,Anlass schaffen: Wetter-/Veranstaltungshinweis,"recency 27 d, 7 Fahrten, 3.80 EUR",2026-08-25,2026-11-23,STUDENT
1316,K-001316,Eingeschlafen,Rückgewinnung: einmalig Freiminuten,"recency 238 d, 1 Fahrten, 8.75 EUR",2026-08-25,2026-11-23,BASIS
1317,K-001317,"Neu, noch keine Erstfahrt",Willkommensansprache zur Erstfahrt,"seit 77 Tagen angemeldet, keine Fahrt im 365-Tage-Fenster",2026-08-25,2026-11-23,PREMIUM
1318,K-001318,Vielfahrer,"Bindung halten — und je Tarif prüfen, ob das Freiminutenvolumen nötig ist","recency 11 d, 29 Fahrten, 17.84 EUR",2026-08-25,2026-11-23,PREMIUM
1319,K-001319,Eingeschlafen,Rückgewinnung: einmalig Freiminuten,"recency 358 d, 1 Fahrten, 0.70 EUR",2026-08-25,2026-11-23,BASIS
1320,K-001320,Eingeschlafen,Rückgewinnung: einmalig Freiminuten,"recency 323 d, 2 Fahrten, 46.90 EUR",2026-08-25,2026-11-23,BASIS
1321,K-001321,Gelegenheitsnutzer,Anlass schaffen: Wetter-/Veranstaltungshinweis,"recency 12 d, 10 Fahrten, 6.10 EUR",2026-08-25,2026-11-23,STUDENT
1322,K-001322,Vielfahrer,"Bindung halten — und je Tarif prüfen, ob das Freiminutenvolumen nötig ist","recency 9 d, 13 Fahrten, 116.15 EUR",2026-08-25,2026-11-23,BASIS
1323,K-001323,"Früher aktiv, jetzt inaktiv",Rückgewinnung: was hat gefehlt?,"seit 690 Tagen angemeldet, keine Fahrt im 365-Tage-Fenster",2026-08-25,2026-11-23,BASIS
1324,K-001324,Eingeschlafen,Rückgewinnung: einmalig Freiminuten,"recency 295 d, 1 Fahrten, 4.25 EUR",2026-08-25,2026-11-23,BASIS
1325,K-001325,Gelegenheitsnutzer,Anlass schaffen: Wetter-/Veranstaltungshinweis,"recency 19 d, 5 Fahrten, 3.04 EUR",2026-08-25,2026-11-23,PREMIUM
1326,K-001326,Gelegenheitsnutzer,Anlass schaffen: Wetter-/Veranstaltungshinweis,"recency 51 d, 9 Fahrten, 9.70 EUR",2026-08-25,2026-11-23,OEPNV
1327,K-001327,"Früher aktiv, jetzt inaktiv",Rückgewinnung: was hat gefehlt?,"seit 974 Tagen angemeldet, keine Fahrt im 365-Tage-Fenster",2026-08-25,2026-11-23,BASIS
1328,K-001328,Vielfahrer,"Bindung halten — und je Tarif prüfen, ob das Freiminutenvolumen nötig ist","recency 6 d, 26 Fahrten, 13.76 EUR",2026-08-25,2026-11-23,PREMIUM
1329,K-001329,Vielfahrer,"Bindung halten — und je Tarif prüfen, ob das Freiminutenvolumen nötig ist","recency 43 d, 21 Fahrten, 49.10 EUR",2026-08-25,2026-11-23,STUDENT
1330,K-001330,"Früher aktiv, jetzt inaktiv",Rückgewinnung: was hat gefehlt?,"seit 678 Tagen angemeldet, keine Fahrt im 365-Tage-Fenster",2026-08-25,2026-11-23,BASIS
1331,K-001331,Gelegenheitsnutzer,Anlass schaffen: Wetter-/Veranstaltungshinweis,"recency 78 d, 1 Fahrten, 0.50 EUR",2026-08-25,2026-11-23,BASIS
1332,K-001332,Eingeschlafen,Rückgewinnung: einmalig Freiminuten,"recency 241 d, 1 Fahrten, 1.00 EUR",2026-08-25,2026-11-23,OEPNV
1333,K-001333,Vielfahrer,"Bindung halten — und je Tarif prüfen, ob das Freiminutenvolumen nötig ist","recency 25 d, 18 Fahrten, 11.20 EUR",2026-08-25,2026-11-23,OEPNV
1334,K-001334,"Früher aktiv, jetzt inaktiv",Rückgewinnung: was hat gefehlt?,"seit 1591 Tagen angemeldet, keine Fahrt im 365-Tage-Fenster",2026-08-25,2026-11-23,BASIS
1336,K-001336,Eingeschlafen,Rückgewinnung: einmalig Freiminuten,"recency 268 d, 1 Fahrten, 0.50 EUR",2026-08-25,2026-11-23,BASIS
1337,K-001337,Gelegenheitsnutzer,Anlass schaffen: Wetter-/Veranstaltungshinweis,"recency 15 d, 3 Fahrten, 1.80 EUR",2026-08-25,2026-11-23,OEPNV
1338,K-001338,Gelegenheitsnutzer,Anlass schaffen: Wetter-/Veranstaltungshinweis,"recency 84 d, 5 Fahrten, 8.05 EUR",2026-08-25,2026-11-23,STUDENT
1339,K-001339,Vielfahrer,"Bindung halten — und je Tarif prüfen, ob das Freiminutenvolumen nötig ist","recency 4 d, 37 Fahrten, 29.88 EUR",2026-08-25,2026-11-23,PREMIUM
1340,K-001340,"Neu, noch keine Erstfahrt",Willkommensansprache zur Erstfahrt,"seit 333 Tagen angemeldet, keine Fahrt im 365-Tage-Fenster",2026-08-25,2026-11-23,BASIS
1341,K-001341,Gelegenheitsnutzer,Anlass schaffen: Wetter-/Veranstaltungshinweis,"recency 43 d, 3 Fahrten, 13.85 EUR",2026-08-25,2026-11-23,BASIS
1342,K-001342,Gelegenheitsnutzer,Anlass schaffen: Wetter-/Veranstaltungshinweis,"recency 79 d, 7 Fahrten, 14.15 EUR",2026-08-25,2026-11-23,OEPNV
1343,K-001343,Gelegenheitsnutzer,Anlass schaffen: Wetter-/Veranstaltungshinweis,"recency 86 d, 1 Fahrten, 2.60 EUR",2026-08-25,2026-11-23,BASIS
1344,K-001344,Vielfahrer,"Bindung halten — und je Tarif prüfen, ob das Freiminutenvolumen nötig ist","recency 4 d, 40 Fahrten, 18.00 EUR",2026-08-25,2026-11-23,PREMIUM
1345,K-001345,Gelegenheitsnutzer,Anlass schaffen: Wetter-/Veranstaltungshinweis,"recency 4 d, 12 Fahrten, 10.90 EUR",2026-08-25,2026-11-23,OEPNV
1346,K-001346,Umsatzträger,nicht anfassen: sie tragen den Umsatz,"recency 120 d, 2 Fahrten, 70.10 EUR",2026-08-25,2026-11-23,BASIS
1347,K-001347,Vielfahrer,"Bindung halten — und je Tarif prüfen, ob das Freiminutenvolumen nötig ist","recency 10 d, 29 Fahrten, 121.15 EUR",2026-08-25,2026-11-23,BASIS
1348,K-001348,Gelegenheitsnutzer,Anlass schaffen: Wetter-/Veranstaltungshinweis,"recency 67 d, 3 Fahrten, 3.60 EUR",2026-08-25,2026-11-23,STUDENT
1349,K-001349,"Neu, noch keine Erstfahrt",Willkommensansprache zur Erstfahrt,"seit 127 Tagen angemeldet, keine Fahrt im 365-Tage-Fenster",2026-08-25,2026-11-23,BASIS
1350,K-001350,Vielfahrer,"Bindung halten — und je Tarif prüfen, ob das Freiminutenvolumen nötig ist","recency 1 d, 33 Fahrten, 27.84 EUR",2026-08-25,2026-11-23,PREMIUM
1351,K-001351,Vielfahrer,"Bindung halten — und je Tarif prüfen, ob das Freiminutenvolumen nötig ist","recency 2 d, 15 Fahrten, 8.56 EUR",2026-08-25,2026-11-23,PREMIUM
1352,K-001352,"Früher aktiv, jetzt inaktiv",Rückgewinnung: was hat gefehlt?,"seit 1790 Tagen angemeldet, keine Fahrt im 365-Tage-Fenster",2026-08-25,2026-11-23,BASIS
1353,K-001353,Vielfahrer,"Bindung halten — und je Tarif prüfen, ob das Freiminutenvolumen nötig ist","recency 20 d, 26 Fahrten, 12.96 EUR",2026-08-25,2026-11-23,PREMIUM
1354,K-001354,Gelegenheitsnutzer,Anlass schaffen: Wetter-/Veranstaltungshinweis,"recency 9 d, 4 Fahrten, 2.48 EUR",2026-08-25,2026-11-23,PREMIUM
1355,K-001355,Gelegenheitsnutzer,Anlass schaffen: Wetter-/Veranstaltungshinweis,"recency 40 d, 8 Fahrten, 16.10 EUR",2026-08-25,2026-11-23,STUDENT
1356,K-001356,"Neu, noch keine Erstfahrt",Willkommensansprache zur Erstfahrt,"seit 171 Tagen angemeldet, keine Fahrt im 365-Tage-Fenster",2026-08-25,2026-11-23,BASIS
1357,K-001357,"Früher aktiv, jetzt inaktiv",Rückgewinnung: was hat gefehlt?,"seit 894 Tagen angemeldet, keine Fahrt im 365-Tage-Fenster",2026-08-25,2026-11-23,BASIS
1360,K-001360,Gelegenheitsnutzer,Anlass schaffen: Wetter-/Veranstaltungshinweis,"recency 53 d, 12 Fahrten, 8.60 EUR",2026-08-25,2026-11-23,OEPNV
1361,K-001361,Gelegenheitsnutzer,Anlass schaffen: Wetter-/Veranstaltungshinweis,"recency 44 d, 2 Fahrten, 7.40 EUR",2026-08-25,2026-11-23,BASIS
1363,K-001363,"Früher aktiv, jetzt inaktiv",Rückgewinnung: was hat gefehlt?,"seit 1141 Tagen angemeldet, keine Fahrt im 365-Tage-Fenster",2026-08-25,2026-11-23,BASIS
1364,K-001364,Gelegenheitsnutzer,Anlass schaffen: Wetter-/Veranstaltungshinweis,"recency 20 d, 5 Fahrten, 15.25 EUR",2026-08-25,2026-11-23,OEPNV
1365,K-001365,Gelegenheitsnutzer,Anlass schaffen: Wetter-/Veranstaltungshinweis,"recency 37 d, 9 Fahrten, 3.90 EUR",2026-08-25,2026-11-23,OEPNV
1366,K-001366,Gelegenheitsnutzer,Anlass schaffen: Wetter-/Veranstaltungshinweis,"recency 11 d, 7 Fahrten, 29.70 EUR",2026-08-25,2026-11-23,BASIS
1367,K-001367,Gelegenheitsnutzer,Anlass schaffen: Wetter-/Veranstaltungshinweis,"recency 42 d, 9 Fahrten, 26.30 EUR",2026-08-25,2026-11-23,STUDENT
1368,K-001368,Umsatzträger,nicht anfassen: sie tragen den Umsatz,"recency 7 d, 9 Fahrten, 38.55 EUR",2026-08-25,2026-11-23,BASIS
1369,K-001369,Gelegenheitsnutzer,Anlass schaffen: Wetter-/Veranstaltungshinweis,"recency 63 d, 2 Fahrten, 7.40 EUR",2026-08-25,2026-11-23,BASIS
1370,K-001370,Gelegenheitsnutzer,Anlass schaffen: Wetter-/Veranstaltungshinweis,"recency 122 d, 1 Fahrten, 0.70 EUR",2026-08-25,2026-11-23,BASIS
1371,K-001371,Vielfahrer,"Bindung halten — und je Tarif prüfen, ob das Freiminutenvolumen nötig ist","recency 31 d, 13 Fahrten, 11.10 EUR",2026-08-25,2026-11-23,STUDENT
1372,K-001372,"Früher aktiv, jetzt inaktiv",Rückgewinnung: was hat gefehlt?,"seit 1801 Tagen angemeldet, keine Fahrt im 365-Tage-Fenster",2026-08-25,2026-11-23,OEPNV
1373,K-001373,Eingeschlafen,Rückgewinnung: einmalig Freiminuten,"recency 258 d, 3 Fahrten, 55.00 EUR",2026-08-25,2026-11-23,BASIS
1374,K-001374,"Früher aktiv, jetzt inaktiv",Rückgewinnung: was hat gefehlt?,"seit 512 Tagen angemeldet, keine Fahrt im 365-Tage-Fenster",2026-08-25,2026-11-23,BASIS
1375,K-001375,Eingeschlafen,Rückgewinnung: einmalig Freiminuten,"recency 163 d, 7 Fahrten, 61.70 EUR",2026-08-25,2026-11-23,BASIS
1376,K-001376,"Früher aktiv, jetzt inaktiv",Rückgewinnung: was hat gefehlt?,"seit 1107 Tagen angemeldet, keine Fahrt im 365-Tage-Fenster",2026-08-25,2026-11-23,BASIS
1377,K-001377,Umsatzträger,nicht anfassen: sie tragen den Umsatz,"recency 1 d, 3 Fahrten, 51.80 EUR",2026-08-25,2026-11-23,BASIS
1378,K-001378,Gelegenheitsnutzer,Anlass schaffen: Wetter-/Veranstaltungshinweis,"recency 4 d, 4 Fahrten, 3.28 EUR",2026-08-25,2026-11-23,PREMIUM
1379,K-001379,Vielfahrer,"Bindung halten — und je Tarif prüfen, ob das Freiminutenvolumen nötig ist","recency 1 d, 51 Fahrten, 103.24 EUR",2026-08-25,2026-11-23,PREMIUM
1380,K-001380,Gelegenheitsnutzer,Anlass schaffen: Wetter-/Veranstaltungshinweis,"recency 11 d, 8 Fahrten, 5.04 EUR",2026-08-25,2026-11-23,PREMIUM
1381,K-001381,Vielfahrer,"Bindung halten — und je Tarif prüfen, ob das Freiminutenvolumen nötig ist","recency 31 d, 17 Fahrten, 11.70 EUR",2026-08-25,2026-11-23,OEPNV
1382,K-001382,Vielfahrer,"Bindung halten — und je Tarif prüfen, ob das Freiminutenvolumen nötig ist","recency 24 d, 20 Fahrten, 16.20 EUR",2026-08-25,2026-11-23,OEPNV
1383,K-001383,Vielfahrer,"Bindung halten — und je Tarif prüfen, ob das Freiminutenvolumen nötig ist","recency 45 d, 14 Fahrten, 9.36 EUR",2026-08-25,2026-11-23,PREMIUM
1384,K-001384,Vielfahrer,"Bindung halten — und je Tarif prüfen, ob das Freiminutenvolumen nötig ist","recency 0 d, 26 Fahrten, 48.05 EUR",2026-08-25,2026-11-23,OEPNV
1385,K-001385,Gelegenheitsnutzer,Anlass schaffen: Wetter-/Veranstaltungshinweis,"recency 68 d, 2 Fahrten, 0.20 EUR",2026-08-25,2026-11-23,STUDENT
1386,K-001386,Vielfahrer,"Bindung halten — und je Tarif prüfen, ob das Freiminutenvolumen nötig ist","recency 33 d, 26 Fahrten, 26.60 EUR",2026-08-25,2026-11-23,OEPNV
1387,K-001387,Gelegenheitsnutzer,Anlass schaffen: Wetter-/Veranstaltungshinweis,"recency 23 d, 4 Fahrten, 1.30 EUR",2026-08-25,2026-11-23,STUDENT
1388,K-001388,Gelegenheitsnutzer,Anlass schaffen: Wetter-/Veranstaltungshinweis,"recency 50 d, 1 Fahrten, 3.10 EUR",2026-08-25,2026-11-23,BASIS
1389,K-001389,"Neu, noch keine Erstfahrt",Willkommensansprache zur Erstfahrt,"seit 91 Tagen angemeldet, keine Fahrt im 365-Tage-Fenster",2026-08-25,2026-11-23,BASIS
1390,K-001390,Gelegenheitsnutzer,Anlass schaffen: Wetter-/Veranstaltungshinweis,"recency 49 d, 7 Fahrten, 24.10 EUR",2026-08-25,2026-11-23,BASIS
1391,K-001391,Gelegenheitsnutzer,Anlass schaffen: Wetter-/Veranstaltungshinweis,"recency 2 d, 2 Fahrten, 6.80 EUR",2026-08-25,2026-11-23,BASIS
1392,K-001392,Gelegenheitsnutzer,Anlass schaffen: Wetter-/Veranstaltungshinweis,"recency 1 d, 9 Fahrten, 4.40 EUR",2026-08-25,2026-11-23,PREMIUM
1394,K-001394,Vielfahrer,"Bindung halten — und je Tarif prüfen, ob das Freiminutenvolumen nötig ist","recency 30 d, 22 Fahrten, 62.20 EUR",2026-08-25,2026-11-23,OEPNV
1395,K-001395,Gelegenheitsnutzer,Anlass schaffen: Wetter-/Veranstaltungshinweis,"recency 18 d, 1 Fahrten, 1.20 EUR",2026-08-25,2026-11-23,STUDENT
1396,K-001396,Umsatzträger,nicht anfassen: sie tragen den Umsatz,"recency 22 d, 12 Fahrten, 79.20 EUR",2026-08-25,2026-11-23,BASIS
1397,K-001397,"Neu, noch keine Erstfahrt",Willkommensansprache zur Erstfahrt,"seit 237 Tagen angemeldet, keine Fahrt im 365-Tage-Fenster",2026-08-25,2026-11-23,BASIS
1398,K-001398,"Früher aktiv, jetzt inaktiv",Rückgewinnung: was hat gefehlt?,"seit 1823 Tagen angemeldet, keine Fahrt im 365-Tage-Fenster",2026-08-25,2026-11-23,BASIS
1399,K-001399,Vielfahrer,"Bindung halten — und je Tarif prüfen, ob das Freiminutenvolumen nötig ist","recency 24 d, 39 Fahrten, 22.84 EUR",2026-08-25,2026-11-23,PREMIUM
1400,K-001400,Gelegenheitsnutzer,Anlass schaffen: Wetter-/Veranstaltungshinweis,"recency 8 d, 9 Fahrten, 8.30 EUR",2026-08-25,2026-11-23,STUDENT
1401,K-001401,"Neu, noch keine Erstfahrt",Willkommensansprache zur Erstfahrt,"seit 197 Tagen angemeldet, keine Fahrt im 365-Tage-Fenster",2026-08-25,2026-11-23,BASIS
1402,K-001402,"Früher aktiv, jetzt inaktiv",Rückgewinnung: was hat gefehlt?,"seit 828 Tagen angemeldet, keine Fahrt im 365-Tage-Fenster",2026-08-25,2026-11-23,BASIS
1403,K-001403,Gelegenheitsnutzer,Anlass schaffen: Wetter-/Veranstaltungshinweis,"recency 7 d, 3 Fahrten, 9.05 EUR",2026-08-25,2026-11-23,BASIS
1404,K-001404,Vielfahrer,"Bindung halten — und je Tarif prüfen, ob das Freiminutenvolumen nötig ist","recency 1 d, 49 Fahrten, 26.64 EUR",2026-08-25,2026-11-23,PREMIUM
1405,K-001405,Gelegenheitsnutzer,Anlass schaffen: Wetter-/Veranstaltungshinweis,"recency 7 d, 7 Fahrten, 10.65 EUR",2026-08-25,2026-11-23,STUDENT
1406,K-001406,Gelegenheitsnutzer,Anlass schaffen: Wetter-/Veranstaltungshinweis,"recency 72 d, 4 Fahrten, 16.55 EUR",2026-08-25,2026-11-23,BASIS
1407,K-001407,Gelegenheitsnutzer,Anlass schaffen: Wetter-/Veranstaltungshinweis,"recency 56 d, 1 Fahrten, 4.00 EUR",2026-08-25,2026-11-23,BASIS
1408,K-001408,Gelegenheitsnutzer,Anlass schaffen: Wetter-/Veranstaltungshinweis,"recency 52 d, 3 Fahrten, 10.00 EUR",2026-08-25,2026-11-23,BASIS
1409,K-001409,"Früher aktiv, jetzt inaktiv",Rückgewinnung: was hat gefehlt?,"seit 1035 Tagen angemeldet, keine Fahrt im 365-Tage-Fenster",2026-08-25,2026-11-23,STUDENT
1410,K-001410,Vielfahrer,"Bindung halten — und je Tarif prüfen, ob das Freiminutenvolumen nötig ist","recency 19 d, 17 Fahrten, 62.10 EUR",2026-08-25,2026-11-23,BASIS
1411,K-001411,Gelegenheitsnutzer,Anlass schaffen: Wetter-/Veranstaltungshinweis,"recency 63 d, 7 Fahrten, 3.44 EUR",2026-08-25,2026-11-23,PREMIUM
1412,K-001412,Gelegenheitsnutzer,Anlass schaffen: Wetter-/Veranstaltungshinweis,"recency 23 d, 5 Fahrten, 28.25 EUR",2026-08-25,2026-11-23,BASIS
1413,K-001413,Gelegenheitsnutzer,Anlass schaffen: Wetter-/Veranstaltungshinweis,"recency 9 d, 9 Fahrten, 21.15 EUR",2026-08-25,2026-11-23,STUDENT
1414,K-001414,"Früher aktiv, jetzt inaktiv",Rückgewinnung: was hat gefehlt?,"seit 1146 Tagen angemeldet, keine Fahrt im 365-Tage-Fenster",2026-08-25,2026-11-23,OEPNV
1415,K-001415,Gelegenheitsnutzer,Anlass schaffen: Wetter-/Veranstaltungshinweis,"recency 16 d, 8 Fahrten, 17.75 EUR",2026-08-25,2026-11-23,BASIS
1416,K-001416,"Früher aktiv, jetzt inaktiv",Rückgewinnung: was hat gefehlt?,"seit 1085 Tagen angemeldet, keine Fahrt im 365-Tage-Fenster",2026-08-25,2026-11-23,BASIS
1417,K-001417,Gelegenheitsnutzer,Anlass schaffen: Wetter-/Veranstaltungshinweis,"recency 81 d, 2 Fahrten, 25.60 EUR",2026-08-25,2026-11-23,BASIS
1418,K-001418,Gelegenheitsnutzer,Anlass schaffen: Wetter-/Veranstaltungshinweis,"recency 115 d, 4 Fahrten, 11.00 EUR",2026-08-25,2026-11-23,BASIS
1419,K-001419,"Früher aktiv, jetzt inaktiv",Rückgewinnung: was hat gefehlt?,"seit 1813 Tagen angemeldet, keine Fahrt im 365-Tage-Fenster",2026-08-25,2026-11-23,OEPNV
1420,K-001420,Umsatzträger,nicht anfassen: sie tragen den Umsatz,"recency 57 d, 9 Fahrten, 30.75 EUR",2026-08-25,2026-11-23,BASIS
1421,K-001421,Vielfahrer,"Bindung halten — und je Tarif prüfen, ob das Freiminutenvolumen nötig ist","recency 24 d, 17 Fahrten, 27.20 EUR",2026-08-25,2026-11-23,STUDENT
1422,K-001422,Gelegenheitsnutzer,Anlass schaffen: Wetter-/Veranstaltungshinweis,"recency 146 d, 1 Fahrten, 1.20 EUR",2026-08-25,2026-11-23,BASIS
1423,K-001423,Umsatzträger,nicht anfassen: sie tragen den Umsatz,"recency 16 d, 6 Fahrten, 30.60 EUR",2026-08-25,2026-11-23,BASIS
1424,K-001424,"Früher aktiv, jetzt inaktiv",Rückgewinnung: was hat gefehlt?,"seit 998 Tagen angemeldet, keine Fahrt im 365-Tage-Fenster",2026-08-25,2026-11-23,BASIS
1425,K-001425,Vielfahrer,"Bindung halten — und je Tarif prüfen, ob das Freiminutenvolumen nötig ist","recency 63 d, 18 Fahrten, 8.16 EUR",2026-08-25,2026-11-23,PREMIUM
1426,K-001426,"Früher aktiv, jetzt inaktiv",Rückgewinnung: was hat gefehlt?,"seit 1798 Tagen angemeldet, keine Fahrt im 365-Tage-Fenster",2026-08-25,2026-11-23,BASIS
1427,K-001427,Gelegenheitsnutzer,Anlass schaffen: Wetter-/Veranstaltungshinweis,"recency 25 d, 4 Fahrten, 28.20 EUR",2026-08-25,2026-11-23,BASIS
1428,K-001428,"Früher aktiv, jetzt inaktiv",Rückgewinnung: was hat gefehlt?,"seit 1385 Tagen angemeldet, keine Fahrt im 365-Tage-Fenster",2026-08-25,2026-11-23,BASIS
1429,K-001429,Gelegenheitsnutzer,Anlass schaffen: Wetter-/Veranstaltungshinweis,"recency 100 d, 1 Fahrten, 1.80 EUR",2026-08-25,2026-11-23,BASIS
1430,K-001430,Vielfahrer,"Bindung halten — und je Tarif prüfen, ob das Freiminutenvolumen nötig ist","recency 12 d, 21 Fahrten, 17.90 EUR",2026-08-25,2026-11-23,OEPNV
1431,K-001431,"Früher aktiv, jetzt inaktiv",Rückgewinnung: was hat gefehlt?,"seit 1038 Tagen angemeldet, keine Fahrt im 365-Tage-Fenster",2026-08-25,2026-11-23,BASIS
1432,K-001432,Vielfahrer,"Bindung halten — und je Tarif prüfen, ob das Freiminutenvolumen nötig ist","recency 8 d, 24 Fahrten, 15.20 EUR",2026-08-25,2026-11-23,PREMIUM
1433,K-001433,Eingeschlafen,Rückgewinnung: einmalig Freiminuten,"recency 331 d, 1 Fahrten, 6.75 EUR",2026-08-25,2026-11-23,BASIS
1434,K-001434,Vielfahrer,"Bindung halten — und je Tarif prüfen, ob das Freiminutenvolumen nötig ist","recency 1 d, 42 Fahrten, 33.52 EUR",2026-08-25,2026-11-23,PREMIUM
1435,K-001435,Gelegenheitsnutzer,Anlass schaffen: Wetter-/Veranstaltungshinweis,"recency 92 d, 4 Fahrten, 14.40 EUR",2026-08-25,2026-11-23,BASIS
1436,K-001436,Vielfahrer,"Bindung halten — und je Tarif prüfen, ob das Freiminutenvolumen nötig ist","recency 14 d, 30 Fahrten, 30.20 EUR",2026-08-25,2026-11-23,OEPNV
1437,K-001437,Vielfahrer,"Bindung halten — und je Tarif prüfen, ob das Freiminutenvolumen nötig ist","recency 9 d, 26 Fahrten, 99.55 EUR",2026-08-25,2026-11-23,BASIS
1438,K-001438,Gelegenheitsnutzer,Anlass schaffen: Wetter-/Veranstaltungshinweis,"recency 47 d, 10 Fahrten, 8.25 EUR",2026-08-25,2026-11-23,STUDENT
1439,K-001439,Vielfahrer,"Bindung halten — und je Tarif prüfen, ob das Freiminutenvolumen nötig ist","recency 4 d, 17 Fahrten, 63.20 EUR",2026-08-25,2026-11-23,OEPNV
1440,K-001440,Vielfahrer,"Bindung halten — und je Tarif prüfen, ob das Freiminutenvolumen nötig ist","recency 29 d, 27 Fahrten, 31.35 EUR",2026-08-25,2026-11-23,OEPNV
1441,K-001441,"Früher aktiv, jetzt inaktiv",Rückgewinnung: was hat gefehlt?,"seit 1241 Tagen angemeldet, keine Fahrt im 365-Tage-Fenster",2026-08-25,2026-11-23,BASIS
1442,K-001442,Gelegenheitsnutzer,Anlass schaffen: Wetter-/Veranstaltungshinweis,"recency 97 d, 4 Fahrten, 4.10 EUR",2026-08-25,2026-11-23,STUDENT
1443,K-001443,Gelegenheitsnutzer,Anlass schaffen: Wetter-/Veranstaltungshinweis,"recency 28 d, 8 Fahrten, 7.30 EUR",2026-08-25,2026-11-23,STUDENT
1444,K-001444,Eingeschlafen,Rückgewinnung: einmalig Freiminuten,"recency 358 d, 1 Fahrten, 0.70 EUR",2026-08-25,2026-11-23,BASIS
1445,K-001445,Eingeschlafen,Rückgewinnung: einmalig Freiminuten,"recency 222 d, 4 Fahrten, 4.20 EUR",2026-08-25,2026-11-23,STUDENT
1446,K-001446,Gelegenheitsnutzer,Anlass schaffen: Wetter-/Veranstaltungshinweis,"recency 39 d, 9 Fahrten, 8.20 EUR",2026-08-25,2026-11-23,STUDENT
1447,K-001447,Gelegenheitsnutzer,Anlass schaffen: Wetter-/Veranstaltungshinweis,"recency 42 d, 7 Fahrten, 2.50 EUR",2026-08-25,2026-11-23,STUDENT
1448,K-001448,Vielfahrer,"Bindung halten — und je Tarif prüfen, ob das Freiminutenvolumen nötig ist","recency 18 d, 13 Fahrten, 4.32 EUR",2026-08-25,2026-11-23,PREMIUM
1449,K-001449,Umsatzträger,nicht anfassen: sie tragen den Umsatz,"recency 21 d, 8 Fahrten, 59.25 EUR",2026-08-25,2026-11-23,BASIS
1450,K-001450,Gelegenheitsnutzer,Anlass schaffen: Wetter-/Veranstaltungshinweis,"recency 34 d, 1 Fahrten, 2.70 EUR",2026-08-25,2026-11-23,BASIS
1452,K-001452,Vielfahrer,"Bindung halten — und je Tarif prüfen, ob das Freiminutenvolumen nötig ist","recency 7 d, 18 Fahrten, 2.88 EUR",2026-08-25,2026-11-23,PREMIUM
1454,K-001454,Gelegenheitsnutzer,Anlass schaffen: Wetter-/Veranstaltungshinweis,"recency 59 d, 8 Fahrten, 13.60 EUR",2026-08-25,2026-11-23,STUDENT
1455,K-001455,Gelegenheitsnutzer,Anlass schaffen: Wetter-/Veranstaltungshinweis,"recency 102 d, 6 Fahrten, 20.05 EUR",2026-08-25,2026-11-23,STUDENT
1456,K-001456,Eingeschlafen,Rückgewinnung: einmalig Freiminuten,"recency 239 d, 2 Fahrten, 0.20 EUR",2026-08-25,2026-11-23,STUDENT
1457,K-001457,Gelegenheitsnutzer,Anlass schaffen: Wetter-/Veranstaltungshinweis,"recency 26 d, 4 Fahrten, 14.15 EUR",2026-08-25,2026-11-23,BASIS
1458,K-001458,Vielfahrer,"Bindung halten — und je Tarif prüfen, ob das Freiminutenvolumen nötig ist","recency 16 d, 19 Fahrten, 36.50 EUR",2026-08-25,2026-11-23,STUDENT
1459,K-001459,"Neu, noch keine Erstfahrt",Willkommensansprache zur Erstfahrt,"seit 50 Tagen angemeldet, keine Fahrt im 365-Tage-Fenster",2026-08-25,2026-11-23,BASIS
1460,K-001460,Gelegenheitsnutzer,Anlass schaffen: Wetter-/Veranstaltungshinweis,"recency 86 d, 2 Fahrten, 6.90 EUR",2026-08-25,2026-11-23,BASIS
1461,K-001461,"Neu, noch keine Erstfahrt",Willkommensansprache zur Erstfahrt,"seit 108 Tagen angemeldet, keine Fahrt im 365-Tage-Fenster",2026-08-25,2026-11-23,BASIS
1462,K-001462,"Früher aktiv, jetzt inaktiv",Rückgewinnung: was hat gefehlt?,"seit 1802 Tagen angemeldet, keine Fahrt im 365-Tage-Fenster",2026-08-25,2026-11-23,STUDENT
1463,K-001463,Gelegenheitsnutzer,Anlass schaffen: Wetter-/Veranstaltungshinweis,"recency 31 d, 12 Fahrten, 6.70 EUR",2026-08-25,2026-11-23,STUDENT
1464,K-001464,"Früher aktiv, jetzt inaktiv",Rückgewinnung: was hat gefehlt?,"seit 902 Tagen angemeldet, keine Fahrt im 365-Tage-Fenster",2026-08-25,2026-11-23,BASIS
1465,K-001465,Gelegenheitsnutzer,Anlass schaffen: Wetter-/Veranstaltungshinweis,"recency 21 d, 5 Fahrten, 19.85 EUR",2026-08-25,2026-11-23,BASIS
1466,K-001466,Gelegenheitsnutzer,Anlass schaffen: Wetter-/Veranstaltungshinweis,"recency 105 d, 6 Fahrten, 1.20 EUR",2026-08-25,2026-11-23,PREMIUM
1468,K-001468,Gelegenheitsnutzer,Anlass schaffen: Wetter-/Veranstaltungshinweis,"recency 12 d, 10 Fahrten, 16.20 EUR",2026-08-25,2026-11-23,STUDENT
1469,K-001469,"Früher aktiv, jetzt inaktiv",Rückgewinnung: was hat gefehlt?,"seit 1206 Tagen angemeldet, keine Fahrt im 365-Tage-Fenster",2026-08-25,2026-11-23,OEPNV
1470,K-001470,Gelegenheitsnutzer,Anlass schaffen: Wetter-/Veranstaltungshinweis,"recency 31 d, 6 Fahrten, 1.20 EUR",2026-08-25,2026-11-23,PREMIUM
1471,K-001471,Umsatzträger,nicht anfassen: sie tragen den Umsatz,"recency 64 d, 1 Fahrten, 43.50 EUR",2026-08-25,2026-11-23,BASIS
1472,K-001472,Gelegenheitsnutzer,Anlass schaffen: Wetter-/Veranstaltungshinweis,"recency 8 d, 9 Fahrten, 5.30 EUR",2026-08-25,2026-11-23,OEPNV
1473,K-001473,Gelegenheitsnutzer,Anlass schaffen: Wetter-/Veranstaltungshinweis,"recency 22 d, 10 Fahrten, 28.00 EUR",2026-08-25,2026-11-23,BASIS
1474,K-001474,"Neu, noch keine Erstfahrt",Willkommensansprache zur Erstfahrt,"seit 272 Tagen angemeldet, keine Fahrt im 365-Tage-Fenster",2026-08-25,2026-11-23,BASIS
1475,K-001475,"Früher aktiv, jetzt inaktiv",Rückgewinnung: was hat gefehlt?,"seit 1322 Tagen angemeldet, keine Fahrt im 365-Tage-Fenster",2026-08-25,2026-11-23,BASIS
1477,K-001477,Vielfahrer,"Bindung halten — und je Tarif prüfen, ob das Freiminutenvolumen nötig ist","recency 7 d, 19 Fahrten, 9.44 EUR",2026-08-25,2026-11-23,PREMIUM
1478,K-001478,Gelegenheitsnutzer,Anlass schaffen: Wetter-/Veranstaltungshinweis,"recency 10 d, 3 Fahrten, 2.10 EUR",2026-08-25,2026-11-23,OEPNV
1479,K-001479,Gelegenheitsnutzer,Anlass schaffen: Wetter-/Veranstaltungshinweis,"recency 52 d, 4 Fahrten, 1.30 EUR",2026-08-25,2026-11-23,STUDENT
1480,K-001480,Gelegenheitsnutzer,Anlass schaffen: Wetter-/Veranstaltungshinweis,"recency 79 d, 1 Fahrten, 11.00 EUR",2026-08-25,2026-11-23,BASIS
1481,K-001481,"Früher aktiv, jetzt inaktiv",Rückgewinnung: was hat gefehlt?,"seit 1517 Tagen angemeldet, keine Fahrt im 365-Tage-Fenster",2026-08-25,2026-11-23,BASIS
1482,K-001482,Vielfahrer,"Bindung halten — und je Tarif prüfen, ob das Freiminutenvolumen nötig ist","recency 7 d, 46 Fahrten, 35.20 EUR",2026-08-25,2026-11-23,PREMIUM
1483,K-001483,Gelegenheitsnutzer,Anlass schaffen: Wetter-/Veranstaltungshinweis,"recency 34 d, 6 Fahrten, 13.80 EUR",2026-08-25,2026-11-23,BASIS
1484,K-001484,Umsatzträger,nicht anfassen: sie tragen den Umsatz,"recency 15 d, 10 Fahrten, 77.90 EUR",2026-08-25,2026-11-23,BASIS
1485,K-001485,Gelegenheitsnutzer,Anlass schaffen: Wetter-/Veranstaltungshinweis,"recency 15 d, 4 Fahrten, 9.05 EUR",2026-08-25,2026-11-23,BASIS
1486,K-001486,"Früher aktiv, jetzt inaktiv",Rückgewinnung: was hat gefehlt?,"seit 1658 Tagen angemeldet, keine Fahrt im 365-Tage-Fenster",2026-08-25,2026-11-23,STUDENT
1487,K-001487,Gelegenheitsnutzer,Anlass schaffen: Wetter-/Veranstaltungshinweis,"recency 37 d, 9 Fahrten, 21.10 EUR",2026-08-25,2026-11-23,BASIS
1489,K-001489,"Neu, noch keine Erstfahrt",Willkommensansprache zur Erstfahrt,"seit 40 Tagen angemeldet, keine Fahrt im 365-Tage-Fenster",2026-08-25,2026-11-23,BASIS
1490,K-001490,Eingeschlafen,Rückgewinnung: einmalig Freiminuten,"recency 177 d, 2 Fahrten, 7.30 EUR",2026-08-25,2026-11-23,BASIS
1491,K-001491,Gelegenheitsnutzer,Anlass schaffen: Wetter-/Veranstaltungshinweis,"recency 79 d, 2 Fahrten, 4.80 EUR",2026-08-25,2026-11-23,BASIS
1492,K-001492,Gelegenheitsnutzer,Anlass schaffen: Wetter-/Veranstaltungshinweis,"recency 19 d, 7 Fahrten, 5.10 EUR",2026-08-25,2026-11-23,STUDENT
1493,K-001493,"Neu, noch keine Erstfahrt",Willkommensansprache zur Erstfahrt,"seit 115 Tagen angemeldet, keine Fahrt im 365-Tage-Fenster",2026-08-25,2026-11-23,BASIS
1494,K-001494,Gelegenheitsnutzer,Anlass schaffen: Wetter-/Veranstaltungshinweis,"recency 16 d, 2 Fahrten, 21.75 EUR",2026-08-25,2026-11-23,BASIS
1496,K-001496,Gelegenheitsnutzer,Anlass schaffen: Wetter-/Veranstaltungshinweis,"recency 16 d, 9 Fahrten, 13.30 EUR",2026-08-25,2026-11-23,STUDENT
1497,K-001497,"Früher aktiv, jetzt inaktiv",Rückgewinnung: was hat gefehlt?,"seit 693 Tagen angemeldet, keine Fahrt im 365-Tage-Fenster",2026-08-25,2026-11-23,BASIS
1498,K-001498,Vielfahrer,"Bindung halten — und je Tarif prüfen, ob das Freiminutenvolumen nötig ist","recency 4 d, 16 Fahrten, 21.75 EUR",2026-08-25,2026-11-23,STUDENT
1499,K-001499,"Neu, noch keine Erstfahrt",Willkommensansprache zur Erstfahrt,"seit 336 Tagen angemeldet, keine Fahrt im 365-Tage-Fenster",2026-08-25,2026-11-23,BASIS
1500,K-001500,Eingeschlafen,Rückgewinnung: einmalig Freiminuten,"recency 218 d, 4 Fahrten, 22.20 EUR",2026-08-25,2026-11-23,BASIS
1501,K-001501,"Früher aktiv, jetzt inaktiv",Rückgewinnung: was hat gefehlt?,"seit 1209 Tagen angemeldet, keine Fahrt im 365-Tage-Fenster",2026-08-25,2026-11-23,BASIS
1502,K-001502,Gelegenheitsnutzer,Anlass schaffen: Wetter-/Veranstaltungshinweis,"recency 0 d, 8 Fahrten, 6.75 EUR",2026-08-25,2026-11-23,STUDENT
1503,K-001503,Vielfahrer,"Bindung halten — und je Tarif prüfen, ob das Freiminutenvolumen nötig ist","recency 4 d, 15 Fahrten, 16.25 EUR",2026-08-25,2026-11-23,STUDENT
1504,K-001504,Eingeschlafen,Rückgewinnung: einmalig Freiminuten,"recency 175 d, 2 Fahrten, 6.30 EUR",2026-08-25,2026-11-23,BASIS
1505,K-001505,Vielfahrer,"Bindung halten — und je Tarif prüfen, ob das Freiminutenvolumen nötig ist","recency 4 d, 15 Fahrten, 17.00 EUR",2026-08-25,2026-11-23,PREMIUM
1506,K-001506,"Früher aktiv, jetzt inaktiv",Rückgewinnung: was hat gefehlt?,"seit 513 Tagen angemeldet, keine Fahrt im 365-Tage-Fenster",2026-08-25,2026-11-23,BASIS
1507,K-001507,Vielfahrer,"Bindung halten — und je Tarif prüfen, ob das Freiminutenvolumen nötig ist","recency 13 d, 28 Fahrten, 31.25 EUR",2026-08-25,2026-11-23,OEPNV
1508,K-001508,Gelegenheitsnutzer,Anlass schaffen: Wetter-/Veranstaltungshinweis,"recency 21 d, 3 Fahrten, 5.25 EUR",2026-08-25,2026-11-23,BASIS
1509,K-001509,"Früher aktiv, jetzt inaktiv",Rückgewinnung: was hat gefehlt?,"seit 903 Tagen angemeldet, keine Fahrt im 365-Tage-Fenster",2026-08-25,2026-11-23,BASIS
1510,K-001510,Eingeschlafen,Rückgewinnung: einmalig Freiminuten,"recency 311 d, 5 Fahrten, 4.70 EUR",2026-08-25,2026-11-23,STUDENT
1511,K-001511,Vielfahrer,"Bindung halten — und je Tarif prüfen, ob das Freiminutenvolumen nötig ist","recency 4 d, 17 Fahrten, 6.48 EUR",2026-08-25,2026-11-23,PREMIUM
1512,K-001512,Eingeschlafen,Rückgewinnung: einmalig Freiminuten,"recency 180 d, 19 Fahrten, 58.60 EUR",2026-08-25,2026-11-23,BASIS
1513,K-001513,Gelegenheitsnutzer,Anlass schaffen: Wetter-/Veranstaltungshinweis,"recency 17 d, 10 Fahrten, 17.10 EUR",2026-08-25,2026-11-23,STUDENT
1514,K-001514,Eingeschlafen,Rückgewinnung: einmalig Freiminuten,"recency 222 d, 12 Fahrten, 7.60 EUR",2026-08-25,2026-11-23,OEPNV
1515,K-001515,Vielfahrer,"Bindung halten — und je Tarif prüfen, ob das Freiminutenvolumen nötig ist","recency 9 d, 60 Fahrten, 58.60 EUR",2026-08-25,2026-11-23,PREMIUM
1516,K-001516,Vielfahrer,"Bindung halten — und je Tarif prüfen, ob das Freiminutenvolumen nötig ist","recency 28 d, 15 Fahrten, 20.80 EUR",2026-08-25,2026-11-23,OEPNV
1517,K-001517,Gelegenheitsnutzer,Anlass schaffen: Wetter-/Veranstaltungshinweis,"recency 16 d, 10 Fahrten, 5.28 EUR",2026-08-25,2026-11-23,PREMIUM
1518,K-001518,"Früher aktiv, jetzt inaktiv",Rückgewinnung: was hat gefehlt?,"seit 698 Tagen angemeldet, keine Fahrt im 365-Tage-Fenster",2026-08-25,2026-11-23,BASIS
1519,K-001519,"Früher aktiv, jetzt inaktiv",Rückgewinnung: was hat gefehlt?,"seit 1331 Tagen angemeldet, keine Fahrt im 365-Tage-Fenster",2026-08-25,2026-11-23,BASIS
1520,K-001520,"Früher aktiv, jetzt inaktiv",Rückgewinnung: was hat gefehlt?,"seit 636 Tagen angemeldet, keine Fahrt im 365-Tage-Fenster",2026-08-25,2026-11-23,STUDENT
1521,K-001521,Umsatzträger,nicht anfassen: sie tragen den Umsatz,"recency 43 d, 8 Fahrten, 37.30 EUR",2026-08-25,2026-11-23,BASIS
1522,K-001522,Gelegenheitsnutzer,Anlass schaffen: Wetter-/Veranstaltungshinweis,"recency 48 d, 8 Fahrten, 4.70 EUR",2026-08-25,2026-11-23,OEPNV
1523,K-001523,Eingeschlafen,Rückgewinnung: einmalig Freiminuten,"recency 299 d, 3 Fahrten, 15.70 EUR",2026-08-25,2026-11-23,BASIS
1524,K-001524,Vielfahrer,"Bindung halten — und je Tarif prüfen, ob das Freiminutenvolumen nötig ist","recency 2 d, 18 Fahrten, 8.88 EUR",2026-08-25,2026-11-23,PREMIUM
1525,K-001525,Eingeschlafen,Rückgewinnung: einmalig Freiminuten,"recency 304 d, 1 Fahrten, 0.90 EUR",2026-08-25,2026-11-23,BASIS
1526,K-001526,Eingeschlafen,Rückgewinnung: einmalig Freiminuten,"recency 232 d, 2 Fahrten, 17.95 EUR",2026-08-25,2026-11-23,BASIS
1527,K-001527,"Früher aktiv, jetzt inaktiv",Rückgewinnung: was hat gefehlt?,"seit 981 Tagen angemeldet, keine Fahrt im 365-Tage-Fenster",2026-08-25,2026-11-23,STUDENT
1528,K-001528,"Früher aktiv, jetzt inaktiv",Rückgewinnung: was hat gefehlt?,"seit 1814 Tagen angemeldet, keine Fahrt im 365-Tage-Fenster",2026-08-25,2026-11-23,BASIS
1529,K-001529,Vielfahrer,"Bindung halten — und je Tarif prüfen, ob das Freiminutenvolumen nötig ist","recency 24 d, 22 Fahrten, 18.60 EUR",2026-08-25,2026-11-23,OEPNV
1530,K-001530,Gelegenheitsnutzer,Anlass schaffen: Wetter-/Veranstaltungshinweis,"recency 35 d, 12 Fahrten, 6.80 EUR",2026-08-25,2026-11-23,OEPNV
1531,K-001531,Vielfahrer,"Bindung halten — und je Tarif prüfen, ob das Freiminutenvolumen nötig ist","recency 0 d, 26 Fahrten, 41.80 EUR",2026-08-25,2026-11-23,OEPNV
1532,K-001532,Gelegenheitsnutzer,Anlass schaffen: Wetter-/Veranstaltungshinweis,"recency 10 d, 11 Fahrten, 16.75 EUR",2026-08-25,2026-11-23,STUDENT
1533,K-001533,Gelegenheitsnutzer,Anlass schaffen: Wetter-/Veranstaltungshinweis,"recency 9 d, 10 Fahrten, 4.48 EUR",2026-08-25,2026-11-23,PREMIUM
1534,K-001534,Gelegenheitsnutzer,Anlass schaffen: Wetter-/Veranstaltungshinweis,"recency 10 d, 11 Fahrten, 15.55 EUR",2026-08-25,2026-11-23,STUDENT
1535,K-001535,Gelegenheitsnutzer,Anlass schaffen: Wetter-/Veranstaltungshinweis,"recency 130 d, 1 Fahrten, 2.00 EUR",2026-08-25,2026-11-23,BASIS
1536,K-001536,Umsatzträger,nicht anfassen: sie tragen den Umsatz,"recency 1 d, 5 Fahrten, 85.75 EUR",2026-08-25,2026-11-23,BASIS
1537,K-001537,"Früher aktiv, jetzt inaktiv",Rückgewinnung: was hat gefehlt?,"seit 590 Tagen angemeldet, keine Fahrt im 365-Tage-Fenster",2026-08-25,2026-11-23,OEPNV
1539,K-001539,Gelegenheitsnutzer,Anlass schaffen: Wetter-/Veranstaltungshinweis,"recency 68 d, 1 Fahrten, 2.00 EUR",2026-08-25,2026-11-23,BASIS
1541,K-001541,"Früher aktiv, jetzt inaktiv",Rückgewinnung: was hat gefehlt?,"seit 1826 Tagen angemeldet, keine Fahrt im 365-Tage-Fenster",2026-08-25,2026-11-23,BASIS
1542,K-001542,"Neu, noch keine Erstfahrt",Willkommensansprache zur Erstfahrt,"seit 56 Tagen angemeldet, keine Fahrt im 365-Tage-Fenster",2026-08-25,2026-11-23,BASIS
1543,K-001543,"Früher aktiv, jetzt inaktiv",Rückgewinnung: was hat gefehlt?,"seit 1455 Tagen angemeldet, keine Fahrt im 365-Tage-Fenster",2026-08-25,2026-11-23,BASIS
1544,K-001544,Eingeschlafen,Rückgewinnung: einmalig Freiminuten,"recency 327 d, 1 Fahrten, 6.00 EUR",2026-08-25,2026-11-23,BASIS
1545,K-001545,Gelegenheitsnutzer,Anlass schaffen: Wetter-/Veranstaltungshinweis,"recency 78 d, 1 Fahrten, 3.50 EUR",2026-08-25,2026-11-23,BASIS
1546,K-001546,Gelegenheitsnutzer,Anlass schaffen: Wetter-/Veranstaltungshinweis,"recency 50 d, 3 Fahrten, 6.65 EUR",2026-08-25,2026-11-23,BASIS
1547,K-001547,Vielfahrer,"Bindung halten — und je Tarif prüfen, ob das Freiminutenvolumen nötig ist","recency 29 d, 34 Fahrten, 116.10 EUR",2026-08-25,2026-11-23,OEPNV
1548,K-001548,Umsatzträger,nicht anfassen: sie tragen den Umsatz,"recency 85 d, 11 Fahrten, 62.60 EUR",2026-08-25,2026-11-23,BASIS
1549,K-001549,Gelegenheitsnutzer,Anlass schaffen: Wetter-/Veranstaltungshinweis,"recency 8 d, 1 Fahrten, 0.90 EUR",2026-08-25,2026-11-23,BASIS
1550,K-001550,Gelegenheitsnutzer,Anlass schaffen: Wetter-/Veranstaltungshinweis,"recency 23 d, 5 Fahrten, 22.65 EUR",2026-08-25,2026-11-23,BASIS
1551,K-001551,Gelegenheitsnutzer,Anlass schaffen: Wetter-/Veranstaltungshinweis,"recency 9 d, 7 Fahrten, 3.90 EUR",2026-08-25,2026-11-23,STUDENT
1552,K-001552,Umsatzträger,nicht anfassen: sie tragen den Umsatz,"recency 37 d, 10 Fahrten, 38.25 EUR",2026-08-25,2026-11-23,STUDENT
1553,K-001553,Vielfahrer,"Bindung halten — und je Tarif prüfen, ob das Freiminutenvolumen nötig ist","recency 4 d, 25 Fahrten, 25.70 EUR",2026-08-25,2026-11-23,OEPNV
1554,K-001554,Vielfahrer,"Bindung halten — und je Tarif prüfen, ob das Freiminutenvolumen nötig ist","recency 14 d, 43 Fahrten, 20.88 EUR",2026-08-25,2026-11-23,PREMIUM
1555,K-001555,Gelegenheitsnutzer,Anlass schaffen: Wetter-/Veranstaltungshinweis,"recency 41 d, 7 Fahrten, 8.30 EUR",2026-08-25,2026-11-23,STUDENT
1557,K-001557,Eingeschlafen,Rückgewinnung: einmalig Freiminuten,"recency 155 d, 3 Fahrten, 7.50 EUR",2026-08-25,2026-11-23,BASIS
1558,K-001558,"Früher aktiv, jetzt inaktiv",Rückgewinnung: was hat gefehlt?,"seit 1499 Tagen angemeldet, keine Fahrt im 365-Tage-Fenster",2026-08-25,2026-11-23,BASIS
1559,K-001559,Umsatzträger,nicht anfassen: sie tragen den Umsatz,"recency 19 d, 8 Fahrten, 41.25 EUR",2026-08-25,2026-11-23,BASIS
1560,K-001560,Gelegenheitsnutzer,Anlass schaffen: Wetter-/Veranstaltungshinweis,"recency 47 d, 11 Fahrten, 20.45 EUR",2026-08-25,2026-11-23,STUDENT
1561,K-001561,Gelegenheitsnutzer,Anlass schaffen: Wetter-/Veranstaltungshinweis,"recency 68 d, 7 Fahrten, 28.70 EUR",2026-08-25,2026-11-23,STUDENT
1562,K-001562,"Früher aktiv, jetzt inaktiv",Rückgewinnung: was hat gefehlt?,"seit 865 Tagen angemeldet, keine Fahrt im 365-Tage-Fenster",2026-08-25,2026-11-23,BASIS
1563,K-001563,Gelegenheitsnutzer,Anlass schaffen: Wetter-/Veranstaltungshinweis,"recency 64 d, 5 Fahrten, 2.56 EUR",2026-08-25,2026-11-23,PREMIUM
1564,K-001564,Gelegenheitsnutzer,Anlass schaffen: Wetter-/Veranstaltungshinweis,"recency 29 d, 2 Fahrten, 15.75 EUR",2026-08-25,2026-11-23,BASIS
1565,K-001565,Vielfahrer,"Bindung halten — und je Tarif prüfen, ob das Freiminutenvolumen nötig ist","recency 7 d, 16 Fahrten, 12.45 EUR",2026-08-25,2026-11-23,STUDENT
1566,K-001566,Gelegenheitsnutzer,Anlass schaffen: Wetter-/Veranstaltungshinweis,"recency 13 d, 4 Fahrten, 1.30 EUR",2026-08-25,2026-11-23,STUDENT
1567,K-001567,Vielfahrer,"Bindung halten — und je Tarif prüfen, ob das Freiminutenvolumen nötig ist","recency 7 d, 17 Fahrten, 5.76 EUR",2026-08-25,2026-11-23,PREMIUM
1568,K-001568,"Früher aktiv, jetzt inaktiv",Rückgewinnung: was hat gefehlt?,"seit 1010 Tagen angemeldet, keine Fahrt im 365-Tage-Fenster",2026-08-25,2026-11-23,OEPNV
1569,K-001569,Gelegenheitsnutzer,Anlass schaffen: Wetter-/Veranstaltungshinweis,"recency 1 d, 5 Fahrten, 20.55 EUR",2026-08-25,2026-11-23,BASIS
1570,K-001570,Gelegenheitsnutzer,Anlass schaffen: Wetter-/Veranstaltungshinweis,"recency 91 d, 2 Fahrten, 2.00 EUR",2026-08-25,2026-11-23,OEPNV
1571,K-001571,"Neu, noch keine Erstfahrt",Willkommensansprache zur Erstfahrt,"seit 188 Tagen angemeldet, keine Fahrt im 365-Tage-Fenster",2026-08-25,2026-11-23,BASIS
1572,K-001572,Vielfahrer,"Bindung halten — und je Tarif prüfen, ob das Freiminutenvolumen nötig ist","recency 16 d, 17 Fahrten, 54.60 EUR",2026-08-25,2026-11-23,BASIS
1573,K-001573,"Früher aktiv, jetzt inaktiv",Rückgewinnung: was hat gefehlt?,"seit 1234 Tagen angemeldet, keine Fahrt im 365-Tage-Fenster",2026-08-25,2026-11-23,STUDENT
1574,K-001574,Eingeschlafen,Rückgewinnung: einmalig Freiminuten,"recency 309 d, 3 Fahrten, 4.30 EUR",2026-08-25,2026-11-23,OEPNV
1575,K-001575,Eingeschlafen,Rückgewinnung: einmalig Freiminuten,"recency 247 d, 2 Fahrten, 18.35 EUR",2026-08-25,2026-11-23,BASIS
1576,K-001576,Gelegenheitsnutzer,Anlass schaffen: Wetter-/Veranstaltungshinweis,"recency 7 d, 12 Fahrten, 10.70 EUR",2026-08-25,2026-11-23,OEPNV
1577,K-001577,"Früher aktiv, jetzt inaktiv",Rückgewinnung: was hat gefehlt?,"seit 1659 Tagen angemeldet, keine Fahrt im 365-Tage-Fenster",2026-08-25,2026-11-23,BASIS
1578,K-001578,Gelegenheitsnutzer,Anlass schaffen: Wetter-/Veranstaltungshinweis,"recency 30 d, 7 Fahrten, 18.30 EUR",2026-08-25,2026-11-23,STUDENT
1579,K-001579,Vielfahrer,"Bindung halten — und je Tarif prüfen, ob das Freiminutenvolumen nötig ist","recency 5 d, 13 Fahrten, 23.20 EUR",2026-08-25,2026-11-23,STUDENT
1581,K-001581,Umsatzträger,nicht anfassen: sie tragen den Umsatz,"recency 4 d, 5 Fahrten, 37.35 EUR",2026-08-25,2026-11-23,BASIS
1582,K-001582,"Früher aktiv, jetzt inaktiv",Rückgewinnung: was hat gefehlt?,"seit 449 Tagen angemeldet, keine Fahrt im 365-Tage-Fenster",2026-08-25,2026-11-23,PREMIUM
1583,K-001583,"Früher aktiv, jetzt inaktiv",Rückgewinnung: was hat gefehlt?,"seit 1613 Tagen angemeldet, keine Fahrt im 365-Tage-Fenster",2026-08-25,2026-11-23,BASIS
1584,K-001584,Vielfahrer,"Bindung halten — und je Tarif prüfen, ob das Freiminutenvolumen nötig ist","recency 0 d, 13 Fahrten, 25.65 EUR",2026-08-25,2026-11-23,OEPNV
1585,K-001585,"Früher aktiv, jetzt inaktiv",Rückgewinnung: was hat gefehlt?,"seit 1236 Tagen angemeldet, keine Fahrt im 365-Tage-Fenster",2026-08-25,2026-11-23,BASIS
1586,K-001586,Gelegenheitsnutzer,Anlass schaffen: Wetter-/Veranstaltungshinweis,"recency 51 d, 4 Fahrten, 9.25 EUR",2026-08-25,2026-11-23,OEPNV
1587,K-001587,"Früher aktiv, jetzt inaktiv",Rückgewinnung: was hat gefehlt?,"seit 498 Tagen angemeldet, keine Fahrt im 365-Tage-Fenster",2026-08-25,2026-11-23,BASIS
1588,K-001588,Gelegenheitsnutzer,Anlass schaffen: Wetter-/Veranstaltungshinweis,"recency 53 d, 4 Fahrten, 5.50 EUR",2026-08-25,2026-11-23,STUDENT
1589,K-001589,Gelegenheitsnutzer,Anlass schaffen: Wetter-/Veranstaltungshinweis,"recency 56 d, 7 Fahrten, 5.20 EUR",2026-08-25,2026-11-23,STUDENT
1590,K-001590,Eingeschlafen,Rückgewinnung: einmalig Freiminuten,"recency 359 d, 1 Fahrten, 2.80 EUR",2026-08-25,2026-11-23,BASIS
1591,K-001591,Vielfahrer,"Bindung halten — und je Tarif prüfen, ob das Freiminutenvolumen nötig ist","recency 31 d, 13 Fahrten, 8.48 EUR",2026-08-25,2026-11-23,PREMIUM
1592,K-001592,Eingeschlafen,Rückgewinnung: einmalig Freiminuten,"recency 330 d, 1 Fahrten, 23.50 EUR",2026-08-25,2026-11-23,BASIS
1593,K-001593,Vielfahrer,"Bindung halten — und je Tarif prüfen, ob das Freiminutenvolumen nötig ist","recency 4 d, 61 Fahrten, 119.25 EUR",2026-08-25,2026-11-23,OEPNV
1594,K-001594,"Früher aktiv, jetzt inaktiv",Rückgewinnung: was hat gefehlt?,"seit 1806 Tagen angemeldet, keine Fahrt im 365-Tage-Fenster",2026-08-25,2026-11-23,BASIS
1595,K-001595,Gelegenheitsnutzer,Anlass schaffen: Wetter-/Veranstaltungshinweis,"recency 12 d, 12 Fahrten, 15.15 EUR",2026-08-25,2026-11-23,OEPNV
1597,K-001597,Gelegenheitsnutzer,Anlass schaffen: Wetter-/Veranstaltungshinweis,"recency 117 d, 6 Fahrten, 13.10 EUR",2026-08-25,2026-11-23,BASIS
1598,K-001598,Gelegenheitsnutzer,Anlass schaffen: Wetter-/Veranstaltungshinweis,"recency 16 d, 5 Fahrten, 26.85 EUR",2026-08-25,2026-11-23,BASIS
1599,K-001599,Gelegenheitsnutzer,Anlass schaffen: Wetter-/Veranstaltungshinweis,"recency 9 d, 7 Fahrten, 5.80 EUR",2026-08-25,2026-11-23,OEPNV
1600,K-001600,Vielfahrer,"Bindung halten — und je Tarif prüfen, ob das Freiminutenvolumen nötig ist","recency 8 d, 32 Fahrten, 32.68 EUR",2026-08-25,2026-11-23,PREMIUM
1601,K-001601,"Früher aktiv, jetzt inaktiv",Rückgewinnung: was hat gefehlt?,"seit 752 Tagen angemeldet, keine Fahrt im 365-Tage-Fenster",2026-08-25,2026-11-23,BASIS
1602,K-001602,Gelegenheitsnutzer,Anlass schaffen: Wetter-/Veranstaltungshinweis,"recency 83 d, 4 Fahrten, 23.90 EUR",2026-08-25,2026-11-23,STUDENT
1603,K-001603,Gelegenheitsnutzer,Anlass schaffen: Wetter-/Veranstaltungshinweis,"recency 63 d, 1 Fahrten, 3.40 EUR",2026-08-25,2026-11-23,BASIS
1604,K-001604,Gelegenheitsnutzer,Anlass schaffen: Wetter-/Veranstaltungshinweis,"recency 35 d, 1 Fahrten, 2.30 EUR",2026-08-25,2026-11-23,BASIS
1605,K-001605,Gelegenheitsnutzer,Anlass schaffen: Wetter-/Veranstaltungshinweis,"recency 111 d, 3 Fahrten, 2.60 EUR",2026-08-25,2026-11-23,STUDENT
1606,K-001606,"Früher aktiv, jetzt inaktiv",Rückgewinnung: was hat gefehlt?,"seit 1622 Tagen angemeldet, keine Fahrt im 365-Tage-Fenster",2026-08-25,2026-11-23,PREMIUM
1607,K-001607,Eingeschlafen,Rückgewinnung: einmalig Freiminuten,"recency 358 d, 1 Fahrten, 0.80 EUR",2026-08-25,2026-11-23,BASIS
1608,K-001608,Vielfahrer,"Bindung halten — und je Tarif prüfen, ob das Freiminutenvolumen nötig ist","recency 13 d, 20 Fahrten, 11.92 EUR",2026-08-25,2026-11-23,PREMIUM
1609,K-001609,"Neu, noch keine Erstfahrt",Willkommensansprache zur Erstfahrt,"seit 62 Tagen angemeldet, keine Fahrt im 365-Tage-Fenster",2026-08-25,2026-11-23,BASIS
1610,K-001610,Vielfahrer,"Bindung halten — und je Tarif prüfen, ob das Freiminutenvolumen nötig ist","recency 14 d, 31 Fahrten, 23.68 EUR",2026-08-25,2026-11-23,PREMIUM
1611,K-001611,Umsatzträger,nicht anfassen: sie tragen den Umsatz,"recency 12 d, 8 Fahrten, 31.85 EUR",2026-08-25,2026-11-23,BASIS
1613,K-001613,Umsatzträger,nicht anfassen: sie tragen den Umsatz,"recency 16 d, 5 Fahrten, 35.80 EUR",2026-08-25,2026-11-23,BASIS
1614,K-001614,"Neu, noch keine Erstfahrt",Willkommensansprache zur Erstfahrt,"seit 183 Tagen angemeldet, keine Fahrt im 365-Tage-Fenster",2026-08-25,2026-11-23,BASIS
1615,K-001615,Gelegenheitsnutzer,Anlass schaffen: Wetter-/Veranstaltungshinweis,"recency 54 d, 7 Fahrten, 14.80 EUR",2026-08-25,2026-11-23,STUDENT
1616,K-001616,Gelegenheitsnutzer,Anlass schaffen: Wetter-/Veranstaltungshinweis,"recency 3 d, 11 Fahrten, 2.90 EUR",2026-08-25,2026-11-23,OEPNV
1617,K-001617,Vielfahrer,"Bindung halten — und je Tarif prüfen, ob das Freiminutenvolumen nötig ist","recency 4 d, 39 Fahrten, 33.32 EUR",2026-08-25,2026-11-23,PREMIUM
1618,K-001618,"Früher aktiv, jetzt inaktiv",Rückgewinnung: was hat gefehlt?,"seit 1821 Tagen angemeldet, keine Fahrt im 365-Tage-Fenster",2026-08-25,2026-11-23,BASIS
1619,K-001619,Vielfahrer,"Bindung halten — und je Tarif prüfen, ob das Freiminutenvolumen nötig ist","recency 0 d, 16 Fahrten, 10.16 EUR",2026-08-25,2026-11-23,PREMIUM
1620,K-001620,Vielfahrer,"Bindung halten — und je Tarif prüfen, ob das Freiminutenvolumen nötig ist","recency 10 d, 17 Fahrten, 19.95 EUR",2026-08-25,2026-11-23,STUDENT
1621,K-001621,Gelegenheitsnutzer,Anlass schaffen: Wetter-/Veranstaltungshinweis,"recency 44 d, 3 Fahrten, 15.70 EUR",2026-08-25,2026-11-23,BASIS
1622,K-001622,Vielfahrer,"Bindung halten — und je Tarif prüfen, ob das Freiminutenvolumen nötig ist","recency 6 d, 52 Fahrten, 34.88 EUR",2026-08-25,2026-11-23,PREMIUM
1623,K-001623,Gelegenheitsnutzer,Anlass schaffen: Wetter-/Veranstaltungshinweis,"recency 42 d, 7 Fahrten, 29.60 EUR",2026-08-25,2026-11-23,BASIS
1626,K-001626,Gelegenheitsnutzer,Anlass schaffen: Wetter-/Veranstaltungshinweis,"recency 63 d, 2 Fahrten, 1.10 EUR",2026-08-25,2026-11-23,OEPNV
1627,K-001627,Gelegenheitsnutzer,Anlass schaffen: Wetter-/Veranstaltungshinweis,"recency 1 d, 5 Fahrten, 14.60 EUR",2026-08-25,2026-11-23,BASIS
1628,K-001628,Gelegenheitsnutzer,Anlass schaffen: Wetter-/Veranstaltungshinweis,"recency 9 d, 2 Fahrten, 9.25 EUR",2026-08-25,2026-11-23,BASIS
1629,K-001629,Vielfahrer,"Bindung halten — und je Tarif prüfen, ob das Freiminutenvolumen nötig ist","recency 12 d, 15 Fahrten, 10.96 EUR",2026-08-25,2026-11-23,PREMIUM
1630,K-001630,Vielfahrer,"Bindung halten — und je Tarif prüfen, ob das Freiminutenvolumen nötig ist","recency 28 d, 15 Fahrten, 29.55 EUR",2026-08-25,2026-11-23,OEPNV
1632,K-001632,"Neu, noch keine Erstfahrt",Willkommensansprache zur Erstfahrt,"seit 68 Tagen angemeldet, keine Fahrt im 365-Tage-Fenster",2026-08-25,2026-11-23,BASIS
1633,K-001633,Vielfahrer,"Bindung halten — und je Tarif prüfen, ob das Freiminutenvolumen nötig ist","recency 14 d, 28 Fahrten, 25.08 EUR",2026-08-25,2026-11-23,PREMIUM
1634,K-001634,Vielfahrer,"Bindung halten — und je Tarif prüfen, ob das Freiminutenvolumen nötig ist","recency 40 d, 14 Fahrten, 28.60 EUR",2026-08-25,2026-11-23,STUDENT
1635,K-001635,Gelegenheitsnutzer,Anlass schaffen: Wetter-/Veranstaltungshinweis,"recency 68 d, 9 Fahrten, 3.60 EUR",2026-08-25,2026-11-23,OEPNV
1636,K-001636,Umsatzträger,nicht anfassen: sie tragen den Umsatz,"recency 43 d, 12 Fahrten, 67.15 EUR",2026-08-25,2026-11-23,STUDENT
1637,K-001637,Gelegenheitsnutzer,Anlass schaffen: Wetter-/Veranstaltungshinweis,"recency 27 d, 3 Fahrten, 2.10 EUR",2026-08-25,2026-11-23,STUDENT
1638,K-001638,Umsatzträger,nicht anfassen: sie tragen den Umsatz,"recency 17 d, 11 Fahrten, 71.35 EUR",2026-08-25,2026-11-23,BASIS
1639,K-001639,"Früher aktiv, jetzt inaktiv",Rückgewinnung: was hat gefehlt?,"seit 1573 Tagen angemeldet, keine Fahrt im 365-Tage-Fenster",2026-08-25,2026-11-23,STUDENT
1640,K-001640,Gelegenheitsnutzer,Anlass schaffen: Wetter-/Veranstaltungshinweis,"recency 100 d, 3 Fahrten, 4.80 EUR",2026-08-25,2026-11-23,BASIS
1641,K-001641,Gelegenheitsnutzer,Anlass schaffen: Wetter-/Veranstaltungshinweis,"recency 8 d, 8 Fahrten, 27.85 EUR",2026-08-25,2026-11-23,BASIS
1642,K-001642,Umsatzträger,nicht anfassen: sie tragen den Umsatz,"recency 24 d, 11 Fahrten, 39.55 EUR",2026-08-25,2026-11-23,BASIS
1643,K-001643,Vielfahrer,"Bindung halten — und je Tarif prüfen, ob das Freiminutenvolumen nötig ist","recency 3 d, 16 Fahrten, 12.60 EUR",2026-08-25,2026-11-23,OEPNV
1644,K-001644,Gelegenheitsnutzer,Anlass schaffen: Wetter-/Veranstaltungshinweis,"recency 15 d, 9 Fahrten, 20.30 EUR",2026-08-25,2026-11-23,OEPNV
1645,K-001645,Gelegenheitsnutzer,Anlass schaffen: Wetter-/Veranstaltungshinweis,"recency 55 d, 5 Fahrten, 22.15 EUR",2026-08-25,2026-11-23,BASIS
1646,K-001646,Gelegenheitsnutzer,Anlass schaffen: Wetter-/Veranstaltungshinweis,"recency 65 d, 3 Fahrten, 8.00 EUR",2026-08-25,2026-11-23,BASIS
1647,K-001647,Gelegenheitsnutzer,Anlass schaffen: Wetter-/Veranstaltungshinweis,"recency 19 d, 6 Fahrten, 6.10 EUR",2026-08-25,2026-11-23,STUDENT
1649,K-001649,"Früher aktiv, jetzt inaktiv",Rückgewinnung: was hat gefehlt?,"seit 1739 Tagen angemeldet, keine Fahrt im 365-Tage-Fenster",2026-08-25,2026-11-23,STUDENT
1650,K-001650,Umsatzträger,nicht anfassen: sie tragen den Umsatz,"recency 1 d, 9 Fahrten, 35.90 EUR",2026-08-25,2026-11-23,BASIS
1651,K-001651,"Früher aktiv, jetzt inaktiv",Rückgewinnung: was hat gefehlt?,"seit 971 Tagen angemeldet, keine Fahrt im 365-Tage-Fenster",2026-08-25,2026-11-23,OEPNV
1652,K-001652,"Früher aktiv, jetzt inaktiv",Rückgewinnung: was hat gefehlt?,"seit 826 Tagen angemeldet, keine Fahrt im 365-Tage-Fenster",2026-08-25,2026-11-23,BASIS
1653,K-001653,Gelegenheitsnutzer,Anlass schaffen: Wetter-/Veranstaltungshinweis,"recency 49 d, 2 Fahrten, 18.50 EUR",2026-08-25,2026-11-23,BASIS
1654,K-001654,Vielfahrer,"Bindung halten — und je Tarif prüfen, ob das Freiminutenvolumen nötig ist","recency 0 d, 25 Fahrten, 123.65 EUR",2026-08-25,2026-11-23,BASIS
1655,K-001655,"Früher aktiv, jetzt inaktiv",Rückgewinnung: was hat gefehlt?,"seit 682 Tagen angemeldet, keine Fahrt im 365-Tage-Fenster",2026-08-25,2026-11-23,STUDENT
1657,K-001657,Vielfahrer,"Bindung halten — und je Tarif prüfen, ob das Freiminutenvolumen nötig ist","recency 18 d, 27 Fahrten, 8.72 EUR",2026-08-25,2026-11-23,PREMIUM
1658,K-001658,Vielfahrer,"Bindung halten — und je Tarif prüfen, ob das Freiminutenvolumen nötig ist","recency 13 d, 16 Fahrten, 51.25 EUR",2026-08-25,2026-11-23,OEPNV
1659,K-001659,"Neu, noch keine Erstfahrt",Willkommensansprache zur Erstfahrt,"seit 101 Tagen angemeldet, keine Fahrt im 365-Tage-Fenster",2026-08-25,2026-11-23,BASIS
1660,K-001660,Vielfahrer,"Bindung halten — und je Tarif prüfen, ob das Freiminutenvolumen nötig ist","recency 23 d, 13 Fahrten, 55.55 EUR",2026-08-25,2026-11-23,BASIS
1661,K-001661,Gelegenheitsnutzer,Anlass schaffen: Wetter-/Veranstaltungshinweis,"recency 15 d, 11 Fahrten, 6.80 EUR",2026-08-25,2026-11-23,STUDENT
1662,K-001662,Vielfahrer,"Bindung halten — und je Tarif prüfen, ob das Freiminutenvolumen nötig ist","recency 6 d, 17 Fahrten, 4.24 EUR",2026-08-25,2026-11-23,PREMIUM
1663,K-001663,Vielfahrer,"Bindung halten — und je Tarif prüfen, ob das Freiminutenvolumen nötig ist","recency 0 d, 20 Fahrten, 94.80 EUR",2026-08-25,2026-11-23,BASIS
1665,K-001665,Gelegenheitsnutzer,Anlass schaffen: Wetter-/Veranstaltungshinweis,"recency 19 d, 1 Fahrten, 0.10 EUR",2026-08-25,2026-11-23,STUDENT
1666,K-001666,Vielfahrer,"Bindung halten — und je Tarif prüfen, ob das Freiminutenvolumen nötig ist","recency 25 d, 16 Fahrten, 11.80 EUR",2026-08-25,2026-11-23,OEPNV
1667,K-001667,Gelegenheitsnutzer,Anlass schaffen: Wetter-/Veranstaltungshinweis,"recency 30 d, 12 Fahrten, 19.35 EUR",2026-08-25,2026-11-23,STUDENT
1668,K-001668,Gelegenheitsnutzer,Anlass schaffen: Wetter-/Veranstaltungshinweis,"recency 30 d, 1 Fahrten, 6.00 EUR",2026-08-25,2026-11-23,BASIS
1669,K-001669,Vielfahrer,"Bindung halten — und je Tarif prüfen, ob das Freiminutenvolumen nötig ist","recency 7 d, 21 Fahrten, 13.52 EUR",2026-08-25,2026-11-23,PREMIUM
1670,K-001670,"Früher aktiv, jetzt inaktiv",Rückgewinnung: was hat gefehlt?,"seit 1330 Tagen angemeldet, keine Fahrt im 365-Tage-Fenster",2026-08-25,2026-11-23,BASIS
1672,K-001672,Gelegenheitsnutzer,Anlass schaffen: Wetter-/Veranstaltungshinweis,"recency 34 d, 6 Fahrten, 11.40 EUR",2026-08-25,2026-11-23,BASIS
1673,K-001673,Gelegenheitsnutzer,Anlass schaffen: Wetter-/Veranstaltungshinweis,"recency 47 d, 7 Fahrten, 2.80 EUR",2026-08-25,2026-11-23,PREMIUM
1674,K-001674,Gelegenheitsnutzer,Anlass schaffen: Wetter-/Veranstaltungshinweis,"recency 27 d, 9 Fahrten, 2.80 EUR",2026-08-25,2026-11-23,STUDENT
1675,K-001675,Umsatzträger,nicht anfassen: sie tragen den Umsatz,"recency 58 d, 5 Fahrten, 60.00 EUR",2026-08-25,2026-11-23,BASIS
1676,K-001676,Gelegenheitsnutzer,Anlass schaffen: Wetter-/Veranstaltungshinweis,"recency 31 d, 5 Fahrten, 4.70 EUR",2026-08-25,2026-11-23,STUDENT
1677,K-001677,Vielfahrer,"Bindung halten — und je Tarif prüfen, ob das Freiminutenvolumen nötig ist","recency 8 d, 13 Fahrten, 47.05 EUR",2026-08-25,2026-11-23,BASIS
1678,K-001678,Umsatzträger,nicht anfassen: sie tragen den Umsatz,"recency 15 d, 6 Fahrten, 68.10 EUR",2026-08-25,2026-11-23,BASIS
1679,K-001679,Gelegenheitsnutzer,Anlass schaffen: Wetter-/Veranstaltungshinweis,"recency 15 d, 10 Fahrten, 15.80 EUR",2026-08-25,2026-11-23,STUDENT
1680,K-001680,Gelegenheitsnutzer,Anlass schaffen: Wetter-/Veranstaltungshinweis,"recency 29 d, 5 Fahrten, 28.30 EUR",2026-08-25,2026-11-23,BASIS
1681,K-001681,Gelegenheitsnutzer,Anlass schaffen: Wetter-/Veranstaltungshinweis,"recency 0 d, 6 Fahrten, 1.92 EUR",2026-08-25,2026-11-23,PREMIUM
1682,K-001682,Vielfahrer,"Bindung halten — und je Tarif prüfen, ob das Freiminutenvolumen nötig ist","recency 34 d, 15 Fahrten, 25.70 EUR",2026-08-25,2026-11-23,STUDENT
1683,K-001683,Gelegenheitsnutzer,Anlass schaffen: Wetter-/Veranstaltungshinweis,"recency 22 d, 5 Fahrten, 5.60 EUR",2026-08-25,2026-11-23,STUDENT
1684,K-001684,Gelegenheitsnutzer,Anlass schaffen: Wetter-/Veranstaltungshinweis,"recency 92 d, 2 Fahrten, 10.35 EUR",2026-08-25,2026-11-23,BASIS
1685,K-001685,Vielfahrer,"Bindung halten — und je Tarif prüfen, ob das Freiminutenvolumen nötig ist","recency 18 d, 25 Fahrten, 28.65 EUR",2026-08-25,2026-11-23,OEPNV
1686,K-001686,"Früher aktiv, jetzt inaktiv",Rückgewinnung: was hat gefehlt?,"seit 1806 Tagen angemeldet, keine Fahrt im 365-Tage-Fenster",2026-08-25,2026-11-23,STUDENT
1687,K-001687,Gelegenheitsnutzer,Anlass schaffen: Wetter-/Veranstaltungshinweis,"recency 28 d, 4 Fahrten, 1.30 EUR",2026-08-25,2026-11-23,STUDENT
1688,K-001688,Gelegenheitsnutzer,Anlass schaffen: Wetter-/Veranstaltungshinweis,"recency 20 d, 8 Fahrten, 14.40 EUR",2026-08-25,2026-11-23,STUDENT
1689,K-001689,Vielfahrer,"Bindung halten — und je Tarif prüfen, ob das Freiminutenvolumen nötig ist","recency 12 d, 22 Fahrten, 11.52 EUR",2026-08-25,2026-11-23,PREMIUM
1690,K-001690,Vielfahrer,"Bindung halten — und je Tarif prüfen, ob das Freiminutenvolumen nötig ist","recency 3 d, 19 Fahrten, 11.84 EUR",2026-08-25,2026-11-23,PREMIUM
1691,K-001691,Eingeschlafen,Rückgewinnung: einmalig Freiminuten,"recency 158 d, 2 Fahrten, 10.00 EUR",2026-08-25,2026-11-23,BASIS
1692,K-001692,Umsatzträger,nicht anfassen: sie tragen den Umsatz,"recency 66 d, 8 Fahrten, 92.30 EUR",2026-08-25,2026-11-23,BASIS
1693,K-001693,Vielfahrer,"Bindung halten — und je Tarif prüfen, ob das Freiminutenvolumen nötig ist","recency 0 d, 17 Fahrten, 5.04 EUR",2026-08-25,2026-11-23,PREMIUM
1694,K-001694,"Neu, noch keine Erstfahrt",Willkommensansprache zur Erstfahrt,"seit 204 Tagen angemeldet, keine Fahrt im 365-Tage-Fenster",2026-08-25,2026-11-23,BASIS
1695,K-001695,Vielfahrer,"Bindung halten — und je Tarif prüfen, ob das Freiminutenvolumen nötig ist","recency 0 d, 15 Fahrten, 49.15 EUR",2026-08-25,2026-11-23,BASIS
1696,K-001696,Vielfahrer,"Bindung halten — und je Tarif prüfen, ob das Freiminutenvolumen nötig ist","recency 4 d, 13 Fahrten, 3.20 EUR",2026-08-25,2026-11-23,PREMIUM
1697,K-001697,Gelegenheitsnutzer,Anlass schaffen: Wetter-/Veranstaltungshinweis,"recency 19 d, 7 Fahrten, 2.00 EUR",2026-08-25,2026-11-23,PREMIUM
1698,K-001698,Vielfahrer,"Bindung halten — und je Tarif prüfen, ob das Freiminutenvolumen nötig ist","recency 13 d, 16 Fahrten, 23.75 EUR",2026-08-25,2026-11-23,OEPNV
1699,K-001699,Vielfahrer,"Bindung halten — und je Tarif prüfen, ob das Freiminutenvolumen nötig ist","recency 11 d, 38 Fahrten, 72.25 EUR",2026-08-25,2026-11-23,OEPNV
1700,K-001700,"Neu, noch keine Erstfahrt",Willkommensansprache zur Erstfahrt,"seit 241 Tagen angemeldet, keine Fahrt im 365-Tage-Fenster",2026-08-25,2026-11-23,BASIS
1701,K-001701,"Neu, noch keine Erstfahrt",Willkommensansprache zur Erstfahrt,"seit 36 Tagen angemeldet, keine Fahrt im 365-Tage-Fenster",2026-08-25,2026-11-23,BASIS
1702,K-001702,Gelegenheitsnutzer,Anlass schaffen: Wetter-/Veranstaltungshinweis,"recency 40 d, 8 Fahrten, 9.00 EUR",2026-08-25,2026-11-23,STUDENT
1704,K-001704,Umsatzträger,nicht anfassen: sie tragen den Umsatz,"recency 31 d, 6 Fahrten, 34.20 EUR",2026-08-25,2026-11-23,BASIS
1705,K-001705,"Früher aktiv, jetzt inaktiv",Rückgewinnung: was hat gefehlt?,"seit 1114 Tagen angemeldet, keine Fahrt im 365-Tage-Fenster",2026-08-25,2026-11-23,BASIS
1707,K-001707,Vielfahrer,"Bindung halten — und je Tarif prüfen, ob das Freiminutenvolumen nötig ist","recency 16 d, 18 Fahrten, 50.90 EUR",2026-08-25,2026-11-23,STUDENT
1708,K-001708,Eingeschlafen,Rückgewinnung: einmalig Freiminuten,"recency 341 d, 1 Fahrten, 0.10 EUR",2026-08-25,2026-11-23,STUDENT
1709,K-001709,Vielfahrer,"Bindung halten — und je Tarif prüfen, ob das Freiminutenvolumen nötig ist","recency 1 d, 13 Fahrten, 73.00 EUR",2026-08-25,2026-11-23,BASIS
1710,K-001710,"Früher aktiv, jetzt inaktiv",Rückgewinnung: was hat gefehlt?,"seit 1455 Tagen angemeldet, keine Fahrt im 365-Tage-Fenster",2026-08-25,2026-11-23,BASIS
1711,K-001711,Gelegenheitsnutzer,Anlass schaffen: Wetter-/Veranstaltungshinweis,"recency 25 d, 7 Fahrten, 6.90 EUR",2026-08-25,2026-11-23,STUDENT
1712,K-001712,Eingeschlafen,Rückgewinnung: einmalig Freiminuten,"recency 296 d, 3 Fahrten, 0.24 EUR",2026-08-25,2026-11-23,PREMIUM
1713,K-001713,Gelegenheitsnutzer,Anlass schaffen: Wetter-/Veranstaltungshinweis,"recency 58 d, 4 Fahrten, 6.80 EUR",2026-08-25,2026-11-23,BASIS
1714,K-001714,Vielfahrer,"Bindung halten — und je Tarif prüfen, ob das Freiminutenvolumen nötig ist","recency 13 d, 19 Fahrten, 19.20 EUR",2026-08-25,2026-11-23,STUDENT
1715,K-001715,Eingeschlafen,Rückgewinnung: einmalig Freiminuten,"recency 259 d, 2 Fahrten, 0.20 EUR",2026-08-25,2026-11-23,STUDENT
1716,K-001716,Gelegenheitsnutzer,Anlass schaffen: Wetter-/Veranstaltungshinweis,"recency 12 d, 5 Fahrten, 20.55 EUR",2026-08-25,2026-11-23,BASIS
1717,K-001717,"Früher aktiv, jetzt inaktiv",Rückgewinnung: was hat gefehlt?,"seit 719 Tagen angemeldet, keine Fahrt im 365-Tage-Fenster",2026-08-25,2026-11-23,OEPNV
1718,K-001718,Eingeschlafen,Rückgewinnung: einmalig Freiminuten,"recency 312 d, 3 Fahrten, 1.68 EUR",2026-08-25,2026-11-23,PREMIUM
1719,K-001719,"Früher aktiv, jetzt inaktiv",Rückgewinnung: was hat gefehlt?,"seit 1500 Tagen angemeldet, keine Fahrt im 365-Tage-Fenster",2026-08-25,2026-11-23,BASIS
1720,K-001720,"Früher aktiv, jetzt inaktiv",Rückgewinnung: was hat gefehlt?,"seit 760 Tagen angemeldet, keine Fahrt im 365-Tage-Fenster",2026-08-25,2026-11-23,BASIS
1721,K-001721,Vielfahrer,"Bindung halten — und je Tarif prüfen, ob das Freiminutenvolumen nötig ist","recency 12 d, 16 Fahrten, 11.44 EUR",2026-08-25,2026-11-23,PREMIUM
1722,K-001722,"Früher aktiv, jetzt inaktiv",Rückgewinnung: was hat gefehlt?,"seit 1803 Tagen angemeldet, keine Fahrt im 365-Tage-Fenster",2026-08-25,2026-11-23,BASIS
1723,K-001723,Vielfahrer,"Bindung halten — und je Tarif prüfen, ob das Freiminutenvolumen nötig ist","recency 27 d, 21 Fahrten, 40.65 EUR",2026-08-25,2026-11-23,OEPNV
1724,K-001724,Gelegenheitsnutzer,Anlass schaffen: Wetter-/Veranstaltungshinweis,"recency 107 d, 3 Fahrten, 20.25 EUR",2026-08-25,2026-11-23,BASIS
1725,K-001725,Vielfahrer,"Bindung halten — und je Tarif prüfen, ob das Freiminutenvolumen nötig ist","recency 26 d, 17 Fahrten, 10.90 EUR",2026-08-25,2026-11-23,OEPNV
1726,K-001726,Gelegenheitsnutzer,Anlass schaffen: Wetter-/Veranstaltungshinweis,"recency 16 d, 4 Fahrten, 12.95 EUR",2026-08-25,2026-11-23,BASIS
1727,K-001727,"Früher aktiv, jetzt inaktiv",Rückgewinnung: was hat gefehlt?,"seit 1025 Tagen angemeldet, keine Fahrt im 365-Tage-Fenster",2026-08-25,2026-11-23,STUDENT
1729,K-001729,Gelegenheitsnutzer,Anlass schaffen: Wetter-/Veranstaltungshinweis,"recency 34 d, 7 Fahrten, 4.00 EUR",2026-08-25,2026-11-23,STUDENT
1730,K-001730,Gelegenheitsnutzer,Anlass schaffen: Wetter-/Veranstaltungshinweis,"recency 42 d, 8 Fahrten, 13.30 EUR",2026-08-25,2026-11-23,STUDENT
1731,K-001731,Gelegenheitsnutzer,Anlass schaffen: Wetter-/Veranstaltungshinweis,"recency 36 d, 7 Fahrten, 4.40 EUR",2026-08-25,2026-11-23,OEPNV
1734,K-001734,"Früher aktiv, jetzt inaktiv",Rückgewinnung: was hat gefehlt?,"seit 711 Tagen angemeldet, keine Fahrt im 365-Tage-Fenster",2026-08-25,2026-11-23,BASIS
1735,K-001735,"Neu, noch keine Erstfahrt",Willkommensansprache zur Erstfahrt,"seit 75 Tagen angemeldet, keine Fahrt im 365-Tage-Fenster",2026-08-25,2026-11-23,BASIS
1736,K-001736,Vielfahrer,"Bindung halten — und je Tarif prüfen, ob das Freiminutenvolumen nötig ist","recency 17 d, 18 Fahrten, 7.28 EUR",2026-08-25,2026-11-23,PREMIUM
1737,K-001737,Gelegenheitsnutzer,Anlass schaffen: Wetter-/Veranstaltungshinweis,"recency 17 d, 12 Fahrten, 3.90 EUR",2026-08-25,2026-11-23,OEPNV
1738,K-001738,Gelegenheitsnutzer,Anlass schaffen: Wetter-/Veranstaltungshinweis,"recency 65 d, 2 Fahrten, 1.60 EUR",2026-08-25,2026-11-23,BASIS
1739,K-001739,Vielfahrer,"Bindung halten — und je Tarif prüfen, ob das Freiminutenvolumen nötig ist","recency 3 d, 31 Fahrten, 134.85 EUR",2026-08-25,2026-11-23,BASIS
1740,K-001740,Vielfahrer,"Bindung halten — und je Tarif prüfen, ob das Freiminutenvolumen nötig ist","recency 20 d, 19 Fahrten, 91.20 EUR",2026-08-25,2026-11-23,STUDENT
1741,K-001741,Gelegenheitsnutzer,Anlass schaffen: Wetter-/Veranstaltungshinweis,"recency 7 d, 12 Fahrten, 28.40 EUR",2026-08-25,2026-11-23,OEPNV
1743,K-001743,"Früher aktiv, jetzt inaktiv",Rückgewinnung: was hat gefehlt?,"seit 510 Tagen angemeldet, keine Fahrt im 365-Tage-Fenster",2026-08-25,2026-11-23,BASIS
1744,K-001744,Umsatzträger,nicht anfassen: sie tragen den Umsatz,"recency 29 d, 12 Fahrten, 35.35 EUR",2026-08-25,2026-11-23,BASIS
1745,K-001745,Vielfahrer,"Bindung halten — und je Tarif prüfen, ob das Freiminutenvolumen nötig ist","recency 19 d, 17 Fahrten, 26.70 EUR",2026-08-25,2026-11-23,STUDENT
1746,K-001746,Gelegenheitsnutzer,Anlass schaffen: Wetter-/Veranstaltungshinweis,"recency 53 d, 6 Fahrten, 2.40 EUR",2026-08-25,2026-11-23,STUDENT
1747,K-001747,Gelegenheitsnutzer,Anlass schaffen: Wetter-/Veranstaltungshinweis,"recency 70 d, 3 Fahrten, 19.25 EUR",2026-08-25,2026-11-23,BASIS
1748,K-001748,"Früher aktiv, jetzt inaktiv",Rückgewinnung: was hat gefehlt?,"seit 1587 Tagen angemeldet, keine Fahrt im 365-Tage-Fenster",2026-08-25,2026-11-23,STUDENT
1749,K-001749,Gelegenheitsnutzer,Anlass schaffen: Wetter-/Veranstaltungshinweis,"recency 37 d, 8 Fahrten, 5.52 EUR",2026-08-25,2026-11-23,PREMIUM
1750,K-001750,Umsatzträger,nicht anfassen: sie tragen den Umsatz,"recency 44 d, 7 Fahrten, 35.20 EUR",2026-08-25,2026-11-23,BASIS
1751,K-001751,"Früher aktiv, jetzt inaktiv",Rückgewinnung: was hat gefehlt?,"seit 1282 Tagen angemeldet, keine Fahrt im 365-Tage-Fenster",2026-08-25,2026-11-23,OEPNV
1752,K-001752,Gelegenheitsnutzer,Anlass schaffen: Wetter-/Veranstaltungshinweis,"recency 23 d, 11 Fahrten, 19.70 EUR",2026-08-25,2026-11-23,STUDENT
1753,K-001753,Gelegenheitsnutzer,Anlass schaffen: Wetter-/Veranstaltungshinweis,"recency 113 d, 2 Fahrten, 4.15 EUR",2026-08-25,2026-11-23,BASIS
1754,K-001754,Vielfahrer,"Bindung halten — und je Tarif prüfen, ob das Freiminutenvolumen nötig ist","recency 11 d, 20 Fahrten, 8.88 EUR",2026-08-25,2026-11-23,PREMIUM
1755,K-001755,Vielfahrer,"Bindung halten — und je Tarif prüfen, ob das Freiminutenvolumen nötig ist","recency 3 d, 24 Fahrten, 43.90 EUR",2026-08-25,2026-11-23,OEPNV
1756,K-001756,Gelegenheitsnutzer,Anlass schaffen: Wetter-/Veranstaltungshinweis,"recency 40 d, 4 Fahrten, 0.40 EUR",2026-08-25,2026-11-23,STUDENT
1757,K-001757,Umsatzträger,nicht anfassen: sie tragen den Umsatz,"recency 47 d, 12 Fahrten, 55.40 EUR",2026-08-25,2026-11-23,BASIS
1758,K-001758,Gelegenheitsnutzer,Anlass schaffen: Wetter-/Veranstaltungshinweis,"recency 46 d, 3 Fahrten, 16.45 EUR",2026-08-25,2026-11-23,BASIS
1759,K-001759,Gelegenheitsnutzer,Anlass schaffen: Wetter-/Veranstaltungshinweis,"recency 22 d, 4 Fahrten, 24.40 EUR",2026-08-25,2026-11-23,BASIS
1760,K-001760,Eingeschlafen,Rückgewinnung: einmalig Freiminuten,"recency 263 d, 5 Fahrten, 1.84 EUR",2026-08-25,2026-11-23,PREMIUM
1761,K-001761,Gelegenheitsnutzer,Anlass schaffen: Wetter-/Veranstaltungshinweis,"recency 88 d, 1 Fahrten, 2.70 EUR",2026-08-25,2026-11-23,BASIS
1762,K-001762,Vielfahrer,"Bindung halten — und je Tarif prüfen, ob das Freiminutenvolumen nötig ist","recency 37 d, 18 Fahrten, 62.75 EUR",2026-08-25,2026-11-23,STUDENT
1763,K-001763,"Früher aktiv, jetzt inaktiv",Rückgewinnung: was hat gefehlt?,"seit 761 Tagen angemeldet, keine Fahrt im 365-Tage-Fenster",2026-08-25,2026-11-23,BASIS
1764,K-001764,"Neu, noch keine Erstfahrt",Willkommensansprache zur Erstfahrt,"seit 142 Tagen angemeldet, keine Fahrt im 365-Tage-Fenster",2026-08-25,2026-11-23,BASIS
1765,K-001765,"Früher aktiv, jetzt inaktiv",Rückgewinnung: was hat gefehlt?,"seit 735 Tagen angemeldet, keine Fahrt im 365-Tage-Fenster",2026-08-25,2026-11-23,BASIS
1766,K-001766,Gelegenheitsnutzer,Anlass schaffen: Wetter-/Veranstaltungshinweis,"recency 48 d, 2 Fahrten, 21.00 EUR",2026-08-25,2026-11-23,BASIS
1767,K-001767,"Früher aktiv, jetzt inaktiv",Rückgewinnung: was hat gefehlt?,"seit 575 Tagen angemeldet, keine Fahrt im 365-Tage-Fenster",2026-08-25,2026-11-23,BASIS
1768,K-001768,Umsatzträger,nicht anfassen: sie tragen den Umsatz,"recency 65 d, 7 Fahrten, 41.40 EUR",2026-08-25,2026-11-23,BASIS
1769,K-001769,"Früher aktiv, jetzt inaktiv",Rückgewinnung: was hat gefehlt?,"seit 761 Tagen angemeldet, keine Fahrt im 365-Tage-Fenster",2026-08-25,2026-11-23,BASIS
1770,K-001770,Umsatzträger,nicht anfassen: sie tragen den Umsatz,"recency 48 d, 4 Fahrten, 31.20 EUR",2026-08-25,2026-11-23,BASIS
1771,K-001771,Gelegenheitsnutzer,Anlass schaffen: Wetter-/Veranstaltungshinweis,"recency 19 d, 10 Fahrten, 10.20 EUR",2026-08-25,2026-11-23,OEPNV
1772,K-001772,Vielfahrer,"Bindung halten — und je Tarif prüfen, ob das Freiminutenvolumen nötig ist","recency 3 d, 14 Fahrten, 17.45 EUR",2026-08-25,2026-11-23,STUDENT
1773,K-001773,"Früher aktiv, jetzt inaktiv",Rückgewinnung: was hat gefehlt?,"seit 1227 Tagen angemeldet, keine Fahrt im 365-Tage-Fenster",2026-08-25,2026-11-23,BASIS
1774,K-001774,Vielfahrer,"Bindung halten — und je Tarif prüfen, ob das Freiminutenvolumen nötig ist","recency 15 d, 24 Fahrten, 43.00 EUR",2026-08-25,2026-11-23,OEPNV
1775,K-001775,Gelegenheitsnutzer,Anlass schaffen: Wetter-/Veranstaltungshinweis,"recency 2 d, 2 Fahrten, 1.50 EUR",2026-08-25,2026-11-23,BASIS
1776,K-001776,Vielfahrer,"Bindung halten — und je Tarif prüfen, ob das Freiminutenvolumen nötig ist","recency 5 d, 39 Fahrten, 178.65 EUR",2026-08-25,2026-11-23,BASIS
1777,K-001777,Vielfahrer,"Bindung halten — und je Tarif prüfen, ob das Freiminutenvolumen nötig ist","recency 11 d, 13 Fahrten, 13.20 EUR",2026-08-25,2026-11-23,STUDENT
1778,K-001778,Gelegenheitsnutzer,Anlass schaffen: Wetter-/Veranstaltungshinweis,"recency 19 d, 11 Fahrten, 13.00 EUR",2026-08-25,2026-11-23,OEPNV
1779,K-001779,"Früher aktiv, jetzt inaktiv",Rückgewinnung: was hat gefehlt?,"seit 1514 Tagen angemeldet, keine Fahrt im 365-Tage-Fenster",2026-08-25,2026-11-23,BASIS
1780,K-001780,Gelegenheitsnutzer,Anlass schaffen: Wetter-/Veranstaltungshinweis,"recency 85 d, 2 Fahrten, 2.60 EUR",2026-08-25,2026-11-23,BASIS
1781,K-001781,Vielfahrer,"Bindung halten — und je Tarif prüfen, ob das Freiminutenvolumen nötig ist","recency 7 d, 21 Fahrten, 11.92 EUR",2026-08-25,2026-11-23,PREMIUM
1782,K-001782,Gelegenheitsnutzer,Anlass schaffen: Wetter-/Veranstaltungshinweis,"recency 53 d, 7 Fahrten, 4.56 EUR",2026-08-25,2026-11-23,PREMIUM
1783,K-001783,Vielfahrer,"Bindung halten — und je Tarif prüfen, ob das Freiminutenvolumen nötig ist","recency 2 d, 16 Fahrten, 5.60 EUR",2026-08-25,2026-11-23,PREMIUM
1784,K-001784,"Neu, noch keine Erstfahrt",Willkommensansprache zur Erstfahrt,"seit 83 Tagen angemeldet, keine Fahrt im 365-Tage-Fenster",2026-08-25,2026-11-23,BASIS
1785,K-001785,Gelegenheitsnutzer,Anlass schaffen: Wetter-/Veranstaltungshinweis,"recency 45 d, 11 Fahrten, 26.80 EUR",2026-08-25,2026-11-23,STUDENT
1786,K-001786,Gelegenheitsnutzer,Anlass schaffen: Wetter-/Veranstaltungshinweis,"recency 42 d, 8 Fahrten, 11.70 EUR",2026-08-25,2026-11-23,STUDENT
1787,K-001787,Gelegenheitsnutzer,Anlass schaffen: Wetter-/Veranstaltungshinweis,"recency 45 d, 6 Fahrten, 18.35 EUR",2026-08-25,2026-11-23,BASIS
1789,K-001789,Gelegenheitsnutzer,Anlass schaffen: Wetter-/Veranstaltungshinweis,"recency 92 d, 4 Fahrten, 4.84 EUR",2026-08-25,2026-11-23,PREMIUM
1790,K-001790,Vielfahrer,"Bindung halten — und je Tarif prüfen, ob das Freiminutenvolumen nötig ist","recency 5 d, 20 Fahrten, 43.15 EUR",2026-08-25,2026-11-23,OEPNV
1791,K-001791,Gelegenheitsnutzer,Anlass schaffen: Wetter-/Veranstaltungshinweis,"recency 85 d, 6 Fahrten, 9.20 EUR",2026-08-25,2026-11-23,OEPNV
1792,K-001792,Gelegenheitsnutzer,Anlass schaffen: Wetter-/Veranstaltungshinweis,"recency 31 d, 9 Fahrten, 11.50 EUR",2026-08-25,2026-11-23,STUDENT
1793,K-001793,Gelegenheitsnutzer,Anlass schaffen: Wetter-/Veranstaltungshinweis,"recency 55 d, 2 Fahrten, 26.50 EUR",2026-08-25,2026-11-23,BASIS
1794,K-001794,Vielfahrer,"Bindung halten — und je Tarif prüfen, ob das Freiminutenvolumen nötig ist","recency 4 d, 35 Fahrten, 22.40 EUR",2026-08-25,2026-11-23,PREMIUM
1795,K-001795,Vielfahrer,"Bindung halten — und je Tarif prüfen, ob das Freiminutenvolumen nötig ist","recency 19 d, 20 Fahrten, 17.60 EUR",2026-08-25,2026-11-23,PREMIUM
1796,K-001796,Gelegenheitsnutzer,Anlass schaffen: Wetter-/Veranstaltungshinweis,"recency 63 d, 3 Fahrten, 12.70 EUR",2026-08-25,2026-11-23,BASIS
1797,K-001797,Eingeschlafen,Rückgewinnung: einmalig Freiminuten,"recency 313 d, 3 Fahrten, 32.50 EUR",2026-08-25,2026-11-23,BASIS
1798,K-001798,Gelegenheitsnutzer,Anlass schaffen: Wetter-/Veranstaltungshinweis,"recency 0 d, 5 Fahrten, 5.10 EUR",2026-08-25,2026-11-23,OEPNV
1799,K-001799,Vielfahrer,"Bindung halten — und je Tarif prüfen, ob das Freiminutenvolumen nötig ist","recency 20 d, 14 Fahrten, 50.00 EUR",2026-08-25,2026-11-23,BASIS
1800,K-001800,Vielfahrer,"Bindung halten — und je Tarif prüfen, ob das Freiminutenvolumen nötig ist","recency 52 d, 13 Fahrten, 33.70 EUR",2026-08-25,2026-11-23,BASIS
1801,K-001801,Vielfahrer,"Bindung halten — und je Tarif prüfen, ob das Freiminutenvolumen nötig ist","recency 8 d, 30 Fahrten, 53.00 EUR",2026-08-25,2026-11-23,PREMIUM
1802,K-001802,"Früher aktiv, jetzt inaktiv",Rückgewinnung: was hat gefehlt?,"seit 1700 Tagen angemeldet, keine Fahrt im 365-Tage-Fenster",2026-08-25,2026-11-23,BASIS
1803,K-001803,Vielfahrer,"Bindung halten — und je Tarif prüfen, ob das Freiminutenvolumen nötig ist","recency 0 d, 28 Fahrten, 74.90 EUR",2026-08-25,2026-11-23,STUDENT
1804,K-001804,"Früher aktiv, jetzt inaktiv",Rückgewinnung: was hat gefehlt?,"seit 1676 Tagen angemeldet, keine Fahrt im 365-Tage-Fenster",2026-08-25,2026-11-23,BASIS
1805,K-001805,Vielfahrer,"Bindung halten — und je Tarif prüfen, ob das Freiminutenvolumen nötig ist","recency 0 d, 42 Fahrten, 35.72 EUR",2026-08-25,2026-11-23,PREMIUM
1806,K-001806,Gelegenheitsnutzer,Anlass schaffen: Wetter-/Veranstaltungshinweis,"recency 47 d, 3 Fahrten, 11.25 EUR",2026-08-25,2026-11-23,BASIS
1807,K-001807,Vielfahrer,"Bindung halten — und je Tarif prüfen, ob das Freiminutenvolumen nötig ist","recency 32 d, 20 Fahrten, 11.90 EUR",2026-08-25,2026-11-23,STUDENT
1809,K-001809,"Neu, noch keine Erstfahrt",Willkommensansprache zur Erstfahrt,"seit 238 Tagen angemeldet, keine Fahrt im 365-Tage-Fenster",2026-08-25,2026-11-23,STUDENT
1810,K-001810,Gelegenheitsnutzer,Anlass schaffen: Wetter-/Veranstaltungshinweis,"recency 17 d, 6 Fahrten, 1.50 EUR",2026-08-25,2026-11-23,OEPNV
1811,K-001811,"Früher aktiv, jetzt inaktiv",Rückgewinnung: was hat gefehlt?,"seit 1519 Tagen angemeldet, keine Fahrt im 365-Tage-Fenster",2026-08-25,2026-11-23,BASIS
1812,K-001812,Gelegenheitsnutzer,Anlass schaffen: Wetter-/Veranstaltungshinweis,"recency 99 d, 2 Fahrten, 16.50 EUR",2026-08-25,2026-11-23,BASIS
1813,K-001813,"Früher aktiv, jetzt inaktiv",Rückgewinnung: was hat gefehlt?,"seit 1418 Tagen angemeldet, keine Fahrt im 365-Tage-Fenster",2026-08-25,2026-11-23,PREMIUM
1814,K-001814,Eingeschlafen,Rückgewinnung: einmalig Freiminuten,"recency 250 d, 5 Fahrten, 0.50 EUR",2026-08-25,2026-11-23,OEPNV
1815,K-001815,"Früher aktiv, jetzt inaktiv",Rückgewinnung: was hat gefehlt?,"seit 1472 Tagen angemeldet, keine Fahrt im 365-Tage-Fenster",2026-08-25,2026-11-23,BASIS
1816,K-001816,"Früher aktiv, jetzt inaktiv",Rückgewinnung: was hat gefehlt?,"seit 1456 Tagen angemeldet, keine Fahrt im 365-Tage-Fenster",2026-08-25,2026-11-23,BASIS
1817,K-001817,Eingeschlafen,Rückgewinnung: einmalig Freiminuten,"recency 181 d, 1 Fahrten, 11.50 EUR",2026-08-25,2026-11-23,BASIS
1818,K-001818,"Früher aktiv, jetzt inaktiv",Rückgewinnung: was hat gefehlt?,"seit 741 Tagen angemeldet, keine Fahrt im 365-Tage-Fenster",2026-08-25,2026-11-23,BASIS
1819,K-001819,"Früher aktiv, jetzt inaktiv",Rückgewinnung: was hat gefehlt?,"seit 960 Tagen angemeldet, keine Fahrt im 365-Tage-Fenster",2026-08-25,2026-11-23,STUDENT
1820,K-001820,"Früher aktiv, jetzt inaktiv",Rückgewinnung: was hat gefehlt?,"seit 1291 Tagen angemeldet, keine Fahrt im 365-Tage-Fenster",2026-08-25,2026-11-23,STUDENT
1821,K-001821,Eingeschlafen,Rückgewinnung: einmalig Freiminuten,"recency 307 d, 7 Fahrten, 25.40 EUR",2026-08-25,2026-11-23,BASIS
1823,K-001823,Gelegenheitsnutzer,Anlass schaffen: Wetter-/Veranstaltungshinweis,"recency 50 d, 4 Fahrten, 23.10 EUR",2026-08-25,2026-11-23,BASIS
1824,K-001824,"Früher aktiv, jetzt inaktiv",Rückgewinnung: was hat gefehlt?,"seit 1161 Tagen angemeldet, keine Fahrt im 365-Tage-Fenster",2026-08-25,2026-11-23,PREMIUM
1825,K-001825,Vielfahrer,"Bindung halten — und je Tarif prüfen, ob das Freiminutenvolumen nötig ist","recency 12 d, 28 Fahrten, 82.35 EUR",2026-08-25,2026-11-23,STUDENT
1826,K-001826,Gelegenheitsnutzer,Anlass schaffen: Wetter-/Veranstaltungshinweis,"recency 8 d, 4 Fahrten, 3.10 EUR",2026-08-25,2026-11-23,STUDENT
1827,K-001827,Vielfahrer,"Bindung halten — und je Tarif prüfen, ob das Freiminutenvolumen nötig ist","recency 22 d, 14 Fahrten, 52.95 EUR",2026-08-25,2026-11-23,BASIS
1828,K-001828,Gelegenheitsnutzer,Anlass schaffen: Wetter-/Veranstaltungshinweis,"recency 34 d, 4 Fahrten, 15.25 EUR",2026-08-25,2026-11-23,BASIS
1829,K-001829,"Neu, noch keine Erstfahrt",Willkommensansprache zur Erstfahrt,"seit 142 Tagen angemeldet, keine Fahrt im 365-Tage-Fenster",2026-08-25,2026-11-23,BASIS
1830,K-001830,Vielfahrer,"Bindung halten — und je Tarif prüfen, ob das Freiminutenvolumen nötig ist","recency 13 d, 20 Fahrten, 12.72 EUR",2026-08-25,2026-11-23,PREMIUM
1831,K-001831,Vielfahrer,"Bindung halten — und je Tarif prüfen, ob das Freiminutenvolumen nötig ist","recency 11 d, 35 Fahrten, 71.10 EUR",2026-08-25,2026-11-23,OEPNV
1832,K-001832,Eingeschlafen,Rückgewinnung: einmalig Freiminuten,"recency 309 d, 2 Fahrten, 1.68 EUR",2026-08-25,2026-11-23,PREMIUM
1833,K-001833,"Früher aktiv, jetzt inaktiv",Rückgewinnung: was hat gefehlt?,"seit 1382 Tagen angemeldet, keine Fahrt im 365-Tage-Fenster",2026-08-25,2026-11-23,BASIS
1834,K-001834,Vielfahrer,"Bindung halten — und je Tarif prüfen, ob das Freiminutenvolumen nötig ist","recency 10 d, 16 Fahrten, 8.00 EUR",2026-08-25,2026-11-23,PREMIUM
1835,K-001835,Umsatzträger,nicht anfassen: sie tragen den Umsatz,"recency 8 d, 5 Fahrten, 54.50 EUR",2026-08-25,2026-11-23,BASIS
1836,K-001836,Gelegenheitsnutzer,Anlass schaffen: Wetter-/Veranstaltungshinweis,"recency 18 d, 7 Fahrten, 8.10 EUR",2026-08-25,2026-11-23,OEPNV
1837,K-001837,Vielfahrer,"Bindung halten — und je Tarif prüfen, ob das Freiminutenvolumen nötig ist","recency 10 d, 33 Fahrten, 11.44 EUR",2026-08-25,2026-11-23,PREMIUM
1838,K-001838,Eingeschlafen,Rückgewinnung: einmalig Freiminuten,"recency 264 d, 1 Fahrten, 2.00 EUR",2026-08-25,2026-11-23,STUDENT
1839,K-001839,Gelegenheitsnutzer,Anlass schaffen: Wetter-/Veranstaltungshinweis,"recency 90 d, 1 Fahrten, 0.60 EUR",2026-08-25,2026-11-23,BASIS
1840,K-001840,Gelegenheitsnutzer,Anlass schaffen: Wetter-/Veranstaltungshinweis,"recency 25 d, 7 Fahrten, 2.00 EUR",2026-08-25,2026-11-23,PREMIUM
1841,K-001841,Vielfahrer,"Bindung halten — und je Tarif prüfen, ob das Freiminutenvolumen nötig ist","recency 17 d, 17 Fahrten, 17.55 EUR",2026-08-25,2026-11-23,STUDENT
1842,K-001842,Gelegenheitsnutzer,Anlass schaffen: Wetter-/Veranstaltungshinweis,"recency 29 d, 2 Fahrten, 2.80 EUR",2026-08-25,2026-11-23,BASIS
1843,K-001843,Gelegenheitsnutzer,Anlass schaffen: Wetter-/Veranstaltungshinweis,"recency 50 d, 5 Fahrten, 26.45 EUR",2026-08-25,2026-11-23,BASIS
1845,K-001845,Gelegenheitsnutzer,Anlass schaffen: Wetter-/Veranstaltungshinweis,"recency 9 d, 1 Fahrten, 3.75 EUR",2026-08-25,2026-11-23,BASIS
1846,K-001846,"Früher aktiv, jetzt inaktiv",Rückgewinnung: was hat gefehlt?,"seit 1496 Tagen angemeldet, keine Fahrt im 365-Tage-Fenster",2026-08-25,2026-11-23,BASIS
1847,K-001847,Eingeschlafen,Rückgewinnung: einmalig Freiminuten,"recency 296 d, 1 Fahrten, 0.10 EUR",2026-08-25,2026-11-23,OEPNV
1849,K-001849,Umsatzträger,nicht anfassen: sie tragen den Umsatz,"recency 21 d, 6 Fahrten, 40.80 EUR",2026-08-25,2026-11-23,BASIS
1850,K-001850,"Neu, noch keine Erstfahrt",Willkommensansprache zur Erstfahrt,"seit 310 Tagen angemeldet, keine Fahrt im 365-Tage-Fenster",2026-08-25,2026-11-23,BASIS
1851,K-001851,Umsatzträger,nicht anfassen: sie tragen den Umsatz,"recency 41 d, 7 Fahrten, 38.00 EUR",2026-08-25,2026-11-23,BASIS
1852,K-001852,Gelegenheitsnutzer,Anlass schaffen: Wetter-/Veranstaltungshinweis,"recency 46 d, 5 Fahrten, 3.20 EUR",2026-08-25,2026-11-23,STUDENT
1853,K-001853,Eingeschlafen,Rückgewinnung: einmalig Freiminuten,"recency 352 d, 1 Fahrten, 2.60 EUR",2026-08-25,2026-11-23,BASIS
1854,K-001854,Gelegenheitsnutzer,Anlass schaffen: Wetter-/Veranstaltungshinweis,"recency 7 d, 5 Fahrten, 3.60 EUR",2026-08-25,2026-11-23,STUDENT
1856,K-001856,Vielfahrer,"Bindung halten — und je Tarif prüfen, ob das Freiminutenvolumen nötig ist","recency 7 d, 13 Fahrten, 10.60 EUR",2026-08-25,2026-11-23,OEPNV
1857,K-001857,Eingeschlafen,Rückgewinnung: einmalig Freiminuten,"recency 268 d, 1 Fahrten, 4.50 EUR",2026-08-25,2026-11-23,BASIS
1858,K-001858,Vielfahrer,"Bindung halten — und je Tarif prüfen, ob das Freiminutenvolumen nötig ist","recency 39 d, 14 Fahrten, 35.55 EUR",2026-08-25,2026-11-23,STUDENT
1859,K-001859,"Früher aktiv, jetzt inaktiv",Rückgewinnung: was hat gefehlt?,"seit 1399 Tagen angemeldet, keine Fahrt im 365-Tage-Fenster",2026-08-25,2026-11-23,BASIS
1860,K-001860,"Früher aktiv, jetzt inaktiv",Rückgewinnung: was hat gefehlt?,"seit 1575 Tagen angemeldet, keine Fahrt im 365-Tage-Fenster",2026-08-25,2026-11-23,BASIS
1861,K-001861,Gelegenheitsnutzer,Anlass schaffen: Wetter-/Veranstaltungshinweis,"recency 57 d, 2 Fahrten, 4.50 EUR",2026-08-25,2026-11-23,BASIS
1862,K-001862,Gelegenheitsnutzer,Anlass schaffen: Wetter-/Veranstaltungshinweis,"recency 9 d, 3 Fahrten, 4.15 EUR",2026-08-25,2026-11-23,BASIS
1863,K-001863,"Früher aktiv, jetzt inaktiv",Rückgewinnung: was hat gefehlt?,"seit 1112 Tagen angemeldet, keine Fahrt im 365-Tage-Fenster",2026-08-25,2026-11-23,STUDENT
1864,K-001864,"Früher aktiv, jetzt inaktiv",Rückgewinnung: was hat gefehlt?,"seit 1750 Tagen angemeldet, keine Fahrt im 365-Tage-Fenster",2026-08-25,2026-11-23,BASIS
1865,K-001865,"Früher aktiv, jetzt inaktiv",Rückgewinnung: was hat gefehlt?,"seit 1010 Tagen angemeldet, keine Fahrt im 365-Tage-Fenster",2026-08-25,2026-11-23,BASIS
1866,K-001866,Vielfahrer,"Bindung halten — und je Tarif prüfen, ob das Freiminutenvolumen nötig ist","recency 38 d, 14 Fahrten, 93.50 EUR",2026-08-25,2026-11-23,STUDENT
1867,K-001867,Umsatzträger,nicht anfassen: sie tragen den Umsatz,"recency 35 d, 6 Fahrten, 35.30 EUR",2026-08-25,2026-11-23,BASIS
1868,K-001868,Gelegenheitsnutzer,Anlass schaffen: Wetter-/Veranstaltungshinweis,"recency 58 d, 3 Fahrten, 14.00 EUR",2026-08-25,2026-11-23,BASIS
1869,K-001869,Vielfahrer,"Bindung halten — und je Tarif prüfen, ob das Freiminutenvolumen nötig ist","recency 15 d, 13 Fahrten, 12.30 EUR",2026-08-25,2026-11-23,OEPNV
1870,K-001870,Vielfahrer,"Bindung halten — und je Tarif prüfen, ob das Freiminutenvolumen nötig ist","recency 4 d, 21 Fahrten, 40.60 EUR",2026-08-25,2026-11-23,OEPNV
1872,K-001872,"Früher aktiv, jetzt inaktiv",Rückgewinnung: was hat gefehlt?,"seit 1810 Tagen angemeldet, keine Fahrt im 365-Tage-Fenster",2026-08-25,2026-11-23,BASIS
1873,K-001873,"Früher aktiv, jetzt inaktiv",Rückgewinnung: was hat gefehlt?,"seit 1300 Tagen angemeldet, keine Fahrt im 365-Tage-Fenster",2026-08-25,2026-11-23,BASIS
1874,K-001874,"Früher aktiv, jetzt inaktiv",Rückgewinnung: was hat gefehlt?,"seit 484 Tagen angemeldet, keine Fahrt im 365-Tage-Fenster",2026-08-25,2026-11-23,BASIS
1876,K-001876,Gelegenheitsnutzer,Anlass schaffen: Wetter-/Veranstaltungshinweis,"recency 41 d, 7 Fahrten, 5.75 EUR",2026-08-25,2026-11-23,OEPNV
1878,K-001878,"Neu, noch keine Erstfahrt",Willkommensansprache zur Erstfahrt,"seit 314 Tagen angemeldet, keine Fahrt im 365-Tage-Fenster",2026-08-25,2026-11-23,BASIS
1879,K-001879,"Früher aktiv, jetzt inaktiv",Rückgewinnung: was hat gefehlt?,"seit 947 Tagen angemeldet, keine Fahrt im 365-Tage-Fenster",2026-08-25,2026-11-23,STUDENT
1880,K-001880,"Früher aktiv, jetzt inaktiv",Rückgewinnung: was hat gefehlt?,"seit 1525 Tagen angemeldet, keine Fahrt im 365-Tage-Fenster",2026-08-25,2026-11-23,BASIS
1881,K-001881,Vielfahrer,"Bindung halten — und je Tarif prüfen, ob das Freiminutenvolumen nötig ist","recency 3 d, 20 Fahrten, 80.00 EUR",2026-08-25,2026-11-23,BASIS
1882,K-001882,Vielfahrer,"Bindung halten — und je Tarif prüfen, ob das Freiminutenvolumen nötig ist","recency 0 d, 26 Fahrten, 18.48 EUR",2026-08-25,2026-11-23,PREMIUM
1883,K-001883,Gelegenheitsnutzer,Anlass schaffen: Wetter-/Veranstaltungshinweis,"recency 15 d, 7 Fahrten, 4.90 EUR",2026-08-25,2026-11-23,OEPNV
1884,K-001884,Gelegenheitsnutzer,Anlass schaffen: Wetter-/Veranstaltungshinweis,"recency 9 d, 7 Fahrten, 11.15 EUR",2026-08-25,2026-11-23,STUDENT
1886,K-001886,Gelegenheitsnutzer,Anlass schaffen: Wetter-/Veranstaltungshinweis,"recency 41 d, 4 Fahrten, 6.30 EUR",2026-08-25,2026-11-23,OEPNV
1887,K-001887,Gelegenheitsnutzer,Anlass schaffen: Wetter-/Veranstaltungshinweis,"recency 57 d, 7 Fahrten, 26.70 EUR",2026-08-25,2026-11-23,BASIS
1888,K-001888,Vielfahrer,"Bindung halten — und je Tarif prüfen, ob das Freiminutenvolumen nötig ist","recency 1 d, 35 Fahrten, 247.75 EUR",2026-08-25,2026-11-23,BASIS
1889,K-001889,Gelegenheitsnutzer,Anlass schaffen: Wetter-/Veranstaltungshinweis,"recency 106 d, 3 Fahrten, 4.00 EUR",2026-08-25,2026-11-23,PREMIUM
1890,K-001890,Gelegenheitsnutzer,Anlass schaffen: Wetter-/Veranstaltungshinweis,"recency 18 d, 5 Fahrten, 17.60 EUR",2026-08-25,2026-11-23,BASIS
1891,K-001891,"Früher aktiv, jetzt inaktiv",Rückgewinnung: was hat gefehlt?,"seit 1801 Tagen angemeldet, keine Fahrt im 365-Tage-Fenster",2026-08-25,2026-11-23,BASIS
1892,K-001892,Gelegenheitsnutzer,Anlass schaffen: Wetter-/Veranstaltungshinweis,"recency 25 d, 12 Fahrten, 16.90 EUR",2026-08-25,2026-11-23,OEPNV
1893,K-001893,"Früher aktiv, jetzt inaktiv",Rückgewinnung: was hat gefehlt?,"seit 1398 Tagen angemeldet, keine Fahrt im 365-Tage-Fenster",2026-08-25,2026-11-23,BASIS
1894,K-001894,Gelegenheitsnutzer,Anlass schaffen: Wetter-/Veranstaltungshinweis,"recency 15 d, 5 Fahrten, 13.90 EUR",2026-08-25,2026-11-23,BASIS
1895,K-001895,"Früher aktiv, jetzt inaktiv",Rückgewinnung: was hat gefehlt?,"seit 1294 Tagen angemeldet, keine Fahrt im 365-Tage-Fenster",2026-08-25,2026-11-23,OEPNV
1896,K-001896,Vielfahrer,"Bindung halten — und je Tarif prüfen, ob das Freiminutenvolumen nötig ist","recency 1 d, 20 Fahrten, 61.00 EUR",2026-08-25,2026-11-23,STUDENT
1897,K-001897,"Früher aktiv, jetzt inaktiv",Rückgewinnung: was hat gefehlt?,"seit 1534 Tagen angemeldet, keine Fahrt im 365-Tage-Fenster",2026-08-25,2026-11-23,BASIS
1898,K-001898,Umsatzträger,nicht anfassen: sie tragen den Umsatz,"recency 74 d, 2 Fahrten, 31.50 EUR",2026-08-25,2026-11-23,BASIS
1899,K-001899,Gelegenheitsnutzer,Anlass schaffen: Wetter-/Veranstaltungshinweis,"recency 4 d, 5 Fahrten, 3.40 EUR",2026-08-25,2026-11-23,STUDENT
1900,K-001900,Umsatzträger,nicht anfassen: sie tragen den Umsatz,"recency 31 d, 10 Fahrten, 44.45 EUR",2026-08-25,2026-11-23,BASIS
1901,K-001901,"Früher aktiv, jetzt inaktiv",Rückgewinnung: was hat gefehlt?,"seit 1804 Tagen angemeldet, keine Fahrt im 365-Tage-Fenster",2026-08-25,2026-11-23,BASIS
1902,K-001902,Umsatzträger,nicht anfassen: sie tragen den Umsatz,"recency 9 d, 6 Fahrten, 37.90 EUR",2026-08-25,2026-11-23,BASIS
1903,K-001903,Umsatzträger,nicht anfassen: sie tragen den Umsatz,"recency 22 d, 11 Fahrten, 37.85 EUR",2026-08-25,2026-11-23,BASIS
1904,K-001904,Vielfahrer,"Bindung halten — und je Tarif prüfen, ob das Freiminutenvolumen nötig ist","recency 13 d, 22 Fahrten, 14.12 EUR",2026-08-25,2026-11-23,PREMIUM
1905,K-001905,"Früher aktiv, jetzt inaktiv",Rückgewinnung: was hat gefehlt?,"seit 910 Tagen angemeldet, keine Fahrt im 365-Tage-Fenster",2026-08-25,2026-11-23,BASIS
1906,K-001906,Gelegenheitsnutzer,Anlass schaffen: Wetter-/Veranstaltungshinweis,"recency 41 d, 5 Fahrten, 11.55 EUR",2026-08-25,2026-11-23,STUDENT
1907,K-001907,Gelegenheitsnutzer,Anlass schaffen: Wetter-/Veranstaltungshinweis,"recency 43 d, 7 Fahrten, 18.85 EUR",2026-08-25,2026-11-23,BASIS
1908,K-001908,Gelegenheitsnutzer,Anlass schaffen: Wetter-/Veranstaltungshinweis,"recency 141 d, 1 Fahrten, 14.00 EUR",2026-08-25,2026-11-23,BASIS
1909,K-001909,Gelegenheitsnutzer,Anlass schaffen: Wetter-/Veranstaltungshinweis,"recency 127 d, 1 Fahrten, 5.50 EUR",2026-08-25,2026-11-23,BASIS
1910,K-001910,"Früher aktiv, jetzt inaktiv",Rückgewinnung: was hat gefehlt?,"seit 1805 Tagen angemeldet, keine Fahrt im 365-Tage-Fenster",2026-08-25,2026-11-23,BASIS
1911,K-001911,Gelegenheitsnutzer,Anlass schaffen: Wetter-/Veranstaltungshinweis,"recency 77 d, 3 Fahrten, 9.25 EUR",2026-08-25,2026-11-23,BASIS
1912,K-001912,"Neu, noch keine Erstfahrt",Willkommensansprache zur Erstfahrt,"seit 121 Tagen angemeldet, keine Fahrt im 365-Tage-Fenster",2026-08-25,2026-11-23,BASIS
1913,K-001913,Gelegenheitsnutzer,Anlass schaffen: Wetter-/Veranstaltungshinweis,"recency 42 d, 1 Fahrten, 12.00 EUR",2026-08-25,2026-11-23,BASIS
1914,K-001914,"Neu, noch keine Erstfahrt",Willkommensansprache zur Erstfahrt,"seit 321 Tagen angemeldet, keine Fahrt im 365-Tage-Fenster",2026-08-25,2026-11-23,BASIS
1915,K-001915,"Früher aktiv, jetzt inaktiv",Rückgewinnung: was hat gefehlt?,"seit 1466 Tagen angemeldet, keine Fahrt im 365-Tage-Fenster",2026-08-25,2026-11-23,BASIS
1916,K-001916,Gelegenheitsnutzer,Anlass schaffen: Wetter-/Veranstaltungshinweis,"recency 18 d, 6 Fahrten, 11.15 EUR",2026-08-25,2026-11-23,OEPNV
1917,K-001917,Vielfahrer,"Bindung halten — und je Tarif prüfen, ob das Freiminutenvolumen nötig ist","recency 17 d, 20 Fahrten, 7.36 EUR",2026-08-25,2026-11-23,PREMIUM
1918,K-001918,Gelegenheitsnutzer,Anlass schaffen: Wetter-/Veranstaltungshinweis,"recency 140 d, 2 Fahrten, 10.00 EUR",2026-08-25,2026-11-23,BASIS
1919,K-001919,"Neu, noch keine Erstfahrt",Willkommensansprache zur Erstfahrt,"seit 159 Tagen angemeldet, keine Fahrt im 365-Tage-Fenster",2026-08-25,2026-11-23,BASIS
1920,K-001920,Vielfahrer,"Bindung halten — und je Tarif prüfen, ob das Freiminutenvolumen nötig ist","recency 7 d, 19 Fahrten, 51.05 EUR",2026-08-25,2026-11-23,BASIS
1921,K-001921,Vielfahrer,"Bindung halten — und je Tarif prüfen, ob das Freiminutenvolumen nötig ist","recency 6 d, 23 Fahrten, 17.50 EUR",2026-08-25,2026-11-23,OEPNV
1922,K-001922,Eingeschlafen,Rückgewinnung: einmalig Freiminuten,"recency 329 d, 2 Fahrten, 0.16 EUR",2026-08-25,2026-11-23,PREMIUM
1923,K-001923,"Neu, noch keine Erstfahrt",Willkommensansprache zur Erstfahrt,"seit 159 Tagen angemeldet, keine Fahrt im 365-Tage-Fenster",2026-08-25,2026-11-23,BASIS
1924,K-001924,Vielfahrer,"Bindung halten — und je Tarif prüfen, ob das Freiminutenvolumen nötig ist","recency 8 d, 20 Fahrten, 8.24 EUR",2026-08-25,2026-11-23,PREMIUM
1925,K-001925,Gelegenheitsnutzer,Anlass schaffen: Wetter-/Veranstaltungshinweis,"recency 19 d, 4 Fahrten, 3.70 EUR",2026-08-25,2026-11-23,STUDENT
1926,K-001926,"Früher aktiv, jetzt inaktiv",Rückgewinnung: was hat gefehlt?,"seit 1800 Tagen angemeldet, keine Fahrt im 365-Tage-Fenster",2026-08-25,2026-11-23,OEPNV
1927,K-001927,Gelegenheitsnutzer,Anlass schaffen: Wetter-/Veranstaltungshinweis,"recency 21 d, 5 Fahrten, 7.00 EUR",2026-08-25,2026-11-23,STUDENT
1928,K-001928,Gelegenheitsnutzer,Anlass schaffen: Wetter-/Veranstaltungshinweis,"recency 55 d, 3 Fahrten, 15.90 EUR",2026-08-25,2026-11-23,BASIS
1929,K-001929,Gelegenheitsnutzer,Anlass schaffen: Wetter-/Veranstaltungshinweis,"recency 65 d, 2 Fahrten, 3.00 EUR",2026-08-25,2026-11-23,STUDENT
1930,K-001930,Eingeschlafen,Rückgewinnung: einmalig Freiminuten,"recency 352 d, 1 Fahrten, 1.20 EUR",2026-08-25,2026-11-23,BASIS
1931,K-001931,"Neu, noch keine Erstfahrt",Willkommensansprache zur Erstfahrt,"seit 135 Tagen angemeldet, keine Fahrt im 365-Tage-Fenster",2026-08-25,2026-11-23,STUDENT
1932,K-001932,Gelegenheitsnutzer,Anlass schaffen: Wetter-/Veranstaltungshinweis,"recency 3 d, 3 Fahrten, 15.20 EUR",2026-08-25,2026-11-23,BASIS
1934,K-001934,Vielfahrer,"Bindung halten — und je Tarif prüfen, ob das Freiminutenvolumen nötig ist","recency 1 d, 13 Fahrten, 8.60 EUR",2026-08-25,2026-11-23,OEPNV
1935,K-001935,Gelegenheitsnutzer,Anlass schaffen: Wetter-/Veranstaltungshinweis,"recency 92 d, 8 Fahrten, 9.05 EUR",2026-08-25,2026-11-23,STUDENT
1937,K-001937,Gelegenheitsnutzer,Anlass schaffen: Wetter-/Veranstaltungshinweis,"recency 20 d, 9 Fahrten, 13.65 EUR",2026-08-25,2026-11-23,STUDENT
1938,K-001938,"Früher aktiv, jetzt inaktiv",Rückgewinnung: was hat gefehlt?,"seit 1052 Tagen angemeldet, keine Fahrt im 365-Tage-Fenster",2026-08-25,2026-11-23,BASIS
1939,K-001939,Gelegenheitsnutzer,Anlass schaffen: Wetter-/Veranstaltungshinweis,"recency 10 d, 7 Fahrten, 17.00 EUR",2026-08-25,2026-11-23,BASIS
1940,K-001940,Vielfahrer,"Bindung halten — und je Tarif prüfen, ob das Freiminutenvolumen nötig ist","recency 4 d, 51 Fahrten, 141.00 EUR",2026-08-25,2026-11-23,OEPNV
1941,K-001941,Vielfahrer,"Bindung halten — und je Tarif prüfen, ob das Freiminutenvolumen nötig ist","recency 8 d, 16 Fahrten, 30.10 EUR",2026-08-25,2026-11-23,STUDENT
1942,K-001942,Eingeschlafen,Rückgewinnung: einmalig Freiminuten,"recency 191 d, 1 Fahrten, 0.10 EUR",2026-08-25,2026-11-23,STUDENT
1943,K-001943,Gelegenheitsnutzer,Anlass schaffen: Wetter-/Veranstaltungshinweis,"recency 9 d, 5 Fahrten, 5.60 EUR",2026-08-25,2026-11-23,OEPNV
1944,K-001944,Vielfahrer,"Bindung halten — und je Tarif prüfen, ob das Freiminutenvolumen nötig ist","recency 37 d, 13 Fahrten, 10.15 EUR",2026-08-25,2026-11-23,OEPNV
1945,K-001945,Umsatzträger,nicht anfassen: sie tragen den Umsatz,"recency 9 d, 11 Fahrten, 44.95 EUR",2026-08-25,2026-11-23,BASIS
1946,K-001946,Vielfahrer,"Bindung halten — und je Tarif prüfen, ob das Freiminutenvolumen nötig ist","recency 0 d, 16 Fahrten, 51.40 EUR",2026-08-25,2026-11-23,STUDENT
1947,K-001947,Vielfahrer,"Bindung halten — und je Tarif prüfen, ob das Freiminutenvolumen nötig ist","recency 7 d, 16 Fahrten, 29.95 EUR",2026-08-25,2026-11-23,OEPNV
1948,K-001948,Umsatzträger,nicht anfassen: sie tragen den Umsatz,"recency 18 d, 8 Fahrten, 56.70 EUR",2026-08-25,2026-11-23,BASIS
1949,K-001949,"Früher aktiv, jetzt inaktiv",Rückgewinnung: was hat gefehlt?,"seit 1336 Tagen angemeldet, keine Fahrt im 365-Tage-Fenster",2026-08-25,2026-11-23,BASIS
1950,K-001950,"Früher aktiv, jetzt inaktiv",Rückgewinnung: was hat gefehlt?,"seit 1820 Tagen angemeldet, keine Fahrt im 365-Tage-Fenster",2026-08-25,2026-11-23,BASIS
1951,K-001951,"Früher aktiv, jetzt inaktiv",Rückgewinnung: was hat gefehlt?,"seit 1578 Tagen angemeldet, keine Fahrt im 365-Tage-Fenster",2026-08-25,2026-11-23,BASIS
1952,K-001952,Eingeschlafen,Rückgewinnung: einmalig Freiminuten,"recency 162 d, 1 Fahrten, 0.10 EUR",2026-08-25,2026-11-23,STUDENT
1953,K-001953,"Früher aktiv, jetzt inaktiv",Rückgewinnung: was hat gefehlt?,"seit 1817 Tagen angemeldet, keine Fahrt im 365-Tage-Fenster",2026-08-25,2026-11-23,BASIS
1954,K-001954,Gelegenheitsnutzer,Anlass schaffen: Wetter-/Veranstaltungshinweis,"recency 51 d, 4 Fahrten, 7.20 EUR",2026-08-25,2026-11-23,STUDENT
1955,K-001955,"Neu, noch keine Erstfahrt",Willkommensansprache zur Erstfahrt,"seit 129 Tagen angemeldet, keine Fahrt im 365-Tage-Fenster",2026-08-25,2026-11-23,BASIS
1956,K-001956,Vielfahrer,"Bindung halten — und je Tarif prüfen, ob das Freiminutenvolumen nötig ist","recency 0 d, 19 Fahrten, 10.20 EUR",2026-08-25,2026-11-23,OEPNV
1957,K-001957,"Früher aktiv, jetzt inaktiv",Rückgewinnung: was hat gefehlt?,"seit 1409 Tagen angemeldet, keine Fahrt im 365-Tage-Fenster",2026-08-25,2026-11-23,BASIS
1958,K-001958,"Früher aktiv, jetzt inaktiv",Rückgewinnung: was hat gefehlt?,"seit 784 Tagen angemeldet, keine Fahrt im 365-Tage-Fenster",2026-08-25,2026-11-23,BASIS
1959,K-001959,"Früher aktiv, jetzt inaktiv",Rückgewinnung: was hat gefehlt?,"seit 1011 Tagen angemeldet, keine Fahrt im 365-Tage-Fenster",2026-08-25,2026-11-23,BASIS
1960,K-001960,Gelegenheitsnutzer,Anlass schaffen: Wetter-/Veranstaltungshinweis,"recency 21 d, 9 Fahrten, 9.00 EUR",2026-08-25,2026-11-23,STUDENT
1961,K-001961,"Früher aktiv, jetzt inaktiv",Rückgewinnung: was hat gefehlt?,"seit 1525 Tagen angemeldet, keine Fahrt im 365-Tage-Fenster",2026-08-25,2026-11-23,OEPNV
1962,K-001962,"Früher aktiv, jetzt inaktiv",Rückgewinnung: was hat gefehlt?,"seit 483 Tagen angemeldet, keine Fahrt im 365-Tage-Fenster",2026-08-25,2026-11-23,BASIS
1963,K-001963,Gelegenheitsnutzer,Anlass schaffen: Wetter-/Veranstaltungshinweis,"recency 71 d, 1 Fahrten, 14.50 EUR",2026-08-25,2026-11-23,STUDENT
1964,K-001964,Gelegenheitsnutzer,Anlass schaffen: Wetter-/Veranstaltungshinweis,"recency 24 d, 4 Fahrten, 3.28 EUR",2026-08-25,2026-11-23,PREMIUM
1965,K-001965,"Früher aktiv, jetzt inaktiv",Rückgewinnung: was hat gefehlt?,"seit 514 Tagen angemeldet, keine Fahrt im 365-Tage-Fenster",2026-08-25,2026-11-23,BASIS
1966,K-001966,Gelegenheitsnutzer,Anlass schaffen: Wetter-/Veranstaltungshinweis,"recency 37 d, 11 Fahrten, 7.50 EUR",2026-08-25,2026-11-23,OEPNV
1968,K-001968,Gelegenheitsnutzer,Anlass schaffen: Wetter-/Veranstaltungshinweis,"recency 141 d, 2 Fahrten, 1.68 EUR",2026-08-25,2026-11-23,PREMIUM
1969,K-001969,Vielfahrer,"Bindung halten — und je Tarif prüfen, ob das Freiminutenvolumen nötig ist","recency 34 d, 14 Fahrten, 9.00 EUR",2026-08-25,2026-11-23,STUDENT
1970,K-001970,Gelegenheitsnutzer,Anlass schaffen: Wetter-/Veranstaltungshinweis,"recency 81 d, 5 Fahrten, 2.56 EUR",2026-08-25,2026-11-23,PREMIUM
1972,K-001972,Gelegenheitsnutzer,Anlass schaffen: Wetter-/Veranstaltungshinweis,"recency 7 d, 7 Fahrten, 3.44 EUR",2026-08-25,2026-11-23,PREMIUM
1973,K-001973,Gelegenheitsnutzer,Anlass schaffen: Wetter-/Veranstaltungshinweis,"recency 39 d, 4 Fahrten, 27.75 EUR",2026-08-25,2026-11-23,BASIS
1974,K-001974,Gelegenheitsnutzer,Anlass schaffen: Wetter-/Veranstaltungshinweis,"recency 92 d, 1 Fahrten, 2.00 EUR",2026-08-25,2026-11-23,BASIS
1975,K-001975,Gelegenheitsnutzer,Anlass schaffen: Wetter-/Veranstaltungshinweis,"recency 117 d, 1 Fahrten, 1.50 EUR",2026-08-25,2026-11-23,STUDENT
1976,K-001976,Eingeschlafen,Rückgewinnung: einmalig Freiminuten,"recency 215 d, 3 Fahrten, 21.50 EUR",2026-08-25,2026-11-23,BASIS
1977,K-001977,Vielfahrer,"Bindung halten — und je Tarif prüfen, ob das Freiminutenvolumen nötig ist","recency 7 d, 13 Fahrten, 6.88 EUR",2026-08-25,2026-11-23,PREMIUM
1978,K-001978,Gelegenheitsnutzer,Anlass schaffen: Wetter-/Veranstaltungshinweis,"recency 16 d, 6 Fahrten, 12.30 EUR",2026-08-25,2026-11-23,STUDENT
1979,K-001979,Vielfahrer,"Bindung halten — und je Tarif prüfen, ob das Freiminutenvolumen nötig ist","recency 5 d, 41 Fahrten, 44.64 EUR",2026-08-25,2026-11-23,PREMIUM
1980,K-001980,"Neu, noch keine Erstfahrt",Willkommensansprache zur Erstfahrt,"seit 345 Tagen angemeldet, keine Fahrt im 365-Tage-Fenster",2026-08-25,2026-11-23,BASIS
1981,K-001981,Gelegenheitsnutzer,Anlass schaffen: Wetter-/Veranstaltungshinweis,"recency 92 d, 1 Fahrten, 0.08 EUR",2026-08-25,2026-11-23,PREMIUM
1982,K-001982,Gelegenheitsnutzer,Anlass schaffen: Wetter-/Veranstaltungshinweis,"recency 102 d, 2 Fahrten, 1.50 EUR",2026-08-25,2026-11-23,BASIS
1983,K-001983,Vielfahrer,"Bindung halten — und je Tarif prüfen, ob das Freiminutenvolumen nötig ist","recency 14 d, 26 Fahrten, 31.15 EUR",2026-08-25,2026-11-23,OEPNV
1984,K-001984,Vielfahrer,"Bindung halten — und je Tarif prüfen, ob das Freiminutenvolumen nötig ist","recency 34 d, 18 Fahrten, 59.65 EUR",2026-08-25,2026-11-23,BASIS
1985,K-001985,Gelegenheitsnutzer,Anlass schaffen: Wetter-/Veranstaltungshinweis,"recency 49 d, 12 Fahrten, 16.45 EUR",2026-08-25,2026-11-23,STUDENT
1986,K-001986,"Früher aktiv, jetzt inaktiv",Rückgewinnung: was hat gefehlt?,"seit 937 Tagen angemeldet, keine Fahrt im 365-Tage-Fenster",2026-08-25,2026-11-23,BASIS
1987,K-001987,Vielfahrer,"Bindung halten — und je Tarif prüfen, ob das Freiminutenvolumen nötig ist","recency 7 d, 36 Fahrten, 64.56 EUR",2026-08-25,2026-11-23,PREMIUM
1988,K-001988,Vielfahrer,"Bindung halten — und je Tarif prüfen, ob das Freiminutenvolumen nötig ist","recency 0 d, 42 Fahrten, 25.16 EUR",2026-08-25,2026-11-23,PREMIUM
1989,K-001989,Vielfahrer,"Bindung halten — und je Tarif prüfen, ob das Freiminutenvolumen nötig ist","recency 9 d, 27 Fahrten, 97.00 EUR",2026-08-25,2026-11-23,OEPNV
1990,K-001990,Vielfahrer,"Bindung halten — und je Tarif prüfen, ob das Freiminutenvolumen nötig ist","recency 32 d, 21 Fahrten, 31.15 EUR",2026-08-25,2026-11-23,OEPNV
1991,K-001991,Umsatzträger,nicht anfassen: sie tragen den Umsatz,"recency 47 d, 7 Fahrten, 36.15 EUR",2026-08-25,2026-11-23,BASIS
1992,K-001992,"Früher aktiv, jetzt inaktiv",Rückgewinnung: was hat gefehlt?,"seit 968 Tagen angemeldet, keine Fahrt im 365-Tage-Fenster",2026-08-25,2026-11-23,STUDENT
1993,K-001993,"Früher aktiv, jetzt inaktiv",Rückgewinnung: was hat gefehlt?,"seit 1825 Tagen angemeldet, keine Fahrt im 365-Tage-Fenster",2026-08-25,2026-11-23,BASIS
1994,K-001994,"Früher aktiv, jetzt inaktiv",Rückgewinnung: was hat gefehlt?,"seit 1389 Tagen angemeldet, keine Fahrt im 365-Tage-Fenster",2026-08-25,2026-11-23,BASIS
1995,K-001995,Gelegenheitsnutzer,Anlass schaffen: Wetter-/Veranstaltungshinweis,"recency 53 d, 1 Fahrten, 1.00 EUR",2026-08-25,2026-11-23,STUDENT
1996,K-001996,Gelegenheitsnutzer,Anlass schaffen: Wetter-/Veranstaltungshinweis,"recency 28 d, 3 Fahrten, 4.55 EUR",2026-08-25,2026-11-23,BASIS
1997,K-001997,Gelegenheitsnutzer,Anlass schaffen: Wetter-/Veranstaltungshinweis,"recency 22 d, 6 Fahrten, 25.25 EUR",2026-08-25,2026-11-23,BASIS
1998,K-001998,"Früher aktiv, jetzt inaktiv",Rückgewinnung: was hat gefehlt?,"seit 1129 Tagen angemeldet, keine Fahrt im 365-Tage-Fenster",2026-08-25,2026-11-23,STUDENT
1999,K-001999,Gelegenheitsnutzer,Anlass schaffen: Wetter-/Veranstaltungshinweis,"recency 6 d, 4 Fahrten, 1.30 EUR",2026-08-25,2026-11-23,OEPNV
2000,K-002000,"Früher aktiv, jetzt inaktiv",Rückgewinnung: was hat gefehlt?,"seit 1258 Tagen angemeldet, keine Fahrt im 365-Tage-Fenster",2026-08-25,2026-11-23,OEPNV
2001,K-002001,Eingeschlafen,Rückgewinnung: einmalig Freiminuten,"recency 310 d, 1 Fahrten, 0.10 EUR",2026-08-25,2026-11-23,STUDENT
2002,K-002002,"Früher aktiv, jetzt inaktiv",Rückgewinnung: was hat gefehlt?,"seit 1822 Tagen angemeldet, keine Fahrt im 365-Tage-Fenster",2026-08-25,2026-11-23,BASIS
2003,K-002003,Gelegenheitsnutzer,Anlass schaffen: Wetter-/Veranstaltungshinweis,"recency 73 d, 1 Fahrten, 3.30 EUR",2026-08-25,2026-11-23,BASIS
2004,K-002004,Gelegenheitsnutzer,Anlass schaffen: Wetter-/Veranstaltungshinweis,"recency 18 d, 1 Fahrten, 0.10 EUR",2026-08-25,2026-11-23,STUDENT
2005,K-002005,Gelegenheitsnutzer,Anlass schaffen: Wetter-/Veranstaltungshinweis,"recency 21 d, 9 Fahrten, 9.60 EUR",2026-08-25,2026-11-23,STUDENT
2006,K-002006,Eingeschlafen,Rückgewinnung: einmalig Freiminuten,"recency 286 d, 1 Fahrten, 2.50 EUR",2026-08-25,2026-11-23,BASIS
2007,K-002007,"Früher aktiv, jetzt inaktiv",Rückgewinnung: was hat gefehlt?,"seit 855 Tagen angemeldet, keine Fahrt im 365-Tage-Fenster",2026-08-25,2026-11-23,BASIS
2008,K-002008,Gelegenheitsnutzer,Anlass schaffen: Wetter-/Veranstaltungshinweis,"recency 27 d, 12 Fahrten, 13.50 EUR",2026-08-25,2026-11-23,STUDENT
2009,K-002009,"Früher aktiv, jetzt inaktiv",Rückgewinnung: was hat gefehlt?,"seit 975 Tagen angemeldet, keine Fahrt im 365-Tage-Fenster",2026-08-25,2026-11-23,BASIS
2010,K-002010,"Neu, noch keine Erstfahrt",Willkommensansprache zur Erstfahrt,"seit 83 Tagen angemeldet, keine Fahrt im 365-Tage-Fenster",2026-08-25,2026-11-23,BASIS
2011,K-002011,Vielfahrer,"Bindung halten — und je Tarif prüfen, ob das Freiminutenvolumen nötig ist","recency 7 d, 18 Fahrten, 52.05 EUR",2026-08-25,2026-11-23,STUDENT
2012,K-002012,Gelegenheitsnutzer,Anlass schaffen: Wetter-/Veranstaltungshinweis,"recency 35 d, 11 Fahrten, 22.70 EUR",2026-08-25,2026-11-23,OEPNV
2013,K-002013,Eingeschlafen,Rückgewinnung: einmalig Freiminuten,"recency 247 d, 2 Fahrten, 3.00 EUR",2026-08-25,2026-11-23,OEPNV
2014,K-002014,Gelegenheitsnutzer,Anlass schaffen: Wetter-/Veranstaltungshinweis,"recency 121 d, 1 Fahrten, 6.75 EUR",2026-08-25,2026-11-23,STUDENT
2015,K-002015,Gelegenheitsnutzer,Anlass schaffen: Wetter-/Veranstaltungshinweis,"recency 13 d, 1 Fahrten, 2.70 EUR",2026-08-25,2026-11-23,BASIS
2016,K-002016,"Früher aktiv, jetzt inaktiv",Rückgewinnung: was hat gefehlt?,"seit 1752 Tagen angemeldet, keine Fahrt im 365-Tage-Fenster",2026-08-25,2026-11-23,BASIS
2017,K-002017,Gelegenheitsnutzer,Anlass schaffen: Wetter-/Veranstaltungshinweis,"recency 1 d, 10 Fahrten, 11.30 EUR",2026-08-25,2026-11-23,OEPNV
2018,K-002018,Umsatzträger,nicht anfassen: sie tragen den Umsatz,"recency 1 d, 10 Fahrten, 81.45 EUR",2026-08-25,2026-11-23,BASIS
2019,K-002019,"Neu, noch keine Erstfahrt",Willkommensansprache zur Erstfahrt,"seit 104 Tagen angemeldet, keine Fahrt im 365-Tage-Fenster",2026-08-25,2026-11-23,BASIS
2020,K-002020,Umsatzträger,nicht anfassen: sie tragen den Umsatz,"recency 12 d, 9 Fahrten, 53.05 EUR",2026-08-25,2026-11-23,BASIS
2021,K-002021,Vielfahrer,"Bindung halten — und je Tarif prüfen, ob das Freiminutenvolumen nötig ist","recency 10 d, 36 Fahrten, 35.10 EUR",2026-08-25,2026-11-23,OEPNV
2022,K-002022,Gelegenheitsnutzer,Anlass schaffen: Wetter-/Veranstaltungshinweis,"recency 30 d, 8 Fahrten, 5.50 EUR",2026-08-25,2026-11-23,STUDENT
2023,K-002023,Gelegenheitsnutzer,Anlass schaffen: Wetter-/Veranstaltungshinweis,"recency 36 d, 4 Fahrten, 6.20 EUR",2026-08-25,2026-11-23,STUDENT
2024,K-002024,Gelegenheitsnutzer,Anlass schaffen: Wetter-/Veranstaltungshinweis,"recency 83 d, 2 Fahrten, 4.45 EUR",2026-08-25,2026-11-23,BASIS
2025,K-002025,"Früher aktiv, jetzt inaktiv",Rückgewinnung: was hat gefehlt?,"seit 1803 Tagen angemeldet, keine Fahrt im 365-Tage-Fenster",2026-08-25,2026-11-23,BASIS
2026,K-002026,"Früher aktiv, jetzt inaktiv",Rückgewinnung: was hat gefehlt?,"seit 1330 Tagen angemeldet, keine Fahrt im 365-Tage-Fenster",2026-08-25,2026-11-23,BASIS
2027,K-002027,Umsatzträger,nicht anfassen: sie tragen den Umsatz,"recency 16 d, 8 Fahrten, 30.35 EUR",2026-08-25,2026-11-23,BASIS
2029,K-002029,Vielfahrer,"Bindung halten — und je Tarif prüfen, ob das Freiminutenvolumen nötig ist","recency 0 d, 25 Fahrten, 14.12 EUR",2026-08-25,2026-11-23,PREMIUM
2030,K-002030,"Früher aktiv, jetzt inaktiv",Rückgewinnung: was hat gefehlt?,"seit 580 Tagen angemeldet, keine Fahrt im 365-Tage-Fenster",2026-08-25,2026-11-23,BASIS
2031,K-002031,Umsatzträger,nicht anfassen: sie tragen den Umsatz,"recency 28 d, 8 Fahrten, 34.15 EUR",2026-08-25,2026-11-23,BASIS
2033,K-002033,Gelegenheitsnutzer,Anlass schaffen: Wetter-/Veranstaltungshinweis,"recency 53 d, 6 Fahrten, 15.00 EUR",2026-08-25,2026-11-23,STUDENT
2034,K-002034,"Früher aktiv, jetzt inaktiv",Rückgewinnung: was hat gefehlt?,"seit 566 Tagen angemeldet, keine Fahrt im 365-Tage-Fenster",2026-08-25,2026-11-23,BASIS
2035,K-002035,Gelegenheitsnutzer,Anlass schaffen: Wetter-/Veranstaltungshinweis,"recency 44 d, 8 Fahrten, 9.40 EUR",2026-08-25,2026-11-23,STUDENT
2036,K-002036,"Früher aktiv, jetzt inaktiv",Rückgewinnung: was hat gefehlt?,"seit 1517 Tagen angemeldet, keine Fahrt im 365-Tage-Fenster",2026-08-25,2026-11-23,BASIS
2037,K-002037,"Früher aktiv, jetzt inaktiv",Rückgewinnung: was hat gefehlt?,"seit 1803 Tagen angemeldet, keine Fahrt im 365-Tage-Fenster",2026-08-25,2026-11-23,BASIS
2038,K-002038,Gelegenheitsnutzer,Anlass schaffen: Wetter-/Veranstaltungshinweis,"recency 14 d, 12 Fahrten, 25.50 EUR",2026-08-25,2026-11-23,OEPNV
2039,K-002039,Gelegenheitsnutzer,Anlass schaffen: Wetter-/Veranstaltungshinweis,"recency 86 d, 2 Fahrten, 2.95 EUR",2026-08-25,2026-11-23,BASIS
2040,K-002040,Gelegenheitsnutzer,Anlass schaffen: Wetter-/Veranstaltungshinweis,"recency 40 d, 8 Fahrten, 10.00 EUR",2026-08-25,2026-11-23,STUDENT
2041,K-002041,Gelegenheitsnutzer,Anlass schaffen: Wetter-/Veranstaltungshinweis,"recency 21 d, 6 Fahrten, 4.16 EUR",2026-08-25,2026-11-23,PREMIUM
2042,K-002042,Vielfahrer,"Bindung halten — und je Tarif prüfen, ob das Freiminutenvolumen nötig ist","recency 1 d, 34 Fahrten, 52.84 EUR",2026-08-25,2026-11-23,PREMIUM
2043,K-002043,Gelegenheitsnutzer,Anlass schaffen: Wetter-/Veranstaltungshinweis,"recency 26 d, 8 Fahrten, 4.32 EUR",2026-08-25,2026-11-23,PREMIUM
2044,K-002044,Gelegenheitsnutzer,Anlass schaffen: Wetter-/Veranstaltungshinweis,"recency 39 d, 1 Fahrten, 0.10 EUR",2026-08-25,2026-11-23,STUDENT
2045,K-002045,Vielfahrer,"Bindung halten — und je Tarif prüfen, ob das Freiminutenvolumen nötig ist","recency 11 d, 44 Fahrten, 56.36 EUR",2026-08-25,2026-11-23,PREMIUM
2046,K-002046,Umsatzträger,nicht anfassen: sie tragen den Umsatz,"recency 22 d, 12 Fahrten, 43.50 EUR",2026-08-25,2026-11-23,BASIS
2047,K-002047,Gelegenheitsnutzer,Anlass schaffen: Wetter-/Veranstaltungshinweis,"recency 0 d, 4 Fahrten, 4.10 EUR",2026-08-25,2026-11-23,STUDENT
2048,K-002048,Vielfahrer,"Bindung halten — und je Tarif prüfen, ob das Freiminutenvolumen nötig ist","recency 17 d, 23 Fahrten, 9.28 EUR",2026-08-25,2026-11-23,PREMIUM
2049,K-002049,"Früher aktiv, jetzt inaktiv",Rückgewinnung: was hat gefehlt?,"seit 1040 Tagen angemeldet, keine Fahrt im 365-Tage-Fenster",2026-08-25,2026-11-23,BASIS
2050,K-002050,Gelegenheitsnutzer,Anlass schaffen: Wetter-/Veranstaltungshinweis,"recency 59 d, 10 Fahrten, 29.90 EUR",2026-08-25,2026-11-23,STUDENT
2051,K-002051,Vielfahrer,"Bindung halten — und je Tarif prüfen, ob das Freiminutenvolumen nötig ist","recency 0 d, 13 Fahrten, 12.30 EUR",2026-08-25,2026-11-23,STUDENT
2052,K-002052,Gelegenheitsnutzer,Anlass schaffen: Wetter-/Veranstaltungshinweis,"recency 10 d, 7 Fahrten, 5.60 EUR",2026-08-25,2026-11-23,STUDENT
2053,K-002053,Vielfahrer,"Bindung halten — und je Tarif prüfen, ob das Freiminutenvolumen nötig ist","recency 1 d, 18 Fahrten, 19.50 EUR",2026-08-25,2026-11-23,OEPNV
2054,K-002054,Vielfahrer,"Bindung halten — und je Tarif prüfen, ob das Freiminutenvolumen nötig ist","recency 9 d, 28 Fahrten, 13.92 EUR",2026-08-25,2026-11-23,PREMIUM
2055,K-002055,"Neu, noch keine Erstfahrt",Willkommensansprache zur Erstfahrt,"seit 340 Tagen angemeldet, keine Fahrt im 365-Tage-Fenster",2026-08-25,2026-11-23,BASIS
2056,K-002056,Umsatzträger,nicht anfassen: sie tragen den Umsatz,"recency 41 d, 12 Fahrten, 61.60 EUR",2026-08-25,2026-11-23,BASIS
2057,K-002057,Gelegenheitsnutzer,Anlass schaffen: Wetter-/Veranstaltungshinweis,"recency 2 d, 8 Fahrten, 4.32 EUR",2026-08-25,2026-11-23,PREMIUM
2058,K-002058,Vielfahrer,"Bindung halten — und je Tarif prüfen, ob das Freiminutenvolumen nötig ist","recency 5 d, 21 Fahrten, 18.92 EUR",2026-08-25,2026-11-23,PREMIUM
2060,K-002060,"Früher aktiv, jetzt inaktiv",Rückgewinnung: was hat gefehlt?,"seit 772 Tagen angemeldet, keine Fahrt im 365-Tage-Fenster",2026-08-25,2026-11-23,BASIS
2061,K-002061,Eingeschlafen,Rückgewinnung: einmalig Freiminuten,"recency 330 d, 1 Fahrten, 3.00 EUR",2026-08-25,2026-11-23,BASIS
2062,K-002062,Gelegenheitsnutzer,Anlass schaffen: Wetter-/Veranstaltungshinweis,"recency 11 d, 4 Fahrten, 4.45 EUR",2026-08-25,2026-11-23,STUDENT
2063,K-002063,Vielfahrer,"Bindung halten — und je Tarif prüfen, ob das Freiminutenvolumen nötig ist","recency 26 d, 35 Fahrten, 61.65 EUR",2026-08-25,2026-11-23,OEPNV
2064,K-002064,Gelegenheitsnutzer,Anlass schaffen: Wetter-/Veranstaltungshinweis,"recency 35 d, 5 Fahrten, 11.70 EUR",2026-08-25,2026-11-23,STUDENT
2065,K-002065,Gelegenheitsnutzer,Anlass schaffen: Wetter-/Veranstaltungshinweis,"recency 25 d, 8 Fahrten, 12.30 EUR",2026-08-25,2026-11-23,STUDENT
2066,K-002066,Gelegenheitsnutzer,Anlass schaffen: Wetter-/Veranstaltungshinweis,"recency 21 d, 2 Fahrten, 1.10 EUR",2026-08-25,2026-11-23,STUDENT
2067,K-002067,Vielfahrer,"Bindung halten — und je Tarif prüfen, ob das Freiminutenvolumen nötig ist","recency 31 d, 15 Fahrten, 7.00 EUR",2026-08-25,2026-11-23,OEPNV
2068,K-002068,Gelegenheitsnutzer,Anlass schaffen: Wetter-/Veranstaltungshinweis,"recency 0 d, 3 Fahrten, 3.30 EUR",2026-08-25,2026-11-23,STUDENT
2069,K-002069,Gelegenheitsnutzer,Anlass schaffen: Wetter-/Veranstaltungshinweis,"recency 50 d, 4 Fahrten, 13.10 EUR",2026-08-25,2026-11-23,BASIS
2070,K-002070,Eingeschlafen,Rückgewinnung: einmalig Freiminuten,"recency 171 d, 8 Fahrten, 3.60 EUR",2026-08-25,2026-11-23,PREMIUM
2071,K-002071,Gelegenheitsnutzer,Anlass schaffen: Wetter-/Veranstaltungshinweis,"recency 2 d, 12 Fahrten, 27.65 EUR",2026-08-25,2026-11-23,BASIS
2072,K-002072,Gelegenheitsnutzer,Anlass schaffen: Wetter-/Veranstaltungshinweis,"recency 20 d, 12 Fahrten, 7.60 EUR",2026-08-25,2026-11-23,PREMIUM
2073,K-002073,Eingeschlafen,Rückgewinnung: einmalig Freiminuten,"recency 303 d, 2 Fahrten, 5.40 EUR",2026-08-25,2026-11-23,BASIS
2074,K-002074,Eingeschlafen,Rückgewinnung: einmalig Freiminuten,"recency 287 d, 1 Fahrten, 5.00 EUR",2026-08-25,2026-11-23,BASIS
2075,K-002075,"Früher aktiv, jetzt inaktiv",Rückgewinnung: was hat gefehlt?,"seit 1763 Tagen angemeldet, keine Fahrt im 365-Tage-Fenster",2026-08-25,2026-11-23,BASIS
2076,K-002076,Vielfahrer,"Bindung halten — und je Tarif prüfen, ob das Freiminutenvolumen nötig ist","recency 36 d, 42 Fahrten, 41.76 EUR",2026-08-25,2026-11-23,PREMIUM
2077,K-002077,"Früher aktiv, jetzt inaktiv",Rückgewinnung: was hat gefehlt?,"seit 1082 Tagen angemeldet, keine Fahrt im 365-Tage-Fenster",2026-08-25,2026-11-23,BASIS
2078,K-002078,Vielfahrer,"Bindung halten — und je Tarif prüfen, ob das Freiminutenvolumen nötig ist","recency 72 d, 17 Fahrten, 23.40 EUR",2026-08-25,2026-11-23,STUDENT
2079,K-002079,"Früher aktiv, jetzt inaktiv",Rückgewinnung: was hat gefehlt?,"seit 1403 Tagen angemeldet, keine Fahrt im 365-Tage-Fenster",2026-08-25,2026-11-23,BASIS
2080,K-002080,Vielfahrer,"Bindung halten — und je Tarif prüfen, ob das Freiminutenvolumen nötig ist","recency 1 d, 17 Fahrten, 51.65 EUR",2026-08-25,2026-11-23,STUDENT
2081,K-002081,Vielfahrer,"Bindung halten — und je Tarif prüfen, ob das Freiminutenvolumen nötig ist","recency 12 d, 19 Fahrten, 23.75 EUR",2026-08-25,2026-11-23,OEPNV
2083,K-002083,"Früher aktiv, jetzt inaktiv",Rückgewinnung: was hat gefehlt?,"seit 1823 Tagen angemeldet, keine Fahrt im 365-Tage-Fenster",2026-08-25,2026-11-23,BASIS
2084,K-002084,Eingeschlafen,Rückgewinnung: einmalig Freiminuten,"recency 267 d, 2 Fahrten, 6.10 EUR",2026-08-25,2026-11-23,BASIS
2085,K-002085,Gelegenheitsnutzer,Anlass schaffen: Wetter-/Veranstaltungshinweis,"recency 53 d, 4 Fahrten, 3.20 EUR",2026-08-25,2026-11-23,OEPNV
2086,K-002086,"Neu, noch keine Erstfahrt",Willkommensansprache zur Erstfahrt,"seit 233 Tagen angemeldet, keine Fahrt im 365-Tage-Fenster",2026-08-25,2026-11-23,BASIS
2088,K-002088,Gelegenheitsnutzer,Anlass schaffen: Wetter-/Veranstaltungshinweis,"recency 27 d, 6 Fahrten, 0.48 EUR",2026-08-25,2026-11-23,PREMIUM
2089,K-002089,Gelegenheitsnutzer,Anlass schaffen: Wetter-/Veranstaltungshinweis,"recency 132 d, 1 Fahrten, 0.60 EUR",2026-08-25,2026-11-23,BASIS
2090,K-002090,Gelegenheitsnutzer,Anlass schaffen: Wetter-/Veranstaltungshinweis,"recency 18 d, 1 Fahrten, 0.10 EUR",2026-08-25,2026-11-23,STUDENT
2091,K-002091,Gelegenheitsnutzer,Anlass schaffen: Wetter-/Veranstaltungshinweis,"recency 9 d, 4 Fahrten, 4.80 EUR",2026-08-25,2026-11-23,PREMIUM
2092,K-002092,"Früher aktiv, jetzt inaktiv",Rückgewinnung: was hat gefehlt?,"seit 1488 Tagen angemeldet, keine Fahrt im 365-Tage-Fenster",2026-08-25,2026-11-23,BASIS
2093,K-002093,Umsatzträger,nicht anfassen: sie tragen den Umsatz,"recency 10 d, 8 Fahrten, 50.20 EUR",2026-08-25,2026-11-23,STUDENT
2095,K-002095,"Früher aktiv, jetzt inaktiv",Rückgewinnung: was hat gefehlt?,"seit 1182 Tagen angemeldet, keine Fahrt im 365-Tage-Fenster",2026-08-25,2026-11-23,BASIS
2096,K-002096,"Früher aktiv, jetzt inaktiv",Rückgewinnung: was hat gefehlt?,"seit 1123 Tagen angemeldet, keine Fahrt im 365-Tage-Fenster",2026-08-25,2026-11-23,BASIS
2097,K-002097,Vielfahrer,"Bindung halten — und je Tarif prüfen, ob das Freiminutenvolumen nötig ist","recency 6 d, 48 Fahrten, 72.84 EUR",2026-08-25,2026-11-23,PREMIUM
2098,K-002098,Umsatzträger,nicht anfassen: sie tragen den Umsatz,"recency 1 d, 6 Fahrten, 47.95 EUR",2026-08-25,2026-11-23,BASIS
2099,K-002099,"Früher aktiv, jetzt inaktiv",Rückgewinnung: was hat gefehlt?,"seit 902 Tagen angemeldet, keine Fahrt im 365-Tage-Fenster",2026-08-25,2026-11-23,BASIS
2100,K-002100,Umsatzträger,nicht anfassen: sie tragen den Umsatz,"recency 24 d, 6 Fahrten, 42.50 EUR",2026-08-25,2026-11-23,BASIS
2101,K-002101,Gelegenheitsnutzer,Anlass schaffen: Wetter-/Veranstaltungshinweis,"recency 50 d, 10 Fahrten, 3.76 EUR",2026-08-25,2026-11-23,PREMIUM
2102,K-002102,Gelegenheitsnutzer,Anlass schaffen: Wetter-/Veranstaltungshinweis,"recency 88 d, 1 Fahrten, 8.25 EUR",2026-08-25,2026-11-23,BASIS
2103,K-002103,Gelegenheitsnutzer,Anlass schaffen: Wetter-/Veranstaltungshinweis,"recency 142 d, 1 Fahrten, 3.25 EUR",2026-08-25,2026-11-23,BASIS
2104,K-002104,Gelegenheitsnutzer,Anlass schaffen: Wetter-/Veranstaltungshinweis,"recency 7 d, 3 Fahrten, 12.75 EUR",2026-08-25,2026-11-23,BASIS
2105,K-002105,"Früher aktiv, jetzt inaktiv",Rückgewinnung: was hat gefehlt?,"seit 1514 Tagen angemeldet, keine Fahrt im 365-Tage-Fenster",2026-08-25,2026-11-23,BASIS
2106,K-002106,Gelegenheitsnutzer,Anlass schaffen: Wetter-/Veranstaltungshinweis,"recency 7 d, 2 Fahrten, 3.10 EUR",2026-08-25,2026-11-23,BASIS
2107,K-002107,Eingeschlafen,Rückgewinnung: einmalig Freiminuten,"recency 197 d, 1 Fahrten, 0.70 EUR",2026-08-25,2026-11-23,BASIS
2108,K-002108,Umsatzträger,nicht anfassen: sie tragen den Umsatz,"recency 36 d, 10 Fahrten, 59.55 EUR",2026-08-25,2026-11-23,OEPNV
2109,K-002109,Vielfahrer,"Bindung halten — und je Tarif prüfen, ob das Freiminutenvolumen nötig ist","recency 35 d, 19 Fahrten, 53.20 EUR",2026-08-25,2026-11-23,PREMIUM
2110,K-002110,"Früher aktiv, jetzt inaktiv",Rückgewinnung: was hat gefehlt?,"seit 1798 Tagen angemeldet, keine Fahrt im 365-Tage-Fenster",2026-08-25,2026-11-23,BASIS
2111,K-002111,Gelegenheitsnutzer,Anlass schaffen: Wetter-/Veranstaltungshinweis,"recency 44 d, 5 Fahrten, 1.50 EUR",2026-08-25,2026-11-23,OEPNV
2112,K-002112,"Früher aktiv, jetzt inaktiv",Rückgewinnung: was hat gefehlt?,"seit 1810 Tagen angemeldet, keine Fahrt im 365-Tage-Fenster",2026-08-25,2026-11-23,BASIS
2113,K-002113,Gelegenheitsnutzer,Anlass schaffen: Wetter-/Veranstaltungshinweis,"recency 48 d, 8 Fahrten, 6.20 EUR",2026-08-25,2026-11-23,STUDENT
2114,K-002114,Gelegenheitsnutzer,Anlass schaffen: Wetter-/Veranstaltungshinweis,"recency 124 d, 2 Fahrten, 15.20 EUR",2026-08-25,2026-11-23,BASIS
2115,K-002115,Gelegenheitsnutzer,Anlass schaffen: Wetter-/Veranstaltungshinweis,"recency 4 d, 5 Fahrten, 7.35 EUR",2026-08-25,2026-11-23,OEPNV
2116,K-002116,Vielfahrer,"Bindung halten — und je Tarif prüfen, ob das Freiminutenvolumen nötig ist","recency 42 d, 17 Fahrten, 13.80 EUR",2026-08-25,2026-11-23,OEPNV
2117,K-002117,Vielfahrer,"Bindung halten — und je Tarif prüfen, ob das Freiminutenvolumen nötig ist","recency 8 d, 24 Fahrten, 12.96 EUR",2026-08-25,2026-11-23,PREMIUM
2118,K-002118,Umsatzträger,nicht anfassen: sie tragen den Umsatz,"recency 51 d, 5 Fahrten, 38.00 EUR",2026-08-25,2026-11-23,BASIS
2119,K-002119,Gelegenheitsnutzer,Anlass schaffen: Wetter-/Veranstaltungshinweis,"recency 46 d, 7 Fahrten, 29.55 EUR",2026-08-25,2026-11-23,BASIS
2120,K-002120,Gelegenheitsnutzer,Anlass schaffen: Wetter-/Veranstaltungshinweis,"recency 9 d, 5 Fahrten, 13.90 EUR",2026-08-25,2026-11-23,BASIS
2121,K-002121,Umsatzträger,nicht anfassen: sie tragen den Umsatz,"recency 51 d, 9 Fahrten, 42.75 EUR",2026-08-25,2026-11-23,BASIS
2122,K-002122,Gelegenheitsnutzer,Anlass schaffen: Wetter-/Veranstaltungshinweis,"recency 4 d, 4 Fahrten, 4.10 EUR",2026-08-25,2026-11-23,OEPNV
2123,K-002123,"Neu, noch keine Erstfahrt",Willkommensansprache zur Erstfahrt,"seit 50 Tagen angemeldet, keine Fahrt im 365-Tage-Fenster",2026-08-25,2026-11-23,BASIS
2124,K-002124,Gelegenheitsnutzer,Anlass schaffen: Wetter-/Veranstaltungshinweis,"recency 1 d, 6 Fahrten, 18.60 EUR",2026-08-25,2026-11-23,STUDENT
2125,K-002125,Gelegenheitsnutzer,Anlass schaffen: Wetter-/Veranstaltungshinweis,"recency 68 d, 7 Fahrten, 3.40 EUR",2026-08-25,2026-11-23,OEPNV
2126,K-002126,Vielfahrer,"Bindung halten — und je Tarif prüfen, ob das Freiminutenvolumen nötig ist","recency 15 d, 16 Fahrten, 10.80 EUR",2026-08-25,2026-11-23,PREMIUM
2127,K-002127,Gelegenheitsnutzer,Anlass schaffen: Wetter-/Veranstaltungshinweis,"recency 30 d, 2 Fahrten, 0.16 EUR",2026-08-25,2026-11-23,PREMIUM
2128,K-002128,Gelegenheitsnutzer,Anlass schaffen: Wetter-/Veranstaltungshinweis,"recency 8 d, 3 Fahrten, 6.80 EUR",2026-08-25,2026-11-23,OEPNV
2129,K-002129,Gelegenheitsnutzer,Anlass schaffen: Wetter-/Veranstaltungshinweis,"recency 1 d, 8 Fahrten, 8.40 EUR",2026-08-25,2026-11-23,STUDENT
2130,K-002130,"Früher aktiv, jetzt inaktiv",Rückgewinnung: was hat gefehlt?,"seit 1046 Tagen angemeldet, keine Fahrt im 365-Tage-Fenster",2026-08-25,2026-11-23,BASIS
2131,K-002131,"Früher aktiv, jetzt inaktiv",Rückgewinnung: was hat gefehlt?,"seit 1803 Tagen angemeldet, keine Fahrt im 365-Tage-Fenster",2026-08-25,2026-11-23,BASIS
2132,K-002132,Umsatzträger,nicht anfassen: sie tragen den Umsatz,"recency 30 d, 7 Fahrten, 47.15 EUR",2026-08-25,2026-11-23,BASIS
2133,K-002133,Eingeschlafen,Rückgewinnung: einmalig Freiminuten,"recency 333 d, 3 Fahrten, 0.24 EUR",2026-08-25,2026-11-23,PREMIUM
2134,K-002134,Gelegenheitsnutzer,Anlass schaffen: Wetter-/Veranstaltungshinweis,"recency 50 d, 3 Fahrten, 12.75 EUR",2026-08-25,2026-11-23,BASIS
2135,K-002135,Gelegenheitsnutzer,Anlass schaffen: Wetter-/Veranstaltungshinweis,"recency 12 d, 6 Fahrten, 20.35 EUR",2026-08-25,2026-11-23,BASIS
2136,K-002136,Vielfahrer,"Bindung halten — und je Tarif prüfen, ob das Freiminutenvolumen nötig ist","recency 8 d, 23 Fahrten, 44.05 EUR",2026-08-25,2026-11-23,OEPNV
2137,K-002137,Gelegenheitsnutzer,Anlass schaffen: Wetter-/Veranstaltungshinweis,"recency 4 d, 12 Fahrten, 11.75 EUR",2026-08-25,2026-11-23,STUDENT
2138,K-002138,Umsatzträger,nicht anfassen: sie tragen den Umsatz,"recency 44 d, 9 Fahrten, 59.25 EUR",2026-08-25,2026-11-23,BASIS
2139,K-002139,Umsatzträger,nicht anfassen: sie tragen den Umsatz,"recency 12 d, 12 Fahrten, 44.45 EUR",2026-08-25,2026-11-23,BASIS
2140,K-002140,Eingeschlafen,Rückgewinnung: einmalig Freiminuten,"recency 352 d, 1 Fahrten, 5.50 EUR",2026-08-25,2026-11-23,BASIS
2141,K-002141,"Neu, noch keine Erstfahrt",Willkommensansprache zur Erstfahrt,"seit 55 Tagen angemeldet, keine Fahrt im 365-Tage-Fenster",2026-08-25,2026-11-23,STUDENT
2142,K-002142,Umsatzträger,nicht anfassen: sie tragen den Umsatz,"recency 64 d, 6 Fahrten, 58.15 EUR",2026-08-25,2026-11-23,BASIS
2143,K-002143,Gelegenheitsnutzer,Anlass schaffen: Wetter-/Veranstaltungshinweis,"recency 45 d, 5 Fahrten, 14.60 EUR",2026-08-25,2026-11-23,STUDENT
2145,K-002145,Umsatzträger,nicht anfassen: sie tragen den Umsatz,"recency 58 d, 10 Fahrten, 57.05 EUR",2026-08-25,2026-11-23,BASIS
2146,K-002146,"Früher aktiv, jetzt inaktiv",Rückgewinnung: was hat gefehlt?,"seit 923 Tagen angemeldet, keine Fahrt im 365-Tage-Fenster",2026-08-25,2026-11-23,BASIS
2147,K-002147,"Früher aktiv, jetzt inaktiv",Rückgewinnung: was hat gefehlt?,"seit 1052 Tagen angemeldet, keine Fahrt im 365-Tage-Fenster",2026-08-25,2026-11-23,BASIS
2148,K-002148,Vielfahrer,"Bindung halten — und je Tarif prüfen, ob das Freiminutenvolumen nötig ist","recency 13 d, 26 Fahrten, 97.55 EUR",2026-08-25,2026-11-23,BASIS
2149,K-002149,"Früher aktiv, jetzt inaktiv",Rückgewinnung: was hat gefehlt?,"seit 557 Tagen angemeldet, keine Fahrt im 365-Tage-Fenster",2026-08-25,2026-11-23,BASIS
2150,K-002150,"Früher aktiv, jetzt inaktiv",Rückgewinnung: was hat gefehlt?,"seit 1245 Tagen angemeldet, keine Fahrt im 365-Tage-Fenster",2026-08-25,2026-11-23,BASIS
2151,K-002151,Gelegenheitsnutzer,Anlass schaffen: Wetter-/Veranstaltungshinweis,"recency 46 d, 7 Fahrten, 25.75 EUR",2026-08-25,2026-11-23,BASIS
2152,K-002152,Gelegenheitsnutzer,Anlass schaffen: Wetter-/Veranstaltungshinweis,"recency 50 d, 2 Fahrten, 4.95 EUR",2026-08-25,2026-11-23,BASIS
2153,K-002153,Vielfahrer,"Bindung halten — und je Tarif prüfen, ob das Freiminutenvolumen nötig ist","recency 4 d, 14 Fahrten, 13.80 EUR",2026-08-25,2026-11-23,STUDENT
2154,K-002154,Gelegenheitsnutzer,Anlass schaffen: Wetter-/Veranstaltungshinweis,"recency 34 d, 2 Fahrten, 0.20 EUR",2026-08-25,2026-11-23,OEPNV
2155,K-002155,Vielfahrer,"Bindung halten — und je Tarif prüfen, ob das Freiminutenvolumen nötig ist","recency 1 d, 21 Fahrten, 8.16 EUR",2026-08-25,2026-11-23,PREMIUM
2156,K-002156,Gelegenheitsnutzer,Anlass schaffen: Wetter-/Veranstaltungshinweis,"recency 35 d, 5 Fahrten, 2.64 EUR",2026-08-25,2026-11-23,PREMIUM
2158,K-002158,Vielfahrer,"Bindung halten — und je Tarif prüfen, ob das Freiminutenvolumen nötig ist","recency 1 d, 20 Fahrten, 22.30 EUR",2026-08-25,2026-11-23,OEPNV
2159,K-002159,Gelegenheitsnutzer,Anlass schaffen: Wetter-/Veranstaltungshinweis,"recency 21 d, 7 Fahrten, 10.00 EUR",2026-08-25,2026-11-23,STUDENT
2160,K-002160,Gelegenheitsnutzer,Anlass schaffen: Wetter-/Veranstaltungshinweis,"recency 25 d, 6 Fahrten, 5.20 EUR",2026-08-25,2026-11-23,OEPNV
2161,K-002161,Gelegenheitsnutzer,Anlass schaffen: Wetter-/Veranstaltungshinweis,"recency 32 d, 7 Fahrten, 7.20 EUR",2026-08-25,2026-11-23,STUDENT
2162,K-002162,Gelegenheitsnutzer,Anlass schaffen: Wetter-/Veranstaltungshinweis,"recency 12 d, 1 Fahrten, 12.00 EUR",2026-08-25,2026-11-23,STUDENT
2163,K-002163,Umsatzträger,nicht anfassen: sie tragen den Umsatz,"recency 8 d, 10 Fahrten, 45.20 EUR",2026-08-25,2026-11-23,BASIS
2164,K-002164,Gelegenheitsnutzer,Anlass schaffen: Wetter-/Veranstaltungshinweis,"recency 10 d, 6 Fahrten, 21.70 EUR",2026-08-25,2026-11-23,BASIS
2165,K-002165,"Früher aktiv, jetzt inaktiv",Rückgewinnung: was hat gefehlt?,"seit 1010 Tagen angemeldet, keine Fahrt im 365-Tage-Fenster",2026-08-25,2026-11-23,BASIS
2166,K-002166,Gelegenheitsnutzer,Anlass schaffen: Wetter-/Veranstaltungshinweis,"recency 8 d, 6 Fahrten, 4.08 EUR",2026-08-25,2026-11-23,PREMIUM
2167,K-002167,"Früher aktiv, jetzt inaktiv",Rückgewinnung: was hat gefehlt?,"seit 903 Tagen angemeldet, keine Fahrt im 365-Tage-Fenster",2026-08-25,2026-11-23,BASIS
2168,K-002168,"Früher aktiv, jetzt inaktiv",Rückgewinnung: was hat gefehlt?,"seit 1815 Tagen angemeldet, keine Fahrt im 365-Tage-Fenster",2026-08-25,2026-11-23,BASIS
2169,K-002169,Vielfahrer,"Bindung halten — und je Tarif prüfen, ob das Freiminutenvolumen nötig ist","recency 23 d, 18 Fahrten, 20.20 EUR",2026-08-25,2026-11-23,PREMIUM
2170,K-002170,Umsatzträger,nicht anfassen: sie tragen den Umsatz,"recency 49 d, 6 Fahrten, 62.35 EUR",2026-08-25,2026-11-23,BASIS
2171,K-002171,Vielfahrer,"Bindung halten — und je Tarif prüfen, ob das Freiminutenvolumen nötig ist","recency 4 d, 25 Fahrten, 22.75 EUR",2026-08-25,2026-11-23,OEPNV
2172,K-002172,Gelegenheitsnutzer,Anlass schaffen: Wetter-/Veranstaltungshinweis,"recency 39 d, 8 Fahrten, 5.00 EUR",2026-08-25,2026-11-23,OEPNV
2174,K-002174,"Früher aktiv, jetzt inaktiv",Rückgewinnung: was hat gefehlt?,"seit 1541 Tagen angemeldet, keine Fahrt im 365-Tage-Fenster",2026-08-25,2026-11-23,BASIS
2175,K-002175,Vielfahrer,"Bindung halten — und je Tarif prüfen, ob das Freiminutenvolumen nötig ist","recency 12 d, 27 Fahrten, 8.00 EUR",2026-08-25,2026-11-23,PREMIUM
2176,K-002176,"Früher aktiv, jetzt inaktiv",Rückgewinnung: was hat gefehlt?,"seit 1709 Tagen angemeldet, keine Fahrt im 365-Tage-Fenster",2026-08-25,2026-11-23,BASIS
2177,K-002177,Gelegenheitsnutzer,Anlass schaffen: Wetter-/Veranstaltungshinweis,"recency 16 d, 10 Fahrten, 16.25 EUR",2026-08-25,2026-11-23,OEPNV
2178,K-002178,"Früher aktiv, jetzt inaktiv",Rückgewinnung: was hat gefehlt?,"seit 1126 Tagen angemeldet, keine Fahrt im 365-Tage-Fenster",2026-08-25,2026-11-23,OEPNV
2179,K-002179,Gelegenheitsnutzer,Anlass schaffen: Wetter-/Veranstaltungshinweis,"recency 10 d, 4 Fahrten, 9.35 EUR",2026-08-25,2026-11-23,BASIS
2180,K-002180,"Früher aktiv, jetzt inaktiv",Rückgewinnung: was hat gefehlt?,"seit 1168 Tagen angemeldet, keine Fahrt im 365-Tage-Fenster",2026-08-25,2026-11-23,PREMIUM
2181,K-002181,Gelegenheitsnutzer,Anlass schaffen: Wetter-/Veranstaltungshinweis,"recency 21 d, 9 Fahrten, 10.65 EUR",2026-08-25,2026-11-23,OEPNV
2182,K-002182,Eingeschlafen,Rückgewinnung: einmalig Freiminuten,"recency 184 d, 1 Fahrten, 0.60 EUR",2026-08-25,2026-11-23,BASIS
2183,K-002183,Gelegenheitsnutzer,Anlass schaffen: Wetter-/Veranstaltungshinweis,"recency 11 d, 10 Fahrten, 15.10 EUR",2026-08-25,2026-11-23,STUDENT
2184,K-002184,"Früher aktiv, jetzt inaktiv",Rückgewinnung: was hat gefehlt?,"seit 1771 Tagen angemeldet, keine Fahrt im 365-Tage-Fenster",2026-08-25,2026-11-23,BASIS
2185,K-002185,Gelegenheitsnutzer,Anlass schaffen: Wetter-/Veranstaltungshinweis,"recency 16 d, 8 Fahrten, 18.10 EUR",2026-08-25,2026-11-23,OEPNV
2186,K-002186,Gelegenheitsnutzer,Anlass schaffen: Wetter-/Veranstaltungshinweis,"recency 15 d, 11 Fahrten, 10.90 EUR",2026-08-25,2026-11-23,STUDENT
2187,K-002187,Vielfahrer,"Bindung halten — und je Tarif prüfen, ob das Freiminutenvolumen nötig ist","recency 0 d, 17 Fahrten, 18.05 EUR",2026-08-25,2026-11-23,STUDENT
2188,K-002188,Gelegenheitsnutzer,Anlass schaffen: Wetter-/Veranstaltungshinweis,"recency 48 d, 7 Fahrten, 10.40 EUR",2026-08-25,2026-11-23,BASIS
2189,K-002189,Gelegenheitsnutzer,Anlass schaffen: Wetter-/Veranstaltungshinweis,"recency 25 d, 9 Fahrten, 24.85 EUR",2026-08-25,2026-11-23,STUDENT
2190,K-002190,Gelegenheitsnutzer,Anlass schaffen: Wetter-/Veranstaltungshinweis,"recency 20 d, 9 Fahrten, 24.05 EUR",2026-08-25,2026-11-23,BASIS
2191,K-002191,"Früher aktiv, jetzt inaktiv",Rückgewinnung: was hat gefehlt?,"seit 1013 Tagen angemeldet, keine Fahrt im 365-Tage-Fenster",2026-08-25,2026-11-23,STUDENT
2192,K-002192,Eingeschlafen,Rückgewinnung: einmalig Freiminuten,"recency 310 d, 4 Fahrten, 24.45 EUR",2026-08-25,2026-11-23,BASIS
2193,K-002193,Vielfahrer,"Bindung halten — und je Tarif prüfen, ob das Freiminutenvolumen nötig ist","recency 12 d, 14 Fahrten, 32.40 EUR",2026-08-25,2026-11-23,BASIS
2194,K-002194,"Früher aktiv, jetzt inaktiv",Rückgewinnung: was hat gefehlt?,"seit 676 Tagen angemeldet, keine Fahrt im 365-Tage-Fenster",2026-08-25,2026-11-23,BASIS
2196,K-002196,Gelegenheitsnutzer,Anlass schaffen: Wetter-/Veranstaltungshinweis,"recency 88 d, 2 Fahrten, 6.35 EUR",2026-08-25,2026-11-23,BASIS
2197,K-002197,"Neu, noch keine Erstfahrt",Willkommensansprache zur Erstfahrt,"seit 238 Tagen angemeldet, keine Fahrt im 365-Tage-Fenster",2026-08-25,2026-11-23,BASIS
2198,K-002198,"Neu, noch keine Erstfahrt",Willkommensansprache zur Erstfahrt,"seit 43 Tagen angemeldet, keine Fahrt im 365-Tage-Fenster",2026-08-25,2026-11-23,BASIS
2199,K-002199,Vielfahrer,"Bindung halten — und je Tarif prüfen, ob das Freiminutenvolumen nötig ist","recency 3 d, 34 Fahrten, 13.68 EUR",2026-08-25,2026-11-23,PREMIUM
2200,K-002200,Gelegenheitsnutzer,Anlass schaffen: Wetter-/Veranstaltungshinweis,"recency 142 d, 1 Fahrten, 0.60 EUR",2026-08-25,2026-11-23,BASIS
2201,K-002201,Gelegenheitsnutzer,Anlass schaffen: Wetter-/Veranstaltungshinweis,"recency 32 d, 7 Fahrten, 26.80 EUR",2026-08-25,2026-11-23,BASIS
2202,K-002202,"Früher aktiv, jetzt inaktiv",Rückgewinnung: was hat gefehlt?,"seit 1488 Tagen angemeldet, keine Fahrt im 365-Tage-Fenster",2026-08-25,2026-11-23,BASIS
2203,K-002203,Gelegenheitsnutzer,Anlass schaffen: Wetter-/Veranstaltungshinweis,"recency 66 d, 3 Fahrten, 1.20 EUR",2026-08-25,2026-11-23,STUDENT
2204,K-002204,Vielfahrer,"Bindung halten — und je Tarif prüfen, ob das Freiminutenvolumen nötig ist","recency 31 d, 16 Fahrten, 82.15 EUR",2026-08-25,2026-11-23,BASIS
2205,K-002205,Eingeschlafen,Rückgewinnung: einmalig Freiminuten,"recency 284 d, 4 Fahrten, 8.90 EUR",2026-08-25,2026-11-23,BASIS
2206,K-002206,Gelegenheitsnutzer,Anlass schaffen: Wetter-/Veranstaltungshinweis,"recency 21 d, 11 Fahrten, 9.30 EUR",2026-08-25,2026-11-23,OEPNV
2207,K-002207,"Früher aktiv, jetzt inaktiv",Rückgewinnung: was hat gefehlt?,"seit 823 Tagen angemeldet, keine Fahrt im 365-Tage-Fenster",2026-08-25,2026-11-23,BASIS
2209,K-002209,Umsatzträger,nicht anfassen: sie tragen den Umsatz,"recency 20 d, 8 Fahrten, 43.05 EUR",2026-08-25,2026-11-23,BASIS
2210,K-002210,Gelegenheitsnutzer,Anlass schaffen: Wetter-/Veranstaltungshinweis,"recency 42 d, 9 Fahrten, 3.90 EUR",2026-08-25,2026-11-23,STUDENT
2211,K-002211,Vielfahrer,"Bindung halten — und je Tarif prüfen, ob das Freiminutenvolumen nötig ist","recency 7 d, 15 Fahrten, 21.30 EUR",2026-08-25,2026-11-23,STUDENT
2212,K-002212,"Früher aktiv, jetzt inaktiv",Rückgewinnung: was hat gefehlt?,"seit 1089 Tagen angemeldet, keine Fahrt im 365-Tage-Fenster",2026-08-25,2026-11-23,BASIS
2213,K-002213,Vielfahrer,"Bindung halten — und je Tarif prüfen, ob das Freiminutenvolumen nötig ist","recency 8 d, 38 Fahrten, 46.15 EUR",2026-08-25,2026-11-23,OEPNV
2214,K-002214,Vielfahrer,"Bindung halten — und je Tarif prüfen, ob das Freiminutenvolumen nötig ist","recency 12 d, 14 Fahrten, 32.00 EUR",2026-08-25,2026-11-23,BASIS
2215,K-002215,Vielfahrer,"Bindung halten — und je Tarif prüfen, ob das Freiminutenvolumen nötig ist","recency 7 d, 14 Fahrten, 15.55 EUR",2026-08-25,2026-11-23,STUDENT
2216,K-002216,Gelegenheitsnutzer,Anlass schaffen: Wetter-/Veranstaltungshinweis,"recency 86 d, 4 Fahrten, 15.55 EUR",2026-08-25,2026-11-23,BASIS
2217,K-002217,Gelegenheitsnutzer,Anlass schaffen: Wetter-/Veranstaltungshinweis,"recency 25 d, 7 Fahrten, 16.30 EUR",2026-08-25,2026-11-23,BASIS
2218,K-002218,"Früher aktiv, jetzt inaktiv",Rückgewinnung: was hat gefehlt?,"seit 650 Tagen angemeldet, keine Fahrt im 365-Tage-Fenster",2026-08-25,2026-11-23,BASIS
2219,K-002219,Gelegenheitsnutzer,Anlass schaffen: Wetter-/Veranstaltungshinweis,"recency 59 d, 5 Fahrten, 10.85 EUR",2026-08-25,2026-11-23,BASIS
2220,K-002220,Vielfahrer,"Bindung halten — und je Tarif prüfen, ob das Freiminutenvolumen nötig ist","recency 12 d, 30 Fahrten, 39.95 EUR",2026-08-25,2026-11-23,OEPNV
2221,K-002221,Vielfahrer,"Bindung halten — und je Tarif prüfen, ob das Freiminutenvolumen nötig ist","recency 3 d, 19 Fahrten, 6.64 EUR",2026-08-25,2026-11-23,PREMIUM
2222,K-002222,Umsatzträger,nicht anfassen: sie tragen den Umsatz,"recency 27 d, 11 Fahrten, 51.50 EUR",2026-08-25,2026-11-23,BASIS
2223,K-002223,Gelegenheitsnutzer,Anlass schaffen: Wetter-/Veranstaltungshinweis,"recency 2 d, 2 Fahrten, 16.70 EUR",2026-08-25,2026-11-23,BASIS
2224,K-002224,Gelegenheitsnutzer,Anlass schaffen: Wetter-/Veranstaltungshinweis,"recency 18 d, 3 Fahrten, 1.20 EUR",2026-08-25,2026-11-23,OEPNV
2225,K-002225,"Neu, noch keine Erstfahrt",Willkommensansprache zur Erstfahrt,"seit 267 Tagen angemeldet, keine Fahrt im 365-Tage-Fenster",2026-08-25,2026-11-23,OEPNV
2226,K-002226,Gelegenheitsnutzer,Anlass schaffen: Wetter-/Veranstaltungshinweis,"recency 46 d, 1 Fahrten, 5.20 EUR",2026-08-25,2026-11-23,BASIS
2227,K-002227,Gelegenheitsnutzer,Anlass schaffen: Wetter-/Veranstaltungshinweis,"recency 12 d, 1 Fahrten, 1.00 EUR",2026-08-25,2026-11-23,STUDENT
2228,K-002228,"Neu, noch keine Erstfahrt",Willkommensansprache zur Erstfahrt,"seit 98 Tagen angemeldet, keine Fahrt im 365-Tage-Fenster",2026-08-25,2026-11-23,BASIS
2229,K-002229,Gelegenheitsnutzer,Anlass schaffen: Wetter-/Veranstaltungshinweis,"recency 51 d, 6 Fahrten, 21.00 EUR",2026-08-25,2026-11-23,BASIS
2230,K-002230,Vielfahrer,"Bindung halten — und je Tarif prüfen, ob das Freiminutenvolumen nötig ist","recency 12 d, 17 Fahrten, 60.55 EUR",2026-08-25,2026-11-23,BASIS
2231,K-002231,Gelegenheitsnutzer,Anlass schaffen: Wetter-/Veranstaltungshinweis,"recency 79 d, 4 Fahrten, 2.20 EUR",2026-08-25,2026-11-23,OEPNV
2232,K-002232,Gelegenheitsnutzer,Anlass schaffen: Wetter-/Veranstaltungshinweis,"recency 17 d, 6 Fahrten, 6.76 EUR",2026-08-25,2026-11-23,PREMIUM
2233,K-002233,Vielfahrer,"Bindung halten — und je Tarif prüfen, ob das Freiminutenvolumen nötig ist","recency 30 d, 13 Fahrten, 3.92 EUR",2026-08-25,2026-11-23,PREMIUM
2234,K-002234,"Früher aktiv, jetzt inaktiv",Rückgewinnung: was hat gefehlt?,"seit 689 Tagen angemeldet, keine Fahrt im 365-Tage-Fenster",2026-08-25,2026-11-23,BASIS
2235,K-002235,"Früher aktiv, jetzt inaktiv",Rückgewinnung: was hat gefehlt?,"seit 1419 Tagen angemeldet, keine Fahrt im 365-Tage-Fenster",2026-08-25,2026-11-23,BASIS
2236,K-002236,Vielfahrer,"Bindung halten — und je Tarif prüfen, ob das Freiminutenvolumen nötig ist","recency 24 d, 24 Fahrten, 59.80 EUR",2026-08-25,2026-11-23,OEPNV
2237,K-002237,Gelegenheitsnutzer,Anlass schaffen: Wetter-/Veranstaltungshinweis,"recency 13 d, 5 Fahrten, 4.30 EUR",2026-08-25,2026-11-23,STUDENT
2238,K-002238,Vielfahrer,"Bindung halten — und je Tarif prüfen, ob das Freiminutenvolumen nötig ist","recency 0 d, 17 Fahrten, 19.00 EUR",2026-08-25,2026-11-23,OEPNV
2239,K-002239,"Früher aktiv, jetzt inaktiv",Rückgewinnung: was hat gefehlt?,"seit 1127 Tagen angemeldet, keine Fahrt im 365-Tage-Fenster",2026-08-25,2026-11-23,PREMIUM
2240,K-002240,Gelegenheitsnutzer,Anlass schaffen: Wetter-/Veranstaltungshinweis,"recency 44 d, 7 Fahrten, 5.70 EUR",2026-08-25,2026-11-23,STUDENT
2241,K-002241,Gelegenheitsnutzer,Anlass schaffen: Wetter-/Veranstaltungshinweis,"recency 22 d, 6 Fahrten, 27.20 EUR",2026-08-25,2026-11-23,BASIS
2242,K-002242,"Neu, noch keine Erstfahrt",Willkommensansprache zur Erstfahrt,"seit 179 Tagen angemeldet, keine Fahrt im 365-Tage-Fenster",2026-08-25,2026-11-23,BASIS
2243,K-002243,Eingeschlafen,Rückgewinnung: einmalig Freiminuten,"recency 323 d, 2 Fahrten, 2.10 EUR",2026-08-25,2026-11-23,STUDENT
2244,K-002244,Vielfahrer,"Bindung halten — und je Tarif prüfen, ob das Freiminutenvolumen nötig ist","recency 9 d, 13 Fahrten, 24.00 EUR",2026-08-25,2026-11-23,STUDENT
2245,K-002245,"Neu, noch keine Erstfahrt",Willkommensansprache zur Erstfahrt,"seit 186 Tagen angemeldet, keine Fahrt im 365-Tage-Fenster",2026-08-25,2026-11-23,BASIS
2246,K-002246,Vielfahrer,"Bindung halten — und je Tarif prüfen, ob das Freiminutenvolumen nötig ist","recency 7 d, 30 Fahrten, 204.85 EUR",2026-08-25,2026-11-23,OEPNV
2248,K-002248,Gelegenheitsnutzer,Anlass schaffen: Wetter-/Veranstaltungshinweis,"recency 20 d, 1 Fahrten, 0.10 EUR",2026-08-25,2026-11-23,STUDENT
2249,K-002249,Gelegenheitsnutzer,Anlass schaffen: Wetter-/Veranstaltungshinweis,"recency 58 d, 5 Fahrten, 6.90 EUR",2026-08-25,2026-11-23,OEPNV
2250,K-002250,"Früher aktiv, jetzt inaktiv",Rückgewinnung: was hat gefehlt?,"seit 1816 Tagen angemeldet, keine Fahrt im 365-Tage-Fenster",2026-08-25,2026-11-23,BASIS
2251,K-002251,Vielfahrer,"Bindung halten — und je Tarif prüfen, ob das Freiminutenvolumen nötig ist","recency 5 d, 19 Fahrten, 57.80 EUR",2026-08-25,2026-11-23,BASIS
2252,K-002252,Umsatzträger,nicht anfassen: sie tragen den Umsatz,"recency 8 d, 7 Fahrten, 68.85 EUR",2026-08-25,2026-11-23,BASIS
2253,K-002253,Gelegenheitsnutzer,Anlass schaffen: Wetter-/Veranstaltungshinweis,"recency 49 d, 9 Fahrten, 9.75 EUR",2026-08-25,2026-11-23,OEPNV
2254,K-002254,"Früher aktiv, jetzt inaktiv",Rückgewinnung: was hat gefehlt?,"seit 1014 Tagen angemeldet, keine Fahrt im 365-Tage-Fenster",2026-08-25,2026-11-23,BASIS
2255,K-002255,Gelegenheitsnutzer,Anlass schaffen: Wetter-/Veranstaltungshinweis,"recency 27 d, 7 Fahrten, 4.50 EUR",2026-08-25,2026-11-23,STUDENT
2256,K-002256,Gelegenheitsnutzer,Anlass schaffen: Wetter-/Veranstaltungshinweis,"recency 20 d, 5 Fahrten, 3.30 EUR",2026-08-25,2026-11-23,OEPNV
2257,K-002257,"Früher aktiv, jetzt inaktiv",Rückgewinnung: was hat gefehlt?,"seit 1819 Tagen angemeldet, keine Fahrt im 365-Tage-Fenster",2026-08-25,2026-11-23,BASIS
2258,K-002258,Gelegenheitsnutzer,Anlass schaffen: Wetter-/Veranstaltungshinweis,"recency 64 d, 1 Fahrten, 2.25 EUR",2026-08-25,2026-11-23,BASIS
2259,K-002259,"Neu, noch keine Erstfahrt",Willkommensansprache zur Erstfahrt,"seit 122 Tagen angemeldet, keine Fahrt im 365-Tage-Fenster",2026-08-25,2026-11-23,STUDENT
2260,K-002260,Gelegenheitsnutzer,Anlass schaffen: Wetter-/Veranstaltungshinweis,"recency 37 d, 11 Fahrten, 10.60 EUR",2026-08-25,2026-11-23,OEPNV
2261,K-002261,Vielfahrer,"Bindung halten — und je Tarif prüfen, ob das Freiminutenvolumen nötig ist","recency 8 d, 21 Fahrten, 56.30 EUR",2026-08-25,2026-11-23,STUDENT
2262,K-002262,Umsatzträger,nicht anfassen: sie tragen den Umsatz,"recency 21 d, 10 Fahrten, 72.75 EUR",2026-08-25,2026-11-23,BASIS
2263,K-002263,"Früher aktiv, jetzt inaktiv",Rückgewinnung: was hat gefehlt?,"seit 1804 Tagen angemeldet, keine Fahrt im 365-Tage-Fenster",2026-08-25,2026-11-23,BASIS
2264,K-002264,Umsatzträger,nicht anfassen: sie tragen den Umsatz,"recency 37 d, 10 Fahrten, 49.40 EUR",2026-08-25,2026-11-23,BASIS
2265,K-002265,"Früher aktiv, jetzt inaktiv",Rückgewinnung: was hat gefehlt?,"seit 1817 Tagen angemeldet, keine Fahrt im 365-Tage-Fenster",2026-08-25,2026-11-23,BASIS
2266,K-002266,"Früher aktiv, jetzt inaktiv",Rückgewinnung: was hat gefehlt?,"seit 1304 Tagen angemeldet, keine Fahrt im 365-Tage-Fenster",2026-08-25,2026-11-23,BASIS
2267,K-002267,Umsatzträger,nicht anfassen: sie tragen den Umsatz,"recency 1 d, 6 Fahrten, 37.80 EUR",2026-08-25,2026-11-23,BASIS
2268,K-002268,Gelegenheitsnutzer,Anlass schaffen: Wetter-/Veranstaltungshinweis,"recency 42 d, 6 Fahrten, 9.50 EUR",2026-08-25,2026-11-23,OEPNV
2269,K-002269,Vielfahrer,"Bindung halten — und je Tarif prüfen, ob das Freiminutenvolumen nötig ist","recency 16 d, 14 Fahrten, 13.50 EUR",2026-08-25,2026-11-23,STUDENT
2270,K-002270,Umsatzträger,nicht anfassen: sie tragen den Umsatz,"recency 50 d, 7 Fahrten, 39.90 EUR",2026-08-25,2026-11-23,BASIS
2271,K-002271,Vielfahrer,"Bindung halten — und je Tarif prüfen, ob das Freiminutenvolumen nötig ist","recency 10 d, 28 Fahrten, 95.55 EUR",2026-08-25,2026-11-23,BASIS
2272,K-002272,Gelegenheitsnutzer,Anlass schaffen: Wetter-/Veranstaltungshinweis,"recency 49 d, 5 Fahrten, 4.60 EUR",2026-08-25,2026-11-23,STUDENT
2273,K-002273,Gelegenheitsnutzer,Anlass schaffen: Wetter-/Veranstaltungshinweis,"recency 81 d, 2 Fahrten, 18.00 EUR",2026-08-25,2026-11-23,OEPNV
2274,K-002274,Vielfahrer,"Bindung halten — und je Tarif prüfen, ob das Freiminutenvolumen nötig ist","recency 6 d, 56 Fahrten, 101.45 EUR",2026-08-25,2026-11-23,OEPNV
2275,K-002275,"Früher aktiv, jetzt inaktiv",Rückgewinnung: was hat gefehlt?,"seit 1493 Tagen angemeldet, keine Fahrt im 365-Tage-Fenster",2026-08-25,2026-11-23,BASIS
2276,K-002276,Gelegenheitsnutzer,Anlass schaffen: Wetter-/Veranstaltungshinweis,"recency 42 d, 5 Fahrten, 3.36 EUR",2026-08-25,2026-11-23,PREMIUM
2277,K-002277,Vielfahrer,"Bindung halten — und je Tarif prüfen, ob das Freiminutenvolumen nötig ist","recency 3 d, 15 Fahrten, 6.24 EUR",2026-08-25,2026-11-23,PREMIUM
2278,K-002278,"Früher aktiv, jetzt inaktiv",Rückgewinnung: was hat gefehlt?,"seit 1158 Tagen angemeldet, keine Fahrt im 365-Tage-Fenster",2026-08-25,2026-11-23,PREMIUM
2279,K-002279,Gelegenheitsnutzer,Anlass schaffen: Wetter-/Veranstaltungshinweis,"recency 24 d, 12 Fahrten, 8.10 EUR",2026-08-25,2026-11-23,OEPNV
2280,K-002280,Gelegenheitsnutzer,Anlass schaffen: Wetter-/Veranstaltungshinweis,"recency 7 d, 9 Fahrten, 24.05 EUR",2026-08-25,2026-11-23,BASIS
2281,K-002281,Vielfahrer,"Bindung halten — und je Tarif prüfen, ob das Freiminutenvolumen nötig ist","recency 8 d, 18 Fahrten, 15.50 EUR",2026-08-25,2026-11-23,OEPNV
2282,K-002282,Gelegenheitsnutzer,Anlass schaffen: Wetter-/Veranstaltungshinweis,"recency 17 d, 2 Fahrten, 0.20 EUR",2026-08-25,2026-11-23,OEPNV
2283,K-002283,Umsatzträger,nicht anfassen: sie tragen den Umsatz,"recency 15 d, 8 Fahrten, 45.05 EUR",2026-08-25,2026-11-23,BASIS
2284,K-002284,Eingeschlafen,Rückgewinnung: einmalig Freiminuten,"recency 260 d, 2 Fahrten, 1.50 EUR",2026-08-25,2026-11-23,BASIS
2285,K-002285,Gelegenheitsnutzer,Anlass schaffen: Wetter-/Veranstaltungshinweis,"recency 65 d, 3 Fahrten, 14.40 EUR",2026-08-25,2026-11-23,BASIS
2286,K-002286,"Neu, noch keine Erstfahrt",Willkommensansprache zur Erstfahrt,"seit 121 Tagen angemeldet, keine Fahrt im 365-Tage-Fenster",2026-08-25,2026-11-23,BASIS
2287,K-002287,"Früher aktiv, jetzt inaktiv",Rückgewinnung: was hat gefehlt?,"seit 877 Tagen angemeldet, keine Fahrt im 365-Tage-Fenster",2026-08-25,2026-11-23,STUDENT
2288,K-002288,Gelegenheitsnutzer,Anlass schaffen: Wetter-/Veranstaltungshinweis,"recency 44 d, 3 Fahrten, 16.10 EUR",2026-08-25,2026-11-23,BASIS
2289,K-002289,"Neu, noch keine Erstfahrt",Willkommensansprache zur Erstfahrt,"seit 99 Tagen angemeldet, keine Fahrt im 365-Tage-Fenster",2026-08-25,2026-11-23,BASIS
2290,K-002290,Gelegenheitsnutzer,Anlass schaffen: Wetter-/Veranstaltungshinweis,"recency 58 d, 5 Fahrten, 3.05 EUR",2026-08-25,2026-11-23,STUDENT
2291,K-002291,Umsatzträger,nicht anfassen: sie tragen den Umsatz,"recency 31 d, 4 Fahrten, 43.80 EUR",2026-08-25,2026-11-23,BASIS
2292,K-002292,"Neu, noch keine Erstfahrt",Willkommensansprache zur Erstfahrt,"seit 84 Tagen angemeldet, keine Fahrt im 365-Tage-Fenster",2026-08-25,2026-11-23,BASIS
2293,K-002293,Gelegenheitsnutzer,Anlass schaffen: Wetter-/Veranstaltungshinweis,"recency 1 d, 2 Fahrten, 17.75 EUR",2026-08-25,2026-11-23,BASIS
2294,K-002294,Gelegenheitsnutzer,Anlass schaffen: Wetter-/Veranstaltungshinweis,"recency 18 d, 5 Fahrten, 4.32 EUR",2026-08-25,2026-11-23,PREMIUM
2295,K-002295,"Früher aktiv, jetzt inaktiv",Rückgewinnung: was hat gefehlt?,"seit 1719 Tagen angemeldet, keine Fahrt im 365-Tage-Fenster",2026-08-25,2026-11-23,BASIS
2296,K-002296,"Neu, noch keine Erstfahrt",Willkommensansprache zur Erstfahrt,"seit 242 Tagen angemeldet, keine Fahrt im 365-Tage-Fenster",2026-08-25,2026-11-23,BASIS
2297,K-002297,Umsatzträger,nicht anfassen: sie tragen den Umsatz,"recency 31 d, 12 Fahrten, 43.60 EUR",2026-08-25,2026-11-23,STUDENT
2298,K-002298,"Früher aktiv, jetzt inaktiv",Rückgewinnung: was hat gefehlt?,"seit 895 Tagen angemeldet, keine Fahrt im 365-Tage-Fenster",2026-08-25,2026-11-23,BASIS
2299,K-002299,Gelegenheitsnutzer,Anlass schaffen: Wetter-/Veranstaltungshinweis,"recency 30 d, 2 Fahrten, 3.00 EUR",2026-08-25,2026-11-23,STUDENT
2301,K-002301,"Neu, noch keine Erstfahrt",Willkommensansprache zur Erstfahrt,"seit 82 Tagen angemeldet, keine Fahrt im 365-Tage-Fenster",2026-08-25,2026-11-23,BASIS
2302,K-002302,Vielfahrer,"Bindung halten — und je Tarif prüfen, ob das Freiminutenvolumen nötig ist","recency 6 d, 21 Fahrten, 55.45 EUR",2026-08-25,2026-11-23,OEPNV
2303,K-002303,"Früher aktiv, jetzt inaktiv",Rückgewinnung: was hat gefehlt?,"seit 1812 Tagen angemeldet, keine Fahrt im 365-Tage-Fenster",2026-08-25,2026-11-23,BASIS
2304,K-002304,Vielfahrer,"Bindung halten — und je Tarif prüfen, ob das Freiminutenvolumen nötig ist","recency 24 d, 31 Fahrten, 34.04 EUR",2026-08-25,2026-11-23,PREMIUM
2305,K-002305,"Früher aktiv, jetzt inaktiv",Rückgewinnung: was hat gefehlt?,"seit 536 Tagen angemeldet, keine Fahrt im 365-Tage-Fenster",2026-08-25,2026-11-23,STUDENT
2306,K-002306,"Früher aktiv, jetzt inaktiv",Rückgewinnung: was hat gefehlt?,"seit 572 Tagen angemeldet, keine Fahrt im 365-Tage-Fenster",2026-08-25,2026-11-23,BASIS
2307,K-002307,Gelegenheitsnutzer,Anlass schaffen: Wetter-/Veranstaltungshinweis,"recency 1 d, 4 Fahrten, 9.30 EUR",2026-08-25,2026-11-23,BASIS
2308,K-002308,Eingeschlafen,Rückgewinnung: einmalig Freiminuten,"recency 318 d, 3 Fahrten, 15.15 EUR",2026-08-25,2026-11-23,BASIS
2309,K-002309,Vielfahrer,"Bindung halten — und je Tarif prüfen, ob das Freiminutenvolumen nötig ist","recency 4 d, 35 Fahrten, 45.52 EUR",2026-08-25,2026-11-23,PREMIUM
2310,K-002310,Gelegenheitsnutzer,Anlass schaffen: Wetter-/Veranstaltungshinweis,"recency 13 d, 4 Fahrten, 5.20 EUR",2026-08-25,2026-11-23,STUDENT
2311,K-002311,Gelegenheitsnutzer,Anlass schaffen: Wetter-/Veranstaltungshinweis,"recency 8 d, 9 Fahrten, 24.70 EUR",2026-08-25,2026-11-23,STUDENT
2312,K-002312,Vielfahrer,"Bindung halten — und je Tarif prüfen, ob das Freiminutenvolumen nötig ist","recency 10 d, 19 Fahrten, 8.80 EUR",2026-08-25,2026-11-23,PREMIUM
2313,K-002313,Gelegenheitsnutzer,Anlass schaffen: Wetter-/Veranstaltungshinweis,"recency 58 d, 3 Fahrten, 7.00 EUR",2026-08-25,2026-11-23,BASIS
2314,K-002314,Vielfahrer,"Bindung halten — und je Tarif prüfen, ob das Freiminutenvolumen nötig ist","recency 10 d, 36 Fahrten, 152.35 EUR",2026-08-25,2026-11-23,BASIS
2315,K-002315,Vielfahrer,"Bindung halten — und je Tarif prüfen, ob das Freiminutenvolumen nötig ist","recency 12 d, 25 Fahrten, 8.96 EUR",2026-08-25,2026-11-23,PREMIUM
2316,K-002316,"Früher aktiv, jetzt inaktiv",Rückgewinnung: was hat gefehlt?,"seit 988 Tagen angemeldet, keine Fahrt im 365-Tage-Fenster",2026-08-25,2026-11-23,BASIS
2318,K-002318,Gelegenheitsnutzer,Anlass schaffen: Wetter-/Veranstaltungshinweis,"recency 43 d, 3 Fahrten, 4.05 EUR",2026-08-25,2026-11-23,BASIS
2319,K-002319,Gelegenheitsnutzer,Anlass schaffen: Wetter-/Veranstaltungshinweis,"recency 48 d, 7 Fahrten, 25.70 EUR",2026-08-25,2026-11-23,BASIS
2320,K-002320,Umsatzträger,nicht anfassen: sie tragen den Umsatz,"recency 20 d, 7 Fahrten, 39.15 EUR",2026-08-25,2026-11-23,BASIS
2321,K-002321,Gelegenheitsnutzer,Anlass schaffen: Wetter-/Veranstaltungshinweis,"recency 79 d, 7 Fahrten, 27.40 EUR",2026-08-25,2026-11-23,BASIS
2322,K-002322,"Neu, noch keine Erstfahrt",Willkommensansprache zur Erstfahrt,"seit 181 Tagen angemeldet, keine Fahrt im 365-Tage-Fenster",2026-08-25,2026-11-23,BASIS
2323,K-002323,Gelegenheitsnutzer,Anlass schaffen: Wetter-/Veranstaltungshinweis,"recency 0 d, 6 Fahrten, 25.95 EUR",2026-08-25,2026-11-23,BASIS
2324,K-002324,Umsatzträger,nicht anfassen: sie tragen den Umsatz,"recency 37 d, 8 Fahrten, 58.10 EUR",2026-08-25,2026-11-23,STUDENT
2325,K-002325,"Neu, noch keine Erstfahrt",Willkommensansprache zur Erstfahrt,"seit 32 Tagen angemeldet, keine Fahrt im 365-Tage-Fenster",2026-08-25,2026-11-23,BASIS
2326,K-002326,Gelegenheitsnutzer,Anlass schaffen: Wetter-/Veranstaltungshinweis,"recency 0 d, 12 Fahrten, 10.30 EUR",2026-08-25,2026-11-23,OEPNV
2327,K-002327,Eingeschlafen,Rückgewinnung: einmalig Freiminuten,"recency 169 d, 6 Fahrten, 17.45 EUR",2026-08-25,2026-11-23,OEPNV
2328,K-002328,"Früher aktiv, jetzt inaktiv",Rückgewinnung: was hat gefehlt?,"seit 1724 Tagen angemeldet, keine Fahrt im 365-Tage-Fenster",2026-08-25,2026-11-23,BASIS
2329,K-002329,"Neu, noch keine Erstfahrt",Willkommensansprache zur Erstfahrt,"seit 86 Tagen angemeldet, keine Fahrt im 365-Tage-Fenster",2026-08-25,2026-11-23,PREMIUM
2330,K-002330,Gelegenheitsnutzer,Anlass schaffen: Wetter-/Veranstaltungshinweis,"recency 28 d, 4 Fahrten, 3.20 EUR",2026-08-25,2026-11-23,STUDENT
2331,K-002331,Vielfahrer,"Bindung halten — und je Tarif prüfen, ob das Freiminutenvolumen nötig ist","recency 58 d, 14 Fahrten, 40.30 EUR",2026-08-25,2026-11-23,STUDENT
2332,K-002332,"Neu, noch keine Erstfahrt",Willkommensansprache zur Erstfahrt,"seit 142 Tagen angemeldet, keine Fahrt im 365-Tage-Fenster",2026-08-25,2026-11-23,BASIS
2333,K-002333,Umsatzträger,nicht anfassen: sie tragen den Umsatz,"recency 34 d, 8 Fahrten, 31.10 EUR",2026-08-25,2026-11-23,STUDENT
2334,K-002334,Gelegenheitsnutzer,Anlass schaffen: Wetter-/Veranstaltungshinweis,"recency 0 d, 8 Fahrten, 9.70 EUR",2026-08-25,2026-11-23,OEPNV
2335,K-002335,"Neu, noch keine Erstfahrt",Willkommensansprache zur Erstfahrt,"seit 302 Tagen angemeldet, keine Fahrt im 365-Tage-Fenster",2026-08-25,2026-11-23,BASIS
2337,K-002337,"Früher aktiv, jetzt inaktiv",Rückgewinnung: was hat gefehlt?,"seit 1173 Tagen angemeldet, keine Fahrt im 365-Tage-Fenster",2026-08-25,2026-11-23,BASIS
2338,K-002338,Umsatzträger,nicht anfassen: sie tragen den Umsatz,"recency 16 d, 7 Fahrten, 50.80 EUR",2026-08-25,2026-11-23,BASIS
2339,K-002339,Vielfahrer,"Bindung halten — und je Tarif prüfen, ob das Freiminutenvolumen nötig ist","recency 3 d, 37 Fahrten, 32.96 EUR",2026-08-25,2026-11-23,PREMIUM
2340,K-002340,"Neu, noch keine Erstfahrt",Willkommensansprache zur Erstfahrt,"seit 309 Tagen angemeldet, keine Fahrt im 365-Tage-Fenster",2026-08-25,2026-11-23,BASIS
2342,K-002342,Vielfahrer,"Bindung halten — und je Tarif prüfen, ob das Freiminutenvolumen nötig ist","recency 13 d, 34 Fahrten, 37.95 EUR",2026-08-25,2026-11-23,OEPNV
2343,K-002343,Vielfahrer,"Bindung halten — und je Tarif prüfen, ob das Freiminutenvolumen nötig ist","recency 12 d, 15 Fahrten, 6.88 EUR",2026-08-25,2026-11-23,PREMIUM
2344,K-002344,Eingeschlafen,Rückgewinnung: einmalig Freiminuten,"recency 181 d, 9 Fahrten, 41.15 EUR",2026-08-25,2026-11-23,STUDENT
2345,K-002345,Gelegenheitsnutzer,Anlass schaffen: Wetter-/Veranstaltungshinweis,"recency 7 d, 12 Fahrten, 10.60 EUR",2026-08-25,2026-11-23,OEPNV
2346,K-002346,Gelegenheitsnutzer,Anlass schaffen: Wetter-/Veranstaltungshinweis,"recency 15 d, 10 Fahrten, 10.00 EUR",2026-08-25,2026-11-23,OEPNV
2347,K-002347,"Früher aktiv, jetzt inaktiv",Rückgewinnung: was hat gefehlt?,"seit 1241 Tagen angemeldet, keine Fahrt im 365-Tage-Fenster",2026-08-25,2026-11-23,BASIS
2349,K-002349,Gelegenheitsnutzer,Anlass schaffen: Wetter-/Veranstaltungshinweis,"recency 20 d, 12 Fahrten, 8.60 EUR",2026-08-25,2026-11-23,OEPNV
2350,K-002350,Gelegenheitsnutzer,Anlass schaffen: Wetter-/Veranstaltungshinweis,"recency 31 d, 1 Fahrten, 0.08 EUR",2026-08-25,2026-11-23,PREMIUM
2351,K-002351,Vielfahrer,"Bindung halten — und je Tarif prüfen, ob das Freiminutenvolumen nötig ist","recency 27 d, 26 Fahrten, 57.25 EUR",2026-08-25,2026-11-23,OEPNV
2352,K-002352,"Neu, noch keine Erstfahrt",Willkommensansprache zur Erstfahrt,"seit 337 Tagen angemeldet, keine Fahrt im 365-Tage-Fenster",2026-08-25,2026-11-23,BASIS
2353,K-002353,Gelegenheitsnutzer,Anlass schaffen: Wetter-/Veranstaltungshinweis,"recency 17 d, 9 Fahrten, 20.70 EUR",2026-08-25,2026-11-23,BASIS
2354,K-002354,"Früher aktiv, jetzt inaktiv",Rückgewinnung: was hat gefehlt?,"seit 557 Tagen angemeldet, keine Fahrt im 365-Tage-Fenster",2026-08-25,2026-11-23,BASIS
2355,K-002355,Vielfahrer,"Bindung halten — und je Tarif prüfen, ob das Freiminutenvolumen nötig ist","recency 10 d, 13 Fahrten, 6.08 EUR",2026-08-25,2026-11-23,PREMIUM
2356,K-002356,Eingeschlafen,Rückgewinnung: einmalig Freiminuten,"recency 177 d, 3 Fahrten, 48.00 EUR",2026-08-25,2026-11-23,BASIS
2357,K-002357,"Früher aktiv, jetzt inaktiv",Rückgewinnung: was hat gefehlt?,"seit 1120 Tagen angemeldet, keine Fahrt im 365-Tage-Fenster",2026-08-25,2026-11-23,BASIS
2360,K-002360,Eingeschlafen,Rückgewinnung: einmalig Freiminuten,"recency 338 d, 1 Fahrten, 4.00 EUR",2026-08-25,2026-11-23,BASIS
2361,K-002361,"Früher aktiv, jetzt inaktiv",Rückgewinnung: was hat gefehlt?,"seit 1764 Tagen angemeldet, keine Fahrt im 365-Tage-Fenster",2026-08-25,2026-11-23,BASIS
2362,K-002362,Umsatzträger,nicht anfassen: sie tragen den Umsatz,"recency 14 d, 9 Fahrten, 36.45 EUR",2026-08-25,2026-11-23,BASIS
2363,K-002363,"Früher aktiv, jetzt inaktiv",Rückgewinnung: was hat gefehlt?,"seit 1194 Tagen angemeldet, keine Fahrt im 365-Tage-Fenster",2026-08-25,2026-11-23,BASIS
2364,K-002364,Gelegenheitsnutzer,Anlass schaffen: Wetter-/Veranstaltungshinweis,"recency 33 d, 12 Fahrten, 13.75 EUR",2026-08-25,2026-11-23,STUDENT
2365,K-002365,Gelegenheitsnutzer,Anlass schaffen: Wetter-/Veranstaltungshinweis,"recency 120 d, 3 Fahrten, 16.25 EUR",2026-08-25,2026-11-23,BASIS
2366,K-002366,Gelegenheitsnutzer,Anlass schaffen: Wetter-/Veranstaltungshinweis,"recency 2 d, 11 Fahrten, 11.90 EUR",2026-08-25,2026-11-23,STUDENT
2367,K-002367,Vielfahrer,"Bindung halten — und je Tarif prüfen, ob das Freiminutenvolumen nötig ist","recency 11 d, 18 Fahrten, 26.50 EUR",2026-08-25,2026-11-23,OEPNV
2368,K-002368,"Früher aktiv, jetzt inaktiv",Rückgewinnung: was hat gefehlt?,"seit 1810 Tagen angemeldet, keine Fahrt im 365-Tage-Fenster",2026-08-25,2026-11-23,BASIS
2369,K-002369,Vielfahrer,"Bindung halten — und je Tarif prüfen, ob das Freiminutenvolumen nötig ist","recency 17 d, 32 Fahrten, 57.15 EUR",2026-08-25,2026-11-23,OEPNV
2370,K-002370,Vielfahrer,"Bindung halten — und je Tarif prüfen, ob das Freiminutenvolumen nötig ist","recency 11 d, 32 Fahrten, 17.72 EUR",2026-08-25,2026-11-23,PREMIUM
2371,K-002371,Gelegenheitsnutzer,Anlass schaffen: Wetter-/Veranstaltungshinweis,"recency 46 d, 3 Fahrten, 12.55 EUR",2026-08-25,2026-11-23,BASIS
2372,K-002372,Gelegenheitsnutzer,Anlass schaffen: Wetter-/Veranstaltungshinweis,"recency 31 d, 8 Fahrten, 11.20 EUR",2026-08-25,2026-11-23,OEPNV
2373,K-002373,Vielfahrer,"Bindung halten — und je Tarif prüfen, ob das Freiminutenvolumen nötig ist","recency 21 d, 13 Fahrten, 18.70 EUR",2026-08-25,2026-11-23,STUDENT
2374,K-002374,"Früher aktiv, jetzt inaktiv",Rückgewinnung: was hat gefehlt?,"seit 1151 Tagen angemeldet, keine Fahrt im 365-Tage-Fenster",2026-08-25,2026-11-23,BASIS
2375,K-002375,Umsatzträger,nicht anfassen: sie tragen den Umsatz,"recency 11 d, 6 Fahrten, 30.90 EUR",2026-08-25,2026-11-23,STUDENT
2376,K-002376,Vielfahrer,"Bindung halten — und je Tarif prüfen, ob das Freiminutenvolumen nötig ist","recency 7 d, 21 Fahrten, 36.50 EUR",2026-08-25,2026-11-23,OEPNV
2378,K-002378,"Neu, noch keine Erstfahrt",Willkommensansprache zur Erstfahrt,"seit 285 Tagen angemeldet, keine Fahrt im 365-Tage-Fenster",2026-08-25,2026-11-23,BASIS
2379,K-002379,Gelegenheitsnutzer,Anlass schaffen: Wetter-/Veranstaltungshinweis,"recency 50 d, 6 Fahrten, 2.40 EUR",2026-08-25,2026-11-23,OEPNV
2380,K-002380,Vielfahrer,"Bindung halten — und je Tarif prüfen, ob das Freiminutenvolumen nötig ist","recency 11 d, 22 Fahrten, 23.60 EUR",2026-08-25,2026-11-23,OEPNV
2381,K-002381,Umsatzträger,nicht anfassen: sie tragen den Umsatz,"recency 21 d, 9 Fahrten, 65.85 EUR",2026-08-25,2026-11-23,BASIS
2382,K-002382,Eingeschlafen,Rückgewinnung: einmalig Freiminuten,"recency 352 d, 2 Fahrten, 0.88 EUR",2026-08-25,2026-11-23,PREMIUM
2384,K-002384,Vielfahrer,"Bindung halten — und je Tarif prüfen, ob das Freiminutenvolumen nötig ist","recency 18 d, 19 Fahrten, 10.96 EUR",2026-08-25,2026-11-23,PREMIUM
2385,K-002385,Vielfahrer,"Bindung halten — und je Tarif prüfen, ob das Freiminutenvolumen nötig ist","recency 20 d, 15 Fahrten, 6.40 EUR",2026-08-25,2026-11-23,PREMIUM
2386,K-002386,Eingeschlafen,Rückgewinnung: einmalig Freiminuten,"recency 328 d, 1 Fahrten, 0.10 EUR",2026-08-25,2026-11-23,OEPNV
2387,K-002387,Umsatzträger,nicht anfassen: sie tragen den Umsatz,"recency 11 d, 6 Fahrten, 37.05 EUR",2026-08-25,2026-11-23,BASIS
2388,K-002388,Eingeschlafen,Rückgewinnung: einmalig Freiminuten,"recency 235 d, 3 Fahrten, 8.00 EUR",2026-08-25,2026-11-23,OEPNV
2389,K-002389,Vielfahrer,"Bindung halten — und je Tarif prüfen, ob das Freiminutenvolumen nötig ist","recency 1 d, 15 Fahrten, 92.85 EUR",2026-08-25,2026-11-23,BASIS
2390,K-002390,"Neu, noch keine Erstfahrt",Willkommensansprache zur Erstfahrt,"seit 182 Tagen angemeldet, keine Fahrt im 365-Tage-Fenster",2026-08-25,2026-11-23,OEPNV
2391,K-002391,"Früher aktiv, jetzt inaktiv",Rückgewinnung: was hat gefehlt?,"seit 856 Tagen angemeldet, keine Fahrt im 365-Tage-Fenster",2026-08-25,2026-11-23,BASIS
2392,K-002392,Gelegenheitsnutzer,Anlass schaffen: Wetter-/Veranstaltungshinweis,"recency 22 d, 1 Fahrten, 1.80 EUR",2026-08-25,2026-11-23,BASIS
2393,K-002393,Gelegenheitsnutzer,Anlass schaffen: Wetter-/Veranstaltungshinweis,"recency 114 d, 2 Fahrten, 3.05 EUR",2026-08-25,2026-11-23,BASIS
2394,K-002394,Gelegenheitsnutzer,Anlass schaffen: Wetter-/Veranstaltungshinweis,"recency 12 d, 3 Fahrten, 15.70 EUR",2026-08-25,2026-11-23,BASIS
2395,K-002395,Umsatzträger,nicht anfassen: sie tragen den Umsatz,"recency 6 d, 11 Fahrten, 40.10 EUR",2026-08-25,2026-11-23,BASIS
2397,K-002397,Gelegenheitsnutzer,Anlass schaffen: Wetter-/Veranstaltungshinweis,"recency 34 d, 5 Fahrten, 4.05 EUR",2026-08-25,2026-11-23,STUDENT
2398,K-002398,Eingeschlafen,Rückgewinnung: einmalig Freiminuten,"recency 351 d, 1 Fahrten, 2.00 EUR",2026-08-25,2026-11-23,STUDENT
2399,K-002399,Gelegenheitsnutzer,Anlass schaffen: Wetter-/Veranstaltungshinweis,"recency 35 d, 6 Fahrten, 17.20 EUR",2026-08-25,2026-11-23,STUDENT
2400,K-002400,Gelegenheitsnutzer,Anlass schaffen: Wetter-/Veranstaltungshinweis,"recency 42 d, 3 Fahrten, 1.20 EUR",2026-08-25,2026-11-23,STUDENT
2401,K-002401,Gelegenheitsnutzer,Anlass schaffen: Wetter-/Veranstaltungshinweis,"recency 27 d, 9 Fahrten, 5.20 EUR",2026-08-25,2026-11-23,PREMIUM
2402,K-002402,"Früher aktiv, jetzt inaktiv",Rückgewinnung: was hat gefehlt?,"seit 1799 Tagen angemeldet, keine Fahrt im 365-Tage-Fenster",2026-08-25,2026-11-23,STUDENT
2403,K-002403,"Früher aktiv, jetzt inaktiv",Rückgewinnung: was hat gefehlt?,"seit 1352 Tagen angemeldet, keine Fahrt im 365-Tage-Fenster",2026-08-25,2026-11-23,BASIS
2404,K-002404,"Neu, noch keine Erstfahrt",Willkommensansprache zur Erstfahrt,"seit 169 Tagen angemeldet, keine Fahrt im 365-Tage-Fenster",2026-08-25,2026-11-23,BASIS
2407,K-002407,Gelegenheitsnutzer,Anlass schaffen: Wetter-/Veranstaltungshinweis,"recency 11 d, 12 Fahrten, 29.25 EUR",2026-08-25,2026-11-23,STUDENT
2408,K-002408,Eingeschlafen,Rückgewinnung: einmalig Freiminuten,"recency 311 d, 2 Fahrten, 12.70 EUR",2026-08-25,2026-11-23,BASIS
2409,K-002409,Eingeschlafen,Rückgewinnung: einmalig Freiminuten,"recency 191 d, 1 Fahrten, 1.80 EUR",2026-08-25,2026-11-23,BASIS
2410,K-002410,"Früher aktiv, jetzt inaktiv",Rückgewinnung: was hat gefehlt?,"seit 1117 Tagen angemeldet, keine Fahrt im 365-Tage-Fenster",2026-08-25,2026-11-23,BASIS
2411,K-002411,Vielfahrer,"Bindung halten — und je Tarif prüfen, ob das Freiminutenvolumen nötig ist","recency 1 d, 31 Fahrten, 50.30 EUR",2026-08-25,2026-11-23,OEPNV
2412,K-002412,Umsatzträger,nicht anfassen: sie tragen den Umsatz,"recency 44 d, 8 Fahrten, 44.25 EUR",2026-08-25,2026-11-23,BASIS
2413,K-002413,Gelegenheitsnutzer,Anlass schaffen: Wetter-/Veranstaltungshinweis,"recency 56 d, 5 Fahrten, 16.35 EUR",2026-08-25,2026-11-23,BASIS
2414,K-002414,Vielfahrer,"Bindung halten — und je Tarif prüfen, ob das Freiminutenvolumen nötig ist","recency 0 d, 22 Fahrten, 18.00 EUR",2026-08-25,2026-11-23,OEPNV
2415,K-002415,Umsatzträger,nicht anfassen: sie tragen den Umsatz,"recency 22 d, 6 Fahrten, 59.45 EUR",2026-08-25,2026-11-23,BASIS
2416,K-002416,"Früher aktiv, jetzt inaktiv",Rückgewinnung: was hat gefehlt?,"seit 459 Tagen angemeldet, keine Fahrt im 365-Tage-Fenster",2026-08-25,2026-11-23,BASIS
2417,K-002417,Gelegenheitsnutzer,Anlass schaffen: Wetter-/Veranstaltungshinweis,"recency 3 d, 12 Fahrten, 12.70 EUR",2026-08-25,2026-11-23,OEPNV
2418,K-002418,"Früher aktiv, jetzt inaktiv",Rückgewinnung: was hat gefehlt?,"seit 691 Tagen angemeldet, keine Fahrt im 365-Tage-Fenster",2026-08-25,2026-11-23,BASIS
2419,K-002419,Vielfahrer,"Bindung halten — und je Tarif prüfen, ob das Freiminutenvolumen nötig ist","recency 14 d, 22 Fahrten, 14.12 EUR",2026-08-25,2026-11-23,PREMIUM
2420,K-002420,"Früher aktiv, jetzt inaktiv",Rückgewinnung: was hat gefehlt?,"seit 1549 Tagen angemeldet, keine Fahrt im 365-Tage-Fenster",2026-08-25,2026-11-23,BASIS
2421,K-002421,Gelegenheitsnutzer,Anlass schaffen: Wetter-/Veranstaltungshinweis,"recency 16 d, 4 Fahrten, 10.30 EUR",2026-08-25,2026-11-23,BASIS
2422,K-002422,Gelegenheitsnutzer,Anlass schaffen: Wetter-/Veranstaltungshinweis,"recency 31 d, 5 Fahrten, 2.90 EUR",2026-08-25,2026-11-23,STUDENT
2423,K-002423,Gelegenheitsnutzer,Anlass schaffen: Wetter-/Veranstaltungshinweis,"recency 42 d, 7 Fahrten, 6.40 EUR",2026-08-25,2026-11-23,STUDENT
2424,K-002424,Gelegenheitsnutzer,Anlass schaffen: Wetter-/Veranstaltungshinweis,"recency 16 d, 1 Fahrten, 14.75 EUR",2026-08-25,2026-11-23,BASIS
2427,K-002427,Gelegenheitsnutzer,Anlass schaffen: Wetter-/Veranstaltungshinweis,"recency 21 d, 11 Fahrten, 13.60 EUR",2026-08-25,2026-11-23,STUDENT
2428,K-002428,Eingeschlafen,Rückgewinnung: einmalig Freiminuten,"recency 296 d, 2 Fahrten, 17.50 EUR",2026-08-25,2026-11-23,BASIS
2429,K-002429,Gelegenheitsnutzer,Anlass schaffen: Wetter-/Veranstaltungshinweis,"recency 24 d, 2 Fahrten, 1.10 EUR",2026-08-25,2026-11-23,OEPNV
2430,K-002430,Vielfahrer,"Bindung halten — und je Tarif prüfen, ob das Freiminutenvolumen nötig ist","recency 10 d, 23 Fahrten, 21.45 EUR",2026-08-25,2026-11-23,OEPNV
2431,K-002431,Vielfahrer,"Bindung halten — und je Tarif prüfen, ob das Freiminutenvolumen nötig ist","recency 8 d, 24 Fahrten, 132.25 EUR",2026-08-25,2026-11-23,BASIS
2432,K-002432,"Neu, noch keine Erstfahrt",Willkommensansprache zur Erstfahrt,"seit 69 Tagen angemeldet, keine Fahrt im 365-Tage-Fenster",2026-08-25,2026-11-23,BASIS
2433,K-002433,Gelegenheitsnutzer,Anlass schaffen: Wetter-/Veranstaltungshinweis,"recency 55 d, 6 Fahrten, 2.64 EUR",2026-08-25,2026-11-23,PREMIUM
2434,K-002434,Gelegenheitsnutzer,Anlass schaffen: Wetter-/Veranstaltungshinweis,"recency 79 d, 5 Fahrten, 20.25 EUR",2026-08-25,2026-11-23,BASIS
2435,K-002435,Vielfahrer,"Bindung halten — und je Tarif prüfen, ob das Freiminutenvolumen nötig ist","recency 15 d, 22 Fahrten, 8.40 EUR",2026-08-25,2026-11-23,PREMIUM
2436,K-002436,"Früher aktiv, jetzt inaktiv",Rückgewinnung: was hat gefehlt?,"seit 1219 Tagen angemeldet, keine Fahrt im 365-Tage-Fenster",2026-08-25,2026-11-23,BASIS
2438,K-002438,Gelegenheitsnutzer,Anlass schaffen: Wetter-/Veranstaltungshinweis,"recency 40 d, 8 Fahrten, 7.90 EUR",2026-08-25,2026-11-23,STUDENT
2439,K-002439,Vielfahrer,"Bindung halten — und je Tarif prüfen, ob das Freiminutenvolumen nötig ist","recency 17 d, 16 Fahrten, 54.10 EUR",2026-08-25,2026-11-23,STUDENT
2440,K-002440,Gelegenheitsnutzer,Anlass schaffen: Wetter-/Veranstaltungshinweis,"recency 14 d, 5 Fahrten, 9.35 EUR",2026-08-25,2026-11-23,OEPNV
2441,K-002441,Gelegenheitsnutzer,Anlass schaffen: Wetter-/Veranstaltungshinweis,"recency 43 d, 3 Fahrten, 4.40 EUR",2026-08-25,2026-11-23,BASIS
2442,K-002442,Gelegenheitsnutzer,Anlass schaffen: Wetter-/Veranstaltungshinweis,"recency 7 d, 10 Fahrten, 9.60 EUR",2026-08-25,2026-11-23,STUDENT
2443,K-002443,Gelegenheitsnutzer,Anlass schaffen: Wetter-/Veranstaltungshinweis,"recency 64 d, 5 Fahrten, 10.90 EUR",2026-08-25,2026-11-23,BASIS
2444,K-002444,"Früher aktiv, jetzt inaktiv",Rückgewinnung: was hat gefehlt?,"seit 1824 Tagen angemeldet, keine Fahrt im 365-Tage-Fenster",2026-08-25,2026-11-23,BASIS
2445,K-002445,Gelegenheitsnutzer,Anlass schaffen: Wetter-/Veranstaltungshinweis,"recency 0 d, 11 Fahrten, 6.70 EUR",2026-08-25,2026-11-23,OEPNV
2446,K-002446,Gelegenheitsnutzer,Anlass schaffen: Wetter-/Veranstaltungshinweis,"recency 4 d, 4 Fahrten, 4.20 EUR",2026-08-25,2026-11-23,OEPNV
2447,K-002447,Gelegenheitsnutzer,Anlass schaffen: Wetter-/Veranstaltungshinweis,"recency 26 d, 9 Fahrten, 18.20 EUR",2026-08-25,2026-11-23,OEPNV
2448,K-002448,Gelegenheitsnutzer,Anlass schaffen: Wetter-/Veranstaltungshinweis,"recency 30 d, 4 Fahrten, 17.50 EUR",2026-08-25,2026-11-23,BASIS
2449,K-002449,"Früher aktiv, jetzt inaktiv",Rückgewinnung: was hat gefehlt?,"seit 1120 Tagen angemeldet, keine Fahrt im 365-Tage-Fenster",2026-08-25,2026-11-23,OEPNV
2450,K-002450,Gelegenheitsnutzer,Anlass schaffen: Wetter-/Veranstaltungshinweis,"recency 8 d, 9 Fahrten, 6.30 EUR",2026-08-25,2026-11-23,STUDENT
2451,K-002451,"Früher aktiv, jetzt inaktiv",Rückgewinnung: was hat gefehlt?,"seit 558 Tagen angemeldet, keine Fahrt im 365-Tage-Fenster",2026-08-25,2026-11-23,BASIS
2452,K-002452,"Früher aktiv, jetzt inaktiv",Rückgewinnung: was hat gefehlt?,"seit 1827 Tagen angemeldet, keine Fahrt im 365-Tage-Fenster",2026-08-25,2026-11-23,BASIS
2453,K-002453,Vielfahrer,"Bindung halten — und je Tarif prüfen, ob das Freiminutenvolumen nötig ist","recency 11 d, 14 Fahrten, 7.04 EUR",2026-08-25,2026-11-23,PREMIUM
2454,K-002454,Gelegenheitsnutzer,Anlass schaffen: Wetter-/Veranstaltungshinweis,"recency 69 d, 6 Fahrten, 6.20 EUR",2026-08-25,2026-11-23,STUDENT
2455,K-002455,Gelegenheitsnutzer,Anlass schaffen: Wetter-/Veranstaltungshinweis,"recency 127 d, 1 Fahrten, 0.90 EUR",2026-08-25,2026-11-23,BASIS
2456,K-002456,Umsatzträger,nicht anfassen: sie tragen den Umsatz,"recency 22 d, 5 Fahrten, 53.30 EUR",2026-08-25,2026-11-23,BASIS
2457,K-002457,Gelegenheitsnutzer,Anlass schaffen: Wetter-/Veranstaltungshinweis,"recency 43 d, 2 Fahrten, 12.15 EUR",2026-08-25,2026-11-23,BASIS
2458,K-002458,Vielfahrer,"Bindung halten — und je Tarif prüfen, ob das Freiminutenvolumen nötig ist","recency 14 d, 17 Fahrten, 38.00 EUR",2026-08-25,2026-11-23,OEPNV
2459,K-002459,Gelegenheitsnutzer,Anlass schaffen: Wetter-/Veranstaltungshinweis,"recency 9 d, 4 Fahrten, 20.50 EUR",2026-08-25,2026-11-23,BASIS
2460,K-002460,Vielfahrer,"Bindung halten — und je Tarif prüfen, ob das Freiminutenvolumen nötig ist","recency 26 d, 19 Fahrten, 72.50 EUR",2026-08-25,2026-11-23,BASIS
2461,K-002461,Eingeschlafen,Rückgewinnung: einmalig Freiminuten,"recency 299 d, 2 Fahrten, 4.75 EUR",2026-08-25,2026-11-23,STUDENT
2462,K-002462,Eingeschlafen,Rückgewinnung: einmalig Freiminuten,"recency 307 d, 1 Fahrten, 5.25 EUR",2026-08-25,2026-11-23,BASIS
2463,K-002463,Eingeschlafen,Rückgewinnung: einmalig Freiminuten,"recency 282 d, 1 Fahrten, 0.10 EUR",2026-08-25,2026-11-23,STUDENT
2464,K-002464,"Neu, noch keine Erstfahrt",Willkommensansprache zur Erstfahrt,"seit 336 Tagen angemeldet, keine Fahrt im 365-Tage-Fenster",2026-08-25,2026-11-23,BASIS
2465,K-002465,Gelegenheitsnutzer,Anlass schaffen: Wetter-/Veranstaltungshinweis,"recency 26 d, 4 Fahrten, 14.00 EUR",2026-08-25,2026-11-23,BASIS
2466,K-002466,Vielfahrer,"Bindung halten — und je Tarif prüfen, ob das Freiminutenvolumen nötig ist","recency 16 d, 27 Fahrten, 100.35 EUR",2026-08-25,2026-11-23,BASIS
2467,K-002467,Eingeschlafen,Rückgewinnung: einmalig Freiminuten,"recency 178 d, 1 Fahrten, 0.10 EUR",2026-08-25,2026-11-23,STUDENT
2468,K-002468,"Früher aktiv, jetzt inaktiv",Rückgewinnung: was hat gefehlt?,"seit 391 Tagen angemeldet, keine Fahrt im 365-Tage-Fenster",2026-08-25,2026-11-23,BASIS
2469,K-002469,Eingeschlafen,Rückgewinnung: einmalig Freiminuten,"recency 216 d, 3 Fahrten, 0.30 EUR",2026-08-25,2026-11-23,STUDENT
2470,K-002470,"Früher aktiv, jetzt inaktiv",Rückgewinnung: was hat gefehlt?,"seit 1338 Tagen angemeldet, keine Fahrt im 365-Tage-Fenster",2026-08-25,2026-11-23,OEPNV
2472,K-002472,Gelegenheitsnutzer,Anlass schaffen: Wetter-/Veranstaltungshinweis,"recency 17 d, 12 Fahrten, 8.64 EUR",2026-08-25,2026-11-23,PREMIUM
2474,K-002474,Vielfahrer,"Bindung halten — und je Tarif prüfen, ob das Freiminutenvolumen nötig ist","recency 4 d, 18 Fahrten, 5.76 EUR",2026-08-25,2026-11-23,PREMIUM
2475,K-002475,"Früher aktiv, jetzt inaktiv",Rückgewinnung: was hat gefehlt?,"seit 590 Tagen angemeldet, keine Fahrt im 365-Tage-Fenster",2026-08-25,2026-11-23,BASIS
2476,K-002476,Gelegenheitsnutzer,Anlass schaffen: Wetter-/Veranstaltungshinweis,"recency 123 d, 2 Fahrten, 10.90 EUR",2026-08-25,2026-11-23,BASIS
2477,K-002477,Eingeschlafen,Rückgewinnung: einmalig Freiminuten,"recency 259 d, 2 Fahrten, 15.50 EUR",2026-08-25,2026-11-23,BASIS
2478,K-002478,"Früher aktiv, jetzt inaktiv",Rückgewinnung: was hat gefehlt?,"seit 1459 Tagen angemeldet, keine Fahrt im 365-Tage-Fenster",2026-08-25,2026-11-23,OEPNV
2479,K-002479,Gelegenheitsnutzer,Anlass schaffen: Wetter-/Veranstaltungshinweis,"recency 75 d, 2 Fahrten, 8.90 EUR",2026-08-25,2026-11-23,BASIS
2480,K-002480,Gelegenheitsnutzer,Anlass schaffen: Wetter-/Veranstaltungshinweis,"recency 87 d, 1 Fahrten, 6.00 EUR",2026-08-25,2026-11-23,BASIS
2482,K-002482,Gelegenheitsnutzer,Anlass schaffen: Wetter-/Veranstaltungshinweis,"recency 58 d, 3 Fahrten, 3.55 EUR",2026-08-25,2026-11-23,BASIS
2483,K-002483,"Früher aktiv, jetzt inaktiv",Rückgewinnung: was hat gefehlt?,"seit 1803 Tagen angemeldet, keine Fahrt im 365-Tage-Fenster",2026-08-25,2026-11-23,BASIS
2484,K-002484,Gelegenheitsnutzer,Anlass schaffen: Wetter-/Veranstaltungshinweis,"recency 47 d, 8 Fahrten, 5.30 EUR",2026-08-25,2026-11-23,OEPNV
2485,K-002485,Gelegenheitsnutzer,Anlass schaffen: Wetter-/Veranstaltungshinweis,"recency 13 d, 7 Fahrten, 4.70 EUR",2026-08-25,2026-11-23,STUDENT
2486,K-002486,Vielfahrer,"Bindung halten — und je Tarif prüfen, ob das Freiminutenvolumen nötig ist","recency 14 d, 21 Fahrten, 169.15 EUR",2026-08-25,2026-11-23,OEPNV
2487,K-002487,Umsatzträger,nicht anfassen: sie tragen den Umsatz,"recency 43 d, 8 Fahrten, 42.35 EUR",2026-08-25,2026-11-23,BASIS
2488,K-002488,Gelegenheitsnutzer,Anlass schaffen: Wetter-/Veranstaltungshinweis,"recency 40 d, 4 Fahrten, 2.20 EUR",2026-08-25,2026-11-23,STUDENT
2489,K-002489,Gelegenheitsnutzer,Anlass schaffen: Wetter-/Veranstaltungshinweis,"recency 46 d, 7 Fahrten, 7.65 EUR",2026-08-25,2026-11-23,OEPNV
2490,K-002490,Gelegenheitsnutzer,Anlass schaffen: Wetter-/Veranstaltungshinweis,"recency 7 d, 8 Fahrten, 5.84 EUR",2026-08-25,2026-11-23,PREMIUM
2491,K-002491,Gelegenheitsnutzer,Anlass schaffen: Wetter-/Veranstaltungshinweis,"recency 4 d, 8 Fahrten, 10.90 EUR",2026-08-25,2026-11-23,STUDENT
2492,K-002492,Gelegenheitsnutzer,Anlass schaffen: Wetter-/Veranstaltungshinweis,"recency 17 d, 8 Fahrten, 20.45 EUR",2026-08-25,2026-11-23,BASIS
2493,K-002493,Gelegenheitsnutzer,Anlass schaffen: Wetter-/Veranstaltungshinweis,"recency 3 d, 11 Fahrten, 14.45 EUR",2026-08-25,2026-11-23,STUDENT
2494,K-002494,Umsatzträger,nicht anfassen: sie tragen den Umsatz,"recency 18 d, 9 Fahrten, 43.10 EUR",2026-08-25,2026-11-23,BASIS
2495,K-002495,"Früher aktiv, jetzt inaktiv",Rückgewinnung: was hat gefehlt?,"seit 1560 Tagen angemeldet, keine Fahrt im 365-Tage-Fenster",2026-08-25,2026-11-23,BASIS
2496,K-002496,"Früher aktiv, jetzt inaktiv",Rückgewinnung: was hat gefehlt?,"seit 1816 Tagen angemeldet, keine Fahrt im 365-Tage-Fenster",2026-08-25,2026-11-23,BASIS
2497,K-002497,"Früher aktiv, jetzt inaktiv",Rückgewinnung: was hat gefehlt?,"seit 1823 Tagen angemeldet, keine Fahrt im 365-Tage-Fenster",2026-08-25,2026-11-23,BASIS
2498,K-002498,"Früher aktiv, jetzt inaktiv",Rückgewinnung: was hat gefehlt?,"seit 1698 Tagen angemeldet, keine Fahrt im 365-Tage-Fenster",2026-08-25,2026-11-23,OEPNV
2499,K-002499,"Früher aktiv, jetzt inaktiv",Rückgewinnung: was hat gefehlt?,"seit 833 Tagen angemeldet, keine Fahrt im 365-Tage-Fenster",2026-08-25,2026-11-23,BASIS
2501,K-002501,Gelegenheitsnutzer,Anlass schaffen: Wetter-/Veranstaltungshinweis,"recency 16 d, 2 Fahrten, 1.60 EUR",2026-08-25,2026-11-23,PREMIUM
2502,K-002502,Vielfahrer,"Bindung halten — und je Tarif prüfen, ob das Freiminutenvolumen nötig ist","recency 4 d, 15 Fahrten, 11.35 EUR",2026-08-25,2026-11-23,STUDENT
2503,K-002503,Gelegenheitsnutzer,Anlass schaffen: Wetter-/Veranstaltungshinweis,"recency 43 d, 2 Fahrten, 0.16 EUR",2026-08-25,2026-11-23,PREMIUM
2504,K-002504,Gelegenheitsnutzer,Anlass schaffen: Wetter-/Veranstaltungshinweis,"recency 48 d, 2 Fahrten, 16.70 EUR",2026-08-25,2026-11-23,BASIS
2505,K-002505,"Früher aktiv, jetzt inaktiv",Rückgewinnung: was hat gefehlt?,"seit 697 Tagen angemeldet, keine Fahrt im 365-Tage-Fenster",2026-08-25,2026-11-23,OEPNV
2506,K-002506,"Neu, noch keine Erstfahrt",Willkommensansprache zur Erstfahrt,"seit 41 Tagen angemeldet, keine Fahrt im 365-Tage-Fenster",2026-08-25,2026-11-23,BASIS
2507,K-002507,Vielfahrer,"Bindung halten — und je Tarif prüfen, ob das Freiminutenvolumen nötig ist","recency 12 d, 21 Fahrten, 7.52 EUR",2026-08-25,2026-11-23,PREMIUM
2508,K-002508,"Früher aktiv, jetzt inaktiv",Rückgewinnung: was hat gefehlt?,"seit 1529 Tagen angemeldet, keine Fahrt im 365-Tage-Fenster",2026-08-25,2026-11-23,BASIS
2509,K-002509,Eingeschlafen,Rückgewinnung: einmalig Freiminuten,"recency 253 d, 1 Fahrten, 11.50 EUR",2026-08-25,2026-11-23,BASIS
2510,K-002510,Vielfahrer,"Bindung halten — und je Tarif prüfen, ob das Freiminutenvolumen nötig ist","recency 8 d, 47 Fahrten, 118.15 EUR",2026-08-25,2026-11-23,OEPNV
2512,K-002512,Vielfahrer,"Bindung halten — und je Tarif prüfen, ob das Freiminutenvolumen nötig ist","recency 12 d, 20 Fahrten, 23.40 EUR",2026-08-25,2026-11-23,OEPNV
2513,K-002513,"Früher aktiv, jetzt inaktiv",Rückgewinnung: was hat gefehlt?,"seit 1816 Tagen angemeldet, keine Fahrt im 365-Tage-Fenster",2026-08-25,2026-11-23,STUDENT
2514,K-002514,Umsatzträger,nicht anfassen: sie tragen den Umsatz,"recency 2 d, 4 Fahrten, 30.65 EUR",2026-08-25,2026-11-23,BASIS
2515,K-002515,"Früher aktiv, jetzt inaktiv",Rückgewinnung: was hat gefehlt?,"seit 448 Tagen angemeldet, keine Fahrt im 365-Tage-Fenster",2026-08-25,2026-11-23,BASIS
2516,K-002516,"Neu, noch keine Erstfahrt",Willkommensansprache zur Erstfahrt,"seit 116 Tagen angemeldet, keine Fahrt im 365-Tage-Fenster",2026-08-25,2026-11-23,BASIS
2517,K-002517,"Früher aktiv, jetzt inaktiv",Rückgewinnung: was hat gefehlt?,"seit 650 Tagen angemeldet, keine Fahrt im 365-Tage-Fenster",2026-08-25,2026-11-23,BASIS
2518,K-002518,Gelegenheitsnutzer,Anlass schaffen: Wetter-/Veranstaltungshinweis,"recency 2 d, 3 Fahrten, 18.15 EUR",2026-08-25,2026-11-23,BASIS
2519,K-002519,"Früher aktiv, jetzt inaktiv",Rückgewinnung: was hat gefehlt?,"seit 1481 Tagen angemeldet, keine Fahrt im 365-Tage-Fenster",2026-08-25,2026-11-23,BASIS
2520,K-002520,Gelegenheitsnutzer,Anlass schaffen: Wetter-/Veranstaltungshinweis,"recency 51 d, 3 Fahrten, 19.90 EUR",2026-08-25,2026-11-23,BASIS
2521,K-002521,Umsatzträger,nicht anfassen: sie tragen den Umsatz,"recency 8 d, 5 Fahrten, 35.70 EUR",2026-08-25,2026-11-23,BASIS
2522,K-002522,"Früher aktiv, jetzt inaktiv",Rückgewinnung: was hat gefehlt?,"seit 641 Tagen angemeldet, keine Fahrt im 365-Tage-Fenster",2026-08-25,2026-11-23,BASIS
2523,K-002523,Umsatzträger,nicht anfassen: sie tragen den Umsatz,"recency 50 d, 6 Fahrten, 49.30 EUR",2026-08-25,2026-11-23,BASIS
2524,K-002524,"Neu, noch keine Erstfahrt",Willkommensansprache zur Erstfahrt,"seit 59 Tagen angemeldet, keine Fahrt im 365-Tage-Fenster",2026-08-25,2026-11-23,BASIS
2525,K-002525,Eingeschlafen,Rückgewinnung: einmalig Freiminuten,"recency 316 d, 2 Fahrten, 5.20 EUR",2026-08-25,2026-11-23,BASIS
2526,K-002526,Gelegenheitsnutzer,Anlass schaffen: Wetter-/Veranstaltungshinweis,"recency 28 d, 3 Fahrten, 9.05 EUR",2026-08-25,2026-11-23,BASIS
2527,K-002527,"Früher aktiv, jetzt inaktiv",Rückgewinnung: was hat gefehlt?,"seit 903 Tagen angemeldet, keine Fahrt im 365-Tage-Fenster",2026-08-25,2026-11-23,BASIS
2528,K-002528,"Früher aktiv, jetzt inaktiv",Rückgewinnung: was hat gefehlt?,"seit 1547 Tagen angemeldet, keine Fahrt im 365-Tage-Fenster",2026-08-25,2026-11-23,BASIS
2529,K-002529,Gelegenheitsnutzer,Anlass schaffen: Wetter-/Veranstaltungshinweis,"recency 33 d, 11 Fahrten, 6.00 EUR",2026-08-25,2026-11-23,OEPNV
2530,K-002530,Eingeschlafen,Rückgewinnung: einmalig Freiminuten,"recency 259 d, 1 Fahrten, 36.00 EUR",2026-08-25,2026-11-23,BASIS
2531,K-002531,"Früher aktiv, jetzt inaktiv",Rückgewinnung: was hat gefehlt?,"seit 1801 Tagen angemeldet, keine Fahrt im 365-Tage-Fenster",2026-08-25,2026-11-23,BASIS
2532,K-002532,Vielfahrer,"Bindung halten — und je Tarif prüfen, ob das Freiminutenvolumen nötig ist","recency 18 d, 19 Fahrten, 100.05 EUR",2026-08-25,2026-11-23,BASIS
2534,K-002534,Gelegenheitsnutzer,Anlass schaffen: Wetter-/Veranstaltungshinweis,"recency 24 d, 9 Fahrten, 4.40 EUR",2026-08-25,2026-11-23,PREMIUM
2535,K-002535,Gelegenheitsnutzer,Anlass schaffen: Wetter-/Veranstaltungshinweis,"recency 39 d, 11 Fahrten, 6.40 EUR",2026-08-25,2026-11-23,OEPNV
2537,K-002537,Gelegenheitsnutzer,Anlass schaffen: Wetter-/Veranstaltungshinweis,"recency 42 d, 7 Fahrten, 15.15 EUR",2026-08-25,2026-11-23,BASIS
2538,K-002538,Vielfahrer,"Bindung halten — und je Tarif prüfen, ob das Freiminutenvolumen nötig ist","recency 0 d, 20 Fahrten, 21.00 EUR",2026-08-25,2026-11-23,OEPNV
2539,K-002539,Gelegenheitsnutzer,Anlass schaffen: Wetter-/Veranstaltungshinweis,"recency 24 d, 10 Fahrten, 9.55 EUR",2026-08-25,2026-11-23,STUDENT
2541,K-002541,Vielfahrer,"Bindung halten — und je Tarif prüfen, ob das Freiminutenvolumen nötig ist","recency 4 d, 13 Fahrten, 10.50 EUR",2026-08-25,2026-11-23,OEPNV
2542,K-002542,Gelegenheitsnutzer,Anlass schaffen: Wetter-/Veranstaltungshinweis,"recency 1 d, 10 Fahrten, 8.60 EUR",2026-08-25,2026-11-23,OEPNV
2543,K-002543,Gelegenheitsnutzer,Anlass schaffen: Wetter-/Veranstaltungshinweis,"recency 24 d, 12 Fahrten, 8.30 EUR",2026-08-25,2026-11-23,STUDENT
2544,K-002544,"Früher aktiv, jetzt inaktiv",Rückgewinnung: was hat gefehlt?,"seit 472 Tagen angemeldet, keine Fahrt im 365-Tage-Fenster",2026-08-25,2026-11-23,BASIS
2545,K-002545,Gelegenheitsnutzer,Anlass schaffen: Wetter-/Veranstaltungshinweis,"recency 7 d, 11 Fahrten, 8.60 EUR",2026-08-25,2026-11-23,OEPNV
2546,K-002546,Gelegenheitsnutzer,Anlass schaffen: Wetter-/Veranstaltungshinweis,"recency 47 d, 10 Fahrten, 4.00 EUR",2026-08-25,2026-11-23,STUDENT
2547,K-002547,"Früher aktiv, jetzt inaktiv",Rückgewinnung: was hat gefehlt?,"seit 1055 Tagen angemeldet, keine Fahrt im 365-Tage-Fenster",2026-08-25,2026-11-23,BASIS
2548,K-002548,"Früher aktiv, jetzt inaktiv",Rückgewinnung: was hat gefehlt?,"seit 1186 Tagen angemeldet, keine Fahrt im 365-Tage-Fenster",2026-08-25,2026-11-23,BASIS
2549,K-002549,"Neu, noch keine Erstfahrt",Willkommensansprache zur Erstfahrt,"seit 193 Tagen angemeldet, keine Fahrt im 365-Tage-Fenster",2026-08-25,2026-11-23,BASIS
2550,K-002550,Vielfahrer,"Bindung halten — und je Tarif prüfen, ob das Freiminutenvolumen nötig ist","recency 2 d, 33 Fahrten, 42.40 EUR",2026-08-25,2026-11-23,OEPNV
2551,K-002551,"Neu, noch keine Erstfahrt",Willkommensansprache zur Erstfahrt,"seit 232 Tagen angemeldet, keine Fahrt im 365-Tage-Fenster",2026-08-25,2026-11-23,BASIS
2553,K-002553,Gelegenheitsnutzer,Anlass schaffen: Wetter-/Veranstaltungshinweis,"recency 11 d, 4 Fahrten, 13.80 EUR",2026-08-25,2026-11-23,BASIS
2554,K-002554,"Neu, noch keine Erstfahrt",Willkommensansprache zur Erstfahrt,"seit 181 Tagen angemeldet, keine Fahrt im 365-Tage-Fenster",2026-08-25,2026-11-23,BASIS
2555,K-002555,Gelegenheitsnutzer,Anlass schaffen: Wetter-/Veranstaltungshinweis,"recency 41 d, 6 Fahrten, 4.10 EUR",2026-08-25,2026-11-23,STUDENT
2556,K-002556,"Früher aktiv, jetzt inaktiv",Rückgewinnung: was hat gefehlt?,"seit 1602 Tagen angemeldet, keine Fahrt im 365-Tage-Fenster",2026-08-25,2026-11-23,BASIS
2557,K-002557,Gelegenheitsnutzer,Anlass schaffen: Wetter-/Veranstaltungshinweis,"recency 106 d, 3 Fahrten, 10.30 EUR",2026-08-25,2026-11-23,BASIS
2558,K-002558,Gelegenheitsnutzer,Anlass schaffen: Wetter-/Veranstaltungshinweis,"recency 22 d, 6 Fahrten, 9.90 EUR",2026-08-25,2026-11-23,OEPNV
2559,K-002559,Gelegenheitsnutzer,Anlass schaffen: Wetter-/Veranstaltungshinweis,"recency 49 d, 5 Fahrten, 25.50 EUR",2026-08-25,2026-11-23,STUDENT
2560,K-002560,Vielfahrer,"Bindung halten — und je Tarif prüfen, ob das Freiminutenvolumen nötig ist","recency 1 d, 32 Fahrten, 19.04 EUR",2026-08-25,2026-11-23,PREMIUM
2561,K-002561,Vielfahrer,"Bindung halten — und je Tarif prüfen, ob das Freiminutenvolumen nötig ist","recency 9 d, 33 Fahrten, 19.36 EUR",2026-08-25,2026-11-23,PREMIUM
2562,K-002562,"Früher aktiv, jetzt inaktiv",Rückgewinnung: was hat gefehlt?,"seit 790 Tagen angemeldet, keine Fahrt im 365-Tage-Fenster",2026-08-25,2026-11-23,BASIS
2563,K-002563,Vielfahrer,"Bindung halten — und je Tarif prüfen, ob das Freiminutenvolumen nötig ist","recency 29 d, 13 Fahrten, 8.64 EUR",2026-08-25,2026-11-23,PREMIUM
2564,K-002564,Eingeschlafen,Rückgewinnung: einmalig Freiminuten,"recency 328 d, 1 Fahrten, 5.25 EUR",2026-08-25,2026-11-23,BASIS
2565,K-002565,Vielfahrer,"Bindung halten — und je Tarif prüfen, ob das Freiminutenvolumen nötig ist","recency 7 d, 18 Fahrten, 9.44 EUR",2026-08-25,2026-11-23,PREMIUM
2566,K-002566,"Früher aktiv, jetzt inaktiv",Rückgewinnung: was hat gefehlt?,"seit 1151 Tagen angemeldet, keine Fahrt im 365-Tage-Fenster",2026-08-25,2026-11-23,STUDENT
2567,K-002567,Vielfahrer,"Bindung halten — und je Tarif prüfen, ob das Freiminutenvolumen nötig ist","recency 18 d, 14 Fahrten, 32.25 EUR",2026-08-25,2026-11-23,STUDENT
2568,K-002568,Gelegenheitsnutzer,Anlass schaffen: Wetter-/Veranstaltungshinweis,"recency 64 d, 5 Fahrten, 1.84 EUR",2026-08-25,2026-11-23,PREMIUM
2569,K-002569,Umsatzträger,nicht anfassen: sie tragen den Umsatz,"recency 13 d, 5 Fahrten, 30.60 EUR",2026-08-25,2026-11-23,BASIS
2570,K-002570,"Neu, noch keine Erstfahrt",Willkommensansprache zur Erstfahrt,"seit 202 Tagen angemeldet, keine Fahrt im 365-Tage-Fenster",2026-08-25,2026-11-23,BASIS
2571,K-002571,Umsatzträger,nicht anfassen: sie tragen den Umsatz,"recency 7 d, 12 Fahrten, 156.35 EUR",2026-08-25,2026-11-23,BASIS
2572,K-002572,"Früher aktiv, jetzt inaktiv",Rückgewinnung: was hat gefehlt?,"seit 1097 Tagen angemeldet, keine Fahrt im 365-Tage-Fenster",2026-08-25,2026-11-23,BASIS
2573,K-002573,Vielfahrer,"Bindung halten — und je Tarif prüfen, ob das Freiminutenvolumen nötig ist","recency 10 d, 39 Fahrten, 34.88 EUR",2026-08-25,2026-11-23,PREMIUM
2574,K-002574,Vielfahrer,"Bindung halten — und je Tarif prüfen, ob das Freiminutenvolumen nötig ist","recency 35 d, 16 Fahrten, 7.84 EUR",2026-08-25,2026-11-23,PREMIUM
2575,K-002575,Gelegenheitsnutzer,Anlass schaffen: Wetter-/Veranstaltungshinweis,"recency 65 d, 2 Fahrten, 3.30 EUR",2026-08-25,2026-11-23,BASIS
2576,K-002576,"Früher aktiv, jetzt inaktiv",Rückgewinnung: was hat gefehlt?,"seit 1816 Tagen angemeldet, keine Fahrt im 365-Tage-Fenster",2026-08-25,2026-11-23,BASIS
2577,K-002577,Gelegenheitsnutzer,Anlass schaffen: Wetter-/Veranstaltungshinweis,"recency 2 d, 5 Fahrten, 22.70 EUR",2026-08-25,2026-11-23,BASIS
2578,K-002578,"Neu, noch keine Erstfahrt",Willkommensansprache zur Erstfahrt,"seit 221 Tagen angemeldet, keine Fahrt im 365-Tage-Fenster",2026-08-25,2026-11-23,BASIS
2579,K-002579,"Früher aktiv, jetzt inaktiv",Rückgewinnung: was hat gefehlt?,"seit 1469 Tagen angemeldet, keine Fahrt im 365-Tage-Fenster",2026-08-25,2026-11-23,BASIS
2580,K-002580,Vielfahrer,"Bindung halten — und je Tarif prüfen, ob das Freiminutenvolumen nötig ist","recency 17 d, 37 Fahrten, 29.44 EUR",2026-08-25,2026-11-23,PREMIUM
2581,K-002581,Eingeschlafen,Rückgewinnung: einmalig Freiminuten,"recency 310 d, 1 Fahrten, 1.00 EUR",2026-08-25,2026-11-23,BASIS
2582,K-002582,"Früher aktiv, jetzt inaktiv",Rückgewinnung: was hat gefehlt?,"seit 730 Tagen angemeldet, keine Fahrt im 365-Tage-Fenster",2026-08-25,2026-11-23,BASIS
2583,K-002583,Eingeschlafen,Rückgewinnung: einmalig Freiminuten,"recency 179 d, 1 Fahrten, 2.25 EUR",2026-08-25,2026-11-23,BASIS
2584,K-002584,Vielfahrer,"Bindung halten — und je Tarif prüfen, ob das Freiminutenvolumen nötig ist","recency 7 d, 14 Fahrten, 11.00 EUR",2026-08-25,2026-11-23,STUDENT
2586,K-002586,Vielfahrer,"Bindung halten — und je Tarif prüfen, ob das Freiminutenvolumen nötig ist","recency 10 d, 27 Fahrten, 45.50 EUR",2026-08-25,2026-11-23,OEPNV
2587,K-002587,"Früher aktiv, jetzt inaktiv",Rückgewinnung: was hat gefehlt?,"seit 1819 Tagen angemeldet, keine Fahrt im 365-Tage-Fenster",2026-08-25,2026-11-23,BASIS
2588,K-002588,Eingeschlafen,Rückgewinnung: einmalig Freiminuten,"recency 313 d, 1 Fahrten, 3.25 EUR",2026-08-25,2026-11-23,BASIS
2589,K-002589,Umsatzträger,nicht anfassen: sie tragen den Umsatz,"recency 30 d, 7 Fahrten, 96.60 EUR",2026-08-25,2026-11-23,BASIS
2590,K-002590,"Früher aktiv, jetzt inaktiv",Rückgewinnung: was hat gefehlt?,"seit 1431 Tagen angemeldet, keine Fahrt im 365-Tage-Fenster",2026-08-25,2026-11-23,BASIS
2591,K-002591,Umsatzträger,nicht anfassen: sie tragen den Umsatz,"recency 11 d, 12 Fahrten, 45.25 EUR",2026-08-25,2026-11-23,BASIS
2592,K-002592,"Früher aktiv, jetzt inaktiv",Rückgewinnung: was hat gefehlt?,"seit 1318 Tagen angemeldet, keine Fahrt im 365-Tage-Fenster",2026-08-25,2026-11-23,PREMIUM
2593,K-002593,Vielfahrer,"Bindung halten — und je Tarif prüfen, ob das Freiminutenvolumen nötig ist","recency 3 d, 13 Fahrten, 29.90 EUR",2026-08-25,2026-11-23,STUDENT
2594,K-002594,Vielfahrer,"Bindung halten — und je Tarif prüfen, ob das Freiminutenvolumen nötig ist","recency 4 d, 24 Fahrten, 15.28 EUR",2026-08-25,2026-11-23,PREMIUM
2595,K-002595,Gelegenheitsnutzer,Anlass schaffen: Wetter-/Veranstaltungshinweis,"recency 131 d, 3 Fahrten, 2.48 EUR",2026-08-25,2026-11-23,PREMIUM
2596,K-002596,Gelegenheitsnutzer,Anlass schaffen: Wetter-/Veranstaltungshinweis,"recency 84 d, 5 Fahrten, 9.70 EUR",2026-08-25,2026-11-23,STUDENT
2597,K-002597,"Neu, noch keine Erstfahrt",Willkommensansprache zur Erstfahrt,"seit 137 Tagen angemeldet, keine Fahrt im 365-Tage-Fenster",2026-08-25,2026-11-23,BASIS
2598,K-002598,"Früher aktiv, jetzt inaktiv",Rückgewinnung: was hat gefehlt?,"seit 1827 Tagen angemeldet, keine Fahrt im 365-Tage-Fenster",2026-08-25,2026-11-23,BASIS
2599,K-002599,Gelegenheitsnutzer,Anlass schaffen: Wetter-/Veranstaltungshinweis,"recency 1 d, 4 Fahrten, 2.76 EUR",2026-08-25,2026-11-23,PREMIUM
2600,K-002600,Umsatzträger,nicht anfassen: sie tragen den Umsatz,"recency 43 d, 9 Fahrten, 52.75 EUR",2026-08-25,2026-11-23,BASIS
2601,K-002601,Umsatzträger,nicht anfassen: sie tragen den Umsatz,"recency 47 d, 9 Fahrten, 32.15 EUR",2026-08-25,2026-11-23,STUDENT
2602,K-002602,Umsatzträger,nicht anfassen: sie tragen den Umsatz,"recency 13 d, 11 Fahrten, 38.55 EUR",2026-08-25,2026-11-23,BASIS
2603,K-002603,"Früher aktiv, jetzt inaktiv",Rückgewinnung: was hat gefehlt?,"seit 1753 Tagen angemeldet, keine Fahrt im 365-Tage-Fenster",2026-08-25,2026-11-23,BASIS
2604,K-002604,"Neu, noch keine Erstfahrt",Willkommensansprache zur Erstfahrt,"seit 64 Tagen angemeldet, keine Fahrt im 365-Tage-Fenster",2026-08-25,2026-11-23,BASIS
2605,K-002605,"Früher aktiv, jetzt inaktiv",Rückgewinnung: was hat gefehlt?,"seit 1111 Tagen angemeldet, keine Fahrt im 365-Tage-Fenster",2026-08-25,2026-11-23,BASIS
2606,K-002606,Gelegenheitsnutzer,Anlass schaffen: Wetter-/Veranstaltungshinweis,"recency 51 d, 5 Fahrten, 21.55 EUR",2026-08-25,2026-11-23,BASIS
2607,K-002607,"Früher aktiv, jetzt inaktiv",Rückgewinnung: was hat gefehlt?,"seit 732 Tagen angemeldet, keine Fahrt im 365-Tage-Fenster",2026-08-25,2026-11-23,STUDENT
2608,K-002608,"Früher aktiv, jetzt inaktiv",Rückgewinnung: was hat gefehlt?,"seit 534 Tagen angemeldet, keine Fahrt im 365-Tage-Fenster",2026-08-25,2026-11-23,BASIS
2609,K-002609,Eingeschlafen,Rückgewinnung: einmalig Freiminuten,"recency 169 d, 2 Fahrten, 5.20 EUR",2026-08-25,2026-11-23,BASIS
2610,K-002610,Gelegenheitsnutzer,Anlass schaffen: Wetter-/Veranstaltungshinweis,"recency 10 d, 12 Fahrten, 9.35 EUR",2026-08-25,2026-11-23,STUDENT
2611,K-002611,"Neu, noch keine Erstfahrt",Willkommensansprache zur Erstfahrt,"seit 50 Tagen angemeldet, keine Fahrt im 365-Tage-Fenster",2026-08-25,2026-11-23,BASIS
2612,K-002612,"Früher aktiv, jetzt inaktiv",Rückgewinnung: was hat gefehlt?,"seit 1302 Tagen angemeldet, keine Fahrt im 365-Tage-Fenster",2026-08-25,2026-11-23,BASIS
2613,K-002613,Gelegenheitsnutzer,Anlass schaffen: Wetter-/Veranstaltungshinweis,"recency 52 d, 7 Fahrten, 9.40 EUR",2026-08-25,2026-11-23,STUDENT
2614,K-002614,Gelegenheitsnutzer,Anlass schaffen: Wetter-/Veranstaltungshinweis,"recency 43 d, 3 Fahrten, 10.10 EUR",2026-08-25,2026-11-23,BASIS
2615,K-002615,Gelegenheitsnutzer,Anlass schaffen: Wetter-/Veranstaltungshinweis,"recency 135 d, 2 Fahrten, 9.10 EUR",2026-08-25,2026-11-23,BASIS
2616,K-002616,Vielfahrer,"Bindung halten — und je Tarif prüfen, ob das Freiminutenvolumen nötig ist","recency 8 d, 17 Fahrten, 7.20 EUR",2026-08-25,2026-11-23,PREMIUM
2617,K-002617,"Neu, noch keine Erstfahrt",Willkommensansprache zur Erstfahrt,"seit 103 Tagen angemeldet, keine Fahrt im 365-Tage-Fenster",2026-08-25,2026-11-23,BASIS
2618,K-002618,Vielfahrer,"Bindung halten — und je Tarif prüfen, ob das Freiminutenvolumen nötig ist","recency 126 d, 14 Fahrten, 23.20 EUR",2026-08-25,2026-11-23,OEPNV
2619,K-002619,Eingeschlafen,Rückgewinnung: einmalig Freiminuten,"recency 330 d, 2 Fahrten, 1.10 EUR",2026-08-25,2026-11-23,OEPNV
2620,K-002620,"Neu, noch keine Erstfahrt",Willkommensansprache zur Erstfahrt,"seit 296 Tagen angemeldet, keine Fahrt im 365-Tage-Fenster",2026-08-25,2026-11-23,BASIS
2621,K-002621,Gelegenheitsnutzer,Anlass schaffen: Wetter-/Veranstaltungshinweis,"recency 53 d, 3 Fahrten, 3.00 EUR",2026-08-25,2026-11-23,OEPNV
2622,K-002622,Gelegenheitsnutzer,Anlass schaffen: Wetter-/Veranstaltungshinweis,"recency 64 d, 1 Fahrten, 2.75 EUR",2026-08-25,2026-11-23,BASIS
2623,K-002623,"Früher aktiv, jetzt inaktiv",Rückgewinnung: was hat gefehlt?,"seit 1528 Tagen angemeldet, keine Fahrt im 365-Tage-Fenster",2026-08-25,2026-11-23,STUDENT
2624,K-002624,Vielfahrer,"Bindung halten — und je Tarif prüfen, ob das Freiminutenvolumen nötig ist","recency 11 d, 23 Fahrten, 10.64 EUR",2026-08-25,2026-11-23,PREMIUM
2625,K-002625,"Früher aktiv, jetzt inaktiv",Rückgewinnung: was hat gefehlt?,"seit 1518 Tagen angemeldet, keine Fahrt im 365-Tage-Fenster",2026-08-25,2026-11-23,OEPNV
2626,K-002626,Gelegenheitsnutzer,Anlass schaffen: Wetter-/Veranstaltungshinweis,"recency 79 d, 1 Fahrten, 1.75 EUR",2026-08-25,2026-11-23,BASIS
2627,K-002627,"Früher aktiv, jetzt inaktiv",Rückgewinnung: was hat gefehlt?,"seit 1815 Tagen angemeldet, keine Fahrt im 365-Tage-Fenster",2026-08-25,2026-11-23,BASIS
2628,K-002628,Gelegenheitsnutzer,Anlass schaffen: Wetter-/Veranstaltungshinweis,"recency 52 d, 2 Fahrten, 17.70 EUR",2026-08-25,2026-11-23,BASIS
2629,K-002629,"Neu, noch keine Erstfahrt",Willkommensansprache zur Erstfahrt,"seit 249 Tagen angemeldet, keine Fahrt im 365-Tage-Fenster",2026-08-25,2026-11-23,BASIS
2630,K-002630,Gelegenheitsnutzer,Anlass schaffen: Wetter-/Veranstaltungshinweis,"recency 34 d, 7 Fahrten, 18.70 EUR",2026-08-25,2026-11-23,BASIS
2631,K-002631,Gelegenheitsnutzer,Anlass schaffen: Wetter-/Veranstaltungshinweis,"recency 44 d, 3 Fahrten, 3.10 EUR",2026-08-25,2026-11-23,OEPNV
2632,K-002632,"Früher aktiv, jetzt inaktiv",Rückgewinnung: was hat gefehlt?,"seit 1328 Tagen angemeldet, keine Fahrt im 365-Tage-Fenster",2026-08-25,2026-11-23,BASIS
2633,K-002633,Gelegenheitsnutzer,Anlass schaffen: Wetter-/Veranstaltungshinweis,"recency 113 d, 1 Fahrten, 1.10 EUR",2026-08-25,2026-11-23,BASIS
2634,K-002634,Vielfahrer,"Bindung halten — und je Tarif prüfen, ob das Freiminutenvolumen nötig ist","recency 26 d, 24 Fahrten, 17.60 EUR",2026-08-25,2026-11-23,OEPNV
2636,K-002636,Gelegenheitsnutzer,Anlass schaffen: Wetter-/Veranstaltungshinweis,"recency 3 d, 8 Fahrten, 5.00 EUR",2026-08-25,2026-11-23,STUDENT
2637,K-002637,Gelegenheitsnutzer,Anlass schaffen: Wetter-/Veranstaltungshinweis,"recency 78 d, 2 Fahrten, 5.00 EUR",2026-08-25,2026-11-23,BASIS
2638,K-002638,Vielfahrer,"Bindung halten — und je Tarif prüfen, ob das Freiminutenvolumen nötig ist","recency 16 d, 19 Fahrten, 8.24 EUR",2026-08-25,2026-11-23,PREMIUM
2640,K-002640,Vielfahrer,"Bindung halten — und je Tarif prüfen, ob das Freiminutenvolumen nötig ist","recency 26 d, 16 Fahrten, 6.32 EUR",2026-08-25,2026-11-23,PREMIUM
2641,K-002641,Gelegenheitsnutzer,Anlass schaffen: Wetter-/Veranstaltungshinweis,"recency 53 d, 6 Fahrten, 3.40 EUR",2026-08-25,2026-11-23,STUDENT
2642,K-002642,Vielfahrer,"Bindung halten — und je Tarif prüfen, ob das Freiminutenvolumen nötig ist","recency 17 d, 24 Fahrten, 16.30 EUR",2026-08-25,2026-11-23,OEPNV
2643,K-002643,Vielfahrer,"Bindung halten — und je Tarif prüfen, ob das Freiminutenvolumen nötig ist","recency 7 d, 18 Fahrten, 13.45 EUR",2026-08-25,2026-11-23,OEPNV
2644,K-002644,Gelegenheitsnutzer,Anlass schaffen: Wetter-/Veranstaltungshinweis,"recency 91 d, 1 Fahrten, 2.50 EUR",2026-08-25,2026-11-23,BASIS
2645,K-002645,Vielfahrer,"Bindung halten — und je Tarif prüfen, ob das Freiminutenvolumen nötig ist","recency 8 d, 16 Fahrten, 33.55 EUR",2026-08-25,2026-11-23,STUDENT
2646,K-002646,Gelegenheitsnutzer,Anlass schaffen: Wetter-/Veranstaltungshinweis,"recency 42 d, 11 Fahrten, 6.80 EUR",2026-08-25,2026-11-23,PREMIUM
2647,K-002647,Vielfahrer,"Bindung halten — und je Tarif prüfen, ob das Freiminutenvolumen nötig ist","recency 0 d, 31 Fahrten, 87.65 EUR",2026-08-25,2026-11-23,BASIS
2648,K-002648,Gelegenheitsnutzer,Anlass schaffen: Wetter-/Veranstaltungshinweis,"recency 54 d, 5 Fahrten, 3.30 EUR",2026-08-25,2026-11-23,OEPNV
2649,K-002649,Vielfahrer,"Bindung halten — und je Tarif prüfen, ob das Freiminutenvolumen nötig ist","recency 3 d, 22 Fahrten, 23.35 EUR",2026-08-25,2026-11-23,OEPNV
2650,K-002650,Vielfahrer,"Bindung halten — und je Tarif prüfen, ob das Freiminutenvolumen nötig ist","recency 6 d, 29 Fahrten, 39.20 EUR",2026-08-25,2026-11-23,OEPNV
2652,K-002652,Vielfahrer,"Bindung halten — und je Tarif prüfen, ob das Freiminutenvolumen nötig ist","recency 12 d, 17 Fahrten, 35.96 EUR",2026-08-25,2026-11-23,PREMIUM
2653,K-002653,Vielfahrer,"Bindung halten — und je Tarif prüfen, ob das Freiminutenvolumen nötig ist","recency 11 d, 44 Fahrten, 80.65 EUR",2026-08-25,2026-11-23,OEPNV
2654,K-002654,Gelegenheitsnutzer,Anlass schaffen: Wetter-/Veranstaltungshinweis,"recency 20 d, 6 Fahrten, 16.60 EUR",2026-08-25,2026-11-23,BASIS
2655,K-002655,Gelegenheitsnutzer,Anlass schaffen: Wetter-/Veranstaltungshinweis,"recency 51 d, 3 Fahrten, 10.75 EUR",2026-08-25,2026-11-23,BASIS
2656,K-002656,Umsatzträger,nicht anfassen: sie tragen den Umsatz,"recency 44 d, 8 Fahrten, 40.45 EUR",2026-08-25,2026-11-23,BASIS
2657,K-002657,"Früher aktiv, jetzt inaktiv",Rückgewinnung: was hat gefehlt?,"seit 1813 Tagen angemeldet, keine Fahrt im 365-Tage-Fenster",2026-08-25,2026-11-23,BASIS
2658,K-002658,Gelegenheitsnutzer,Anlass schaffen: Wetter-/Veranstaltungshinweis,"recency 6 d, 3 Fahrten, 2.90 EUR",2026-08-25,2026-11-23,STUDENT
2659,K-002659,Gelegenheitsnutzer,Anlass schaffen: Wetter-/Veranstaltungshinweis,"recency 57 d, 6 Fahrten, 22.10 EUR",2026-08-25,2026-11-23,STUDENT
2660,K-002660,Gelegenheitsnutzer,Anlass schaffen: Wetter-/Veranstaltungshinweis,"recency 9 d, 2 Fahrten, 11.65 EUR",2026-08-25,2026-11-23,BASIS
2661,K-002661,Vielfahrer,"Bindung halten — und je Tarif prüfen, ob das Freiminutenvolumen nötig ist","recency 0 d, 22 Fahrten, 11.28 EUR",2026-08-25,2026-11-23,PREMIUM
2662,K-002662,Vielfahrer,"Bindung halten — und je Tarif prüfen, ob das Freiminutenvolumen nötig ist","recency 40 d, 26 Fahrten, 80.00 EUR",2026-08-25,2026-11-23,OEPNV
2663,K-002663,Eingeschlafen,Rückgewinnung: einmalig Freiminuten,"recency 295 d, 1 Fahrten, 2.80 EUR",2026-08-25,2026-11-23,BASIS
2664,K-002664,Gelegenheitsnutzer,Anlass schaffen: Wetter-/Veranstaltungshinweis,"recency 123 d, 5 Fahrten, 4.90 EUR",2026-08-25,2026-11-23,OEPNV
2665,K-002665,Gelegenheitsnutzer,Anlass schaffen: Wetter-/Veranstaltungshinweis,"recency 26 d, 5 Fahrten, 19.85 EUR",2026-08-25,2026-11-23,BASIS
2666,K-002666,Gelegenheitsnutzer,Anlass schaffen: Wetter-/Veranstaltungshinweis,"recency 100 d, 1 Fahrten, 0.70 EUR",2026-08-25,2026-11-23,BASIS
2667,K-002667,Umsatzträger,nicht anfassen: sie tragen den Umsatz,"recency 8 d, 7 Fahrten, 32.95 EUR",2026-08-25,2026-11-23,BASIS
2668,K-002668,Gelegenheitsnutzer,Anlass schaffen: Wetter-/Veranstaltungshinweis,"recency 43 d, 5 Fahrten, 23.30 EUR",2026-08-25,2026-11-23,BASIS
2669,K-002669,"Neu, noch keine Erstfahrt",Willkommensansprache zur Erstfahrt,"seit 72 Tagen angemeldet, keine Fahrt im 365-Tage-Fenster",2026-08-25,2026-11-23,BASIS
2670,K-002670,Gelegenheitsnutzer,Anlass schaffen: Wetter-/Veranstaltungshinweis,"recency 57 d, 3 Fahrten, 8.20 EUR",2026-08-25,2026-11-23,BASIS
2673,K-002673,"Früher aktiv, jetzt inaktiv",Rückgewinnung: was hat gefehlt?,"seit 585 Tagen angemeldet, keine Fahrt im 365-Tage-Fenster",2026-08-25,2026-11-23,BASIS
2674,K-002674,Vielfahrer,"Bindung halten — und je Tarif prüfen, ob das Freiminutenvolumen nötig ist","recency 30 d, 13 Fahrten, 13.60 EUR",2026-08-25,2026-11-23,STUDENT
2675,K-002675,Vielfahrer,"Bindung halten — und je Tarif prüfen, ob das Freiminutenvolumen nötig ist","recency 4 d, 28 Fahrten, 30.50 EUR",2026-08-25,2026-11-23,OEPNV
2676,K-002676,"Früher aktiv, jetzt inaktiv",Rückgewinnung: was hat gefehlt?,"seit 658 Tagen angemeldet, keine Fahrt im 365-Tage-Fenster",2026-08-25,2026-11-23,BASIS
2677,K-002677,Gelegenheitsnutzer,Anlass schaffen: Wetter-/Veranstaltungshinweis,"recency 50 d, 2 Fahrten, 0.16 EUR",2026-08-25,2026-11-23,PREMIUM
2678,K-002678,Gelegenheitsnutzer,Anlass schaffen: Wetter-/Veranstaltungshinweis,"recency 78 d, 1 Fahrten, 2.10 EUR",2026-08-25,2026-11-23,BASIS
2679,K-002679,Vielfahrer,"Bindung halten — und je Tarif prüfen, ob das Freiminutenvolumen nötig ist","recency 0 d, 19 Fahrten, 50.60 EUR",2026-08-25,2026-11-23,OEPNV
2680,K-002680,"Früher aktiv, jetzt inaktiv",Rückgewinnung: was hat gefehlt?,"seit 849 Tagen angemeldet, keine Fahrt im 365-Tage-Fenster",2026-08-25,2026-11-23,BASIS
2681,K-002681,"Früher aktiv, jetzt inaktiv",Rückgewinnung: was hat gefehlt?,"seit 1644 Tagen angemeldet, keine Fahrt im 365-Tage-Fenster",2026-08-25,2026-11-23,BASIS
2683,K-002683,Gelegenheitsnutzer,Anlass schaffen: Wetter-/Veranstaltungshinweis,"recency 100 d, 1 Fahrten, 1.30 EUR",2026-08-25,2026-11-23,BASIS
2684,K-002684,"Neu, noch keine Erstfahrt",Willkommensansprache zur Erstfahrt,"seit 114 Tagen angemeldet, keine Fahrt im 365-Tage-Fenster",2026-08-25,2026-11-23,BASIS
2685,K-002685,"Früher aktiv, jetzt inaktiv",Rückgewinnung: was hat gefehlt?,"seit 1078 Tagen angemeldet, keine Fahrt im 365-Tage-Fenster",2026-08-25,2026-11-23,BASIS
2686,K-002686,Vielfahrer,"Bindung halten — und je Tarif prüfen, ob das Freiminutenvolumen nötig ist","recency 14 d, 41 Fahrten, 35.56 EUR",2026-08-25,2026-11-23,PREMIUM
2687,K-002687,Gelegenheitsnutzer,Anlass schaffen: Wetter-/Veranstaltungshinweis,"recency 58 d, 1 Fahrten, 14.50 EUR",2026-08-25,2026-11-23,BASIS
2688,K-002688,"Früher aktiv, jetzt inaktiv",Rückgewinnung: was hat gefehlt?,"seit 1799 Tagen angemeldet, keine Fahrt im 365-Tage-Fenster",2026-08-25,2026-11-23,BASIS
2689,K-002689,"Früher aktiv, jetzt inaktiv",Rückgewinnung: was hat gefehlt?,"seit 1138 Tagen angemeldet, keine Fahrt im 365-Tage-Fenster",2026-08-25,2026-11-23,BASIS
2690,K-002690,Gelegenheitsnutzer,Anlass schaffen: Wetter-/Veranstaltungshinweis,"recency 58 d, 1 Fahrten, 3.50 EUR",2026-08-25,2026-11-23,BASIS
2691,K-002691,Vielfahrer,"Bindung halten — und je Tarif prüfen, ob das Freiminutenvolumen nötig ist","recency 15 d, 22 Fahrten, 8.40 EUR",2026-08-25,2026-11-23,PREMIUM
2692,K-002692,Gelegenheitsnutzer,Anlass schaffen: Wetter-/Veranstaltungshinweis,"recency 43 d, 4 Fahrten, 6.30 EUR",2026-08-25,2026-11-23,BASIS
2693,K-002693,Gelegenheitsnutzer,Anlass schaffen: Wetter-/Veranstaltungshinweis,"recency 143 d, 3 Fahrten, 4.00 EUR",2026-08-25,2026-11-23,STUDENT
2694,K-002694,Gelegenheitsnutzer,Anlass schaffen: Wetter-/Veranstaltungshinweis,"recency 36 d, 6 Fahrten, 8.35 EUR",2026-08-25,2026-11-23,BASIS
2695,K-002695,Eingeschlafen,Rückgewinnung: einmalig Freiminuten,"recency 338 d, 1 Fahrten, 1.20 EUR",2026-08-25,2026-11-23,BASIS
2696,K-002696,"Neu, noch keine Erstfahrt",Willkommensansprache zur Erstfahrt,"seit 364 Tagen angemeldet, keine Fahrt im 365-Tage-Fenster",2026-08-25,2026-11-23,STUDENT
2697,K-002697,"Neu, noch keine Erstfahrt",Willkommensansprache zur Erstfahrt,"seit 40 Tagen angemeldet, keine Fahrt im 365-Tage-Fenster",2026-08-25,2026-11-23,BASIS
2698,K-002698,"Neu, noch keine Erstfahrt",Willkommensansprache zur Erstfahrt,"seit 79 Tagen angemeldet, keine Fahrt im 365-Tage-Fenster",2026-08-25,2026-11-23,BASIS
2699,K-002699,Gelegenheitsnutzer,Anlass schaffen: Wetter-/Veranstaltungshinweis,"recency 92 d, 1 Fahrten, 3.25 EUR",2026-08-25,2026-11-23,BASIS
2700,K-002700,"Neu, noch keine Erstfahrt",Willkommensansprache zur Erstfahrt,"seit 181 Tagen angemeldet, keine Fahrt im 365-Tage-Fenster",2026-08-25,2026-11-23,BASIS
2702,K-002702,"Früher aktiv, jetzt inaktiv",Rückgewinnung: was hat gefehlt?,"seit 1671 Tagen angemeldet, keine Fahrt im 365-Tage-Fenster",2026-08-25,2026-11-23,BASIS
2703,K-002703,Gelegenheitsnutzer,Anlass schaffen: Wetter-/Veranstaltungshinweis,"recency 30 d, 1 Fahrten, 2.25 EUR",2026-08-25,2026-11-23,BASIS
2704,K-002704,Gelegenheitsnutzer,Anlass schaffen: Wetter-/Veranstaltungshinweis,"recency 21 d, 3 Fahrten, 10.90 EUR",2026-08-25,2026-11-23,BASIS
2705,K-002705,Vielfahrer,"Bindung halten — und je Tarif prüfen, ob das Freiminutenvolumen nötig ist","recency 0 d, 24 Fahrten, 11.44 EUR",2026-08-25,2026-11-23,PREMIUM
2706,K-002706,"Früher aktiv, jetzt inaktiv",Rückgewinnung: was hat gefehlt?,"seit 940 Tagen angemeldet, keine Fahrt im 365-Tage-Fenster",2026-08-25,2026-11-23,BASIS
2707,K-002707,Umsatzträger,nicht anfassen: sie tragen den Umsatz,"recency 30 d, 11 Fahrten, 36.70 EUR",2026-08-25,2026-11-23,OEPNV
2708,K-002708,"Früher aktiv, jetzt inaktiv",Rückgewinnung: was hat gefehlt?,"seit 1312 Tagen angemeldet, keine Fahrt im 365-Tage-Fenster",2026-08-25,2026-11-23,BASIS
2709,K-002709,Gelegenheitsnutzer,Anlass schaffen: Wetter-/Veranstaltungshinweis,"recency 28 d, 4 Fahrten, 1.04 EUR",2026-08-25,2026-11-23,PREMIUM
2710,K-002710,Vielfahrer,"Bindung halten — und je Tarif prüfen, ob das Freiminutenvolumen nötig ist","recency 13 d, 19 Fahrten, 9.52 EUR",2026-08-25,2026-11-23,PREMIUM
2711,K-002711,Eingeschlafen,Rückgewinnung: einmalig Freiminuten,"recency 295 d, 1 Fahrten, 1.50 EUR",2026-08-25,2026-11-23,BASIS
2712,K-002712,Vielfahrer,"Bindung halten — und je Tarif prüfen, ob das Freiminutenvolumen nötig ist","recency 8 d, 18 Fahrten, 153.55 EUR",2026-08-25,2026-11-23,STUDENT
2713,K-002713,"Früher aktiv, jetzt inaktiv",Rückgewinnung: was hat gefehlt?,"seit 509 Tagen angemeldet, keine Fahrt im 365-Tage-Fenster",2026-08-25,2026-11-23,BASIS
2715,K-002715,Gelegenheitsnutzer,Anlass schaffen: Wetter-/Veranstaltungshinweis,"recency 30 d, 3 Fahrten, 14.70 EUR",2026-08-25,2026-11-23,BASIS
2716,K-002716,"Früher aktiv, jetzt inaktiv",Rückgewinnung: was hat gefehlt?,"seit 1586 Tagen angemeldet, keine Fahrt im 365-Tage-Fenster",2026-08-25,2026-11-23,BASIS
2718,K-002718,Gelegenheitsnutzer,Anlass schaffen: Wetter-/Veranstaltungshinweis,"recency 57 d, 5 Fahrten, 16.20 EUR",2026-08-25,2026-11-23,BASIS
2719,K-002719,Vielfahrer,"Bindung halten — und je Tarif prüfen, ob das Freiminutenvolumen nötig ist","recency 4 d, 32 Fahrten, 210.65 EUR",2026-08-25,2026-11-23,BASIS
2720,K-002720,Gelegenheitsnutzer,Anlass schaffen: Wetter-/Veranstaltungshinweis,"recency 38 d, 12 Fahrten, 7.20 EUR",2026-08-25,2026-11-23,OEPNV
2721,K-002721,Gelegenheitsnutzer,Anlass schaffen: Wetter-/Veranstaltungshinweis,"recency 37 d, 6 Fahrten, 1.20 EUR",2026-08-25,2026-11-23,PREMIUM
2722,K-002722,Umsatzträger,nicht anfassen: sie tragen den Umsatz,"recency 1 d, 9 Fahrten, 64.25 EUR",2026-08-25,2026-11-23,BASIS
2723,K-002723,Vielfahrer,"Bindung halten — und je Tarif prüfen, ob das Freiminutenvolumen nötig ist","recency 45 d, 16 Fahrten, 96.90 EUR",2026-08-25,2026-11-23,BASIS
2724,K-002724,Umsatzträger,nicht anfassen: sie tragen den Umsatz,"recency 10 d, 12 Fahrten, 39.75 EUR",2026-08-25,2026-11-23,BASIS
2725,K-002725,Gelegenheitsnutzer,Anlass schaffen: Wetter-/Veranstaltungshinweis,"recency 78 d, 7 Fahrten, 6.56 EUR",2026-08-25,2026-11-23,PREMIUM
2726,K-002726,"Früher aktiv, jetzt inaktiv",Rückgewinnung: was hat gefehlt?,"seit 645 Tagen angemeldet, keine Fahrt im 365-Tage-Fenster",2026-08-25,2026-11-23,BASIS
2727,K-002727,"Neu, noch keine Erstfahrt",Willkommensansprache zur Erstfahrt,"seit 106 Tagen angemeldet, keine Fahrt im 365-Tage-Fenster",2026-08-25,2026-11-23,BASIS
2728,K-002728,Vielfahrer,"Bindung halten — und je Tarif prüfen, ob das Freiminutenvolumen nötig ist","recency 18 d, 33 Fahrten, 125.15 EUR",2026-08-25,2026-11-23,BASIS
2729,K-002729,Vielfahrer,"Bindung halten — und je Tarif prüfen, ob das Freiminutenvolumen nötig ist","recency 22 d, 34 Fahrten, 137.30 EUR",2026-08-25,2026-11-23,BASIS
2730,K-002730,Gelegenheitsnutzer,Anlass schaffen: Wetter-/Veranstaltungshinweis,"recency 50 d, 3 Fahrten, 9.40 EUR",2026-08-25,2026-11-23,BASIS
2731,K-002731,Gelegenheitsnutzer,Anlass schaffen: Wetter-/Veranstaltungshinweis,"recency 15 d, 2 Fahrten, 2.90 EUR",2026-08-25,2026-11-23,BASIS
2732,K-002732,Vielfahrer,"Bindung halten — und je Tarif prüfen, ob das Freiminutenvolumen nötig ist","recency 10 d, 40 Fahrten, 63.35 EUR",2026-08-25,2026-11-23,OEPNV
2733,K-002733,Gelegenheitsnutzer,Anlass schaffen: Wetter-/Veranstaltungshinweis,"recency 53 d, 4 Fahrten, 15.05 EUR",2026-08-25,2026-11-23,BASIS
2735,K-002735,Gelegenheitsnutzer,Anlass schaffen: Wetter-/Veranstaltungshinweis,"recency 50 d, 2 Fahrten, 0.16 EUR",2026-08-25,2026-11-23,PREMIUM
2736,K-002736,"Neu, noch keine Erstfahrt",Willkommensansprache zur Erstfahrt,"seit 212 Tagen angemeldet, keine Fahrt im 365-Tage-Fenster",2026-08-25,2026-11-23,BASIS
2737,K-002737,Vielfahrer,"Bindung halten — und je Tarif prüfen, ob das Freiminutenvolumen nötig ist","recency 8 d, 35 Fahrten, 26.24 EUR",2026-08-25,2026-11-23,PREMIUM
2738,K-002738,Gelegenheitsnutzer,Anlass schaffen: Wetter-/Veranstaltungshinweis,"recency 7 d, 8 Fahrten, 2.60 EUR",2026-08-25,2026-11-23,OEPNV
2739,K-002739,Gelegenheitsnutzer,Anlass schaffen: Wetter-/Veranstaltungshinweis,"recency 0 d, 11 Fahrten, 25.00 EUR",2026-08-25,2026-11-23,BASIS
2740,K-002740,Vielfahrer,"Bindung halten — und je Tarif prüfen, ob das Freiminutenvolumen nötig ist","recency 7 d, 28 Fahrten, 19.60 EUR",2026-08-25,2026-11-23,PREMIUM
2741,K-002741,Gelegenheitsnutzer,Anlass schaffen: Wetter-/Veranstaltungshinweis,"recency 10 d, 7 Fahrten, 22.25 EUR",2026-08-25,2026-11-23,STUDENT
2742,K-002742,Gelegenheitsnutzer,Anlass schaffen: Wetter-/Veranstaltungshinweis,"recency 8 d, 8 Fahrten, 5.20 EUR",2026-08-25,2026-11-23,STUDENT
2743,K-002743,Vielfahrer,"Bindung halten — und je Tarif prüfen, ob das Freiminutenvolumen nötig ist","recency 17 d, 15 Fahrten, 3.36 EUR",2026-08-25,2026-11-23,PREMIUM
2744,K-002744,Gelegenheitsnutzer,Anlass schaffen: Wetter-/Veranstaltungshinweis,"recency 24 d, 5 Fahrten, 4.30 EUR",2026-08-25,2026-11-23,OEPNV
2745,K-002745,"Neu, noch keine Erstfahrt",Willkommensansprache zur Erstfahrt,"seit 178 Tagen angemeldet, keine Fahrt im 365-Tage-Fenster",2026-08-25,2026-11-23,OEPNV
2746,K-002746,"Neu, noch keine Erstfahrt",Willkommensansprache zur Erstfahrt,"seit 335 Tagen angemeldet, keine Fahrt im 365-Tage-Fenster",2026-08-25,2026-11-23,STUDENT
2747,K-002747,Eingeschlafen,Rückgewinnung: einmalig Freiminuten,"recency 352 d, 1 Fahrten, 1.00 EUR",2026-08-25,2026-11-23,BASIS
2748,K-002748,Eingeschlafen,Rückgewinnung: einmalig Freiminuten,"recency 218 d, 1 Fahrten, 2.40 EUR",2026-08-25,2026-11-23,BASIS
2749,K-002749,"Neu, noch keine Erstfahrt",Willkommensansprache zur Erstfahrt,"seit 145 Tagen angemeldet, keine Fahrt im 365-Tage-Fenster",2026-08-25,2026-11-23,BASIS
2750,K-002750,Vielfahrer,"Bindung halten — und je Tarif prüfen, ob das Freiminutenvolumen nötig ist","recency 24 d, 26 Fahrten, 16.44 EUR",2026-08-25,2026-11-23,PREMIUM
2751,K-002751,Gelegenheitsnutzer,Anlass schaffen: Wetter-/Veranstaltungshinweis,"recency 18 d, 11 Fahrten, 4.56 EUR",2026-08-25,2026-11-23,PREMIUM
2752,K-002752,Umsatzträger,nicht anfassen: sie tragen den Umsatz,"recency 9 d, 12 Fahrten, 44.20 EUR",2026-08-25,2026-11-23,BASIS
2753,K-002753,"Früher aktiv, jetzt inaktiv",Rückgewinnung: was hat gefehlt?,"seit 1536 Tagen angemeldet, keine Fahrt im 365-Tage-Fenster",2026-08-25,2026-11-23,BASIS
2754,K-002754,Gelegenheitsnutzer,Anlass schaffen: Wetter-/Veranstaltungshinweis,"recency 57 d, 2 Fahrten, 2.50 EUR",2026-08-25,2026-11-23,OEPNV
2755,K-002755,Eingeschlafen,Rückgewinnung: einmalig Freiminuten,"recency 320 d, 1 Fahrten, 2.25 EUR",2026-08-25,2026-11-23,BASIS
2756,K-002756,Umsatzträger,nicht anfassen: sie tragen den Umsatz,"recency 81 d, 7 Fahrten, 48.00 EUR",2026-08-25,2026-11-23,BASIS
2757,K-002757,Umsatzträger,nicht anfassen: sie tragen den Umsatz,"recency 61 d, 3 Fahrten, 30.10 EUR",2026-08-25,2026-11-23,STUDENT
2758,K-002758,Vielfahrer,"Bindung halten — und je Tarif prüfen, ob das Freiminutenvolumen nötig ist","recency 4 d, 35 Fahrten, 22.64 EUR",2026-08-25,2026-11-23,PREMIUM
2759,K-002759,Gelegenheitsnutzer,Anlass schaffen: Wetter-/Veranstaltungshinweis,"recency 43 d, 4 Fahrten, 14.40 EUR",2026-08-25,2026-11-23,BASIS
2760,K-002760,Gelegenheitsnutzer,Anlass schaffen: Wetter-/Veranstaltungshinweis,"recency 3 d, 8 Fahrten, 6.90 EUR",2026-08-25,2026-11-23,STUDENT
2761,K-002761,Umsatzträger,nicht anfassen: sie tragen den Umsatz,"recency 113 d, 1 Fahrten, 41.50 EUR",2026-08-25,2026-11-23,BASIS
2762,K-002762,"Früher aktiv, jetzt inaktiv",Rückgewinnung: was hat gefehlt?,"seit 1183 Tagen angemeldet, keine Fahrt im 365-Tage-Fenster",2026-08-25,2026-11-23,PREMIUM
2763,K-002763,Umsatzträger,nicht anfassen: sie tragen den Umsatz,"recency 16 d, 11 Fahrten, 88.80 EUR",2026-08-25,2026-11-23,BASIS
2764,K-002764,Gelegenheitsnutzer,Anlass schaffen: Wetter-/Veranstaltungshinweis,"recency 11 d, 12 Fahrten, 13.40 EUR",2026-08-25,2026-11-23,STUDENT
2765,K-002765,Vielfahrer,"Bindung halten — und je Tarif prüfen, ob das Freiminutenvolumen nötig ist","recency 9 d, 43 Fahrten, 177.60 EUR",2026-08-25,2026-11-23,BASIS
2766,K-002766,"Früher aktiv, jetzt inaktiv",Rückgewinnung: was hat gefehlt?,"seit 1235 Tagen angemeldet, keine Fahrt im 365-Tage-Fenster",2026-08-25,2026-11-23,BASIS
2767,K-002767,Vielfahrer,"Bindung halten — und je Tarif prüfen, ob das Freiminutenvolumen nötig ist","recency 0 d, 18 Fahrten, 64.55 EUR",2026-08-25,2026-11-23,BASIS
2768,K-002768,Umsatzträger,nicht anfassen: sie tragen den Umsatz,"recency 14 d, 10 Fahrten, 52.90 EUR",2026-08-25,2026-11-23,BASIS
2769,K-002769,Gelegenheitsnutzer,Anlass schaffen: Wetter-/Veranstaltungshinweis,"recency 34 d, 2 Fahrten, 3.10 EUR",2026-08-25,2026-11-23,BASIS
2770,K-002770,Vielfahrer,"Bindung halten — und je Tarif prüfen, ob das Freiminutenvolumen nötig ist","recency 26 d, 28 Fahrten, 95.70 EUR",2026-08-25,2026-11-23,OEPNV
2771,K-002771,"Neu, noch keine Erstfahrt",Willkommensansprache zur Erstfahrt,"seit 45 Tagen angemeldet, keine Fahrt im 365-Tage-Fenster",2026-08-25,2026-11-23,BASIS
2772,K-002772,Gelegenheitsnutzer,Anlass schaffen: Wetter-/Veranstaltungshinweis,"recency 26 d, 1 Fahrten, 0.80 EUR",2026-08-25,2026-11-23,PREMIUM
2773,K-002773,Umsatzträger,nicht anfassen: sie tragen den Umsatz,"recency 7 d, 5 Fahrten, 41.85 EUR",2026-08-25,2026-11-23,BASIS
2774,K-002774,"Neu, noch keine Erstfahrt",Willkommensansprache zur Erstfahrt,"seit 94 Tagen angemeldet, keine Fahrt im 365-Tage-Fenster",2026-08-25,2026-11-23,BASIS
2775,K-002775,Vielfahrer,"Bindung halten — und je Tarif prüfen, ob das Freiminutenvolumen nötig ist","recency 8 d, 30 Fahrten, 31.80 EUR",2026-08-25,2026-11-23,PREMIUM
2776,K-002776,Vielfahrer,"Bindung halten — und je Tarif prüfen, ob das Freiminutenvolumen nötig ist","recency 13 d, 28 Fahrten, 75.45 EUR",2026-08-25,2026-11-23,BASIS
2777,K-002777,Vielfahrer,"Bindung halten — und je Tarif prüfen, ob das Freiminutenvolumen nötig ist","recency 1 d, 42 Fahrten, 25.16 EUR",2026-08-25,2026-11-23,PREMIUM
2778,K-002778,Vielfahrer,"Bindung halten — und je Tarif prüfen, ob das Freiminutenvolumen nötig ist","recency 11 d, 38 Fahrten, 39.64 EUR",2026-08-25,2026-11-23,PREMIUM
2779,K-002779,"Früher aktiv, jetzt inaktiv",Rückgewinnung: was hat gefehlt?,"seit 1798 Tagen angemeldet, keine Fahrt im 365-Tage-Fenster",2026-08-25,2026-11-23,BASIS
2780,K-002780,Vielfahrer,"Bindung halten — und je Tarif prüfen, ob das Freiminutenvolumen nötig ist","recency 10 d, 13 Fahrten, 18.70 EUR",2026-08-25,2026-11-23,STUDENT
2781,K-002781,"Früher aktiv, jetzt inaktiv",Rückgewinnung: was hat gefehlt?,"seit 1198 Tagen angemeldet, keine Fahrt im 365-Tage-Fenster",2026-08-25,2026-11-23,BASIS
2782,K-002782,"Früher aktiv, jetzt inaktiv",Rückgewinnung: was hat gefehlt?,"seit 1158 Tagen angemeldet, keine Fahrt im 365-Tage-Fenster",2026-08-25,2026-11-23,BASIS
2783,K-002783,Gelegenheitsnutzer,Anlass schaffen: Wetter-/Veranstaltungshinweis,"recency 25 d, 5 Fahrten, 1.12 EUR",2026-08-25,2026-11-23,PREMIUM
2784,K-002784,Vielfahrer,"Bindung halten — und je Tarif prüfen, ob das Freiminutenvolumen nötig ist","recency 0 d, 30 Fahrten, 21.20 EUR",2026-08-25,2026-11-23,PREMIUM
2785,K-002785,Gelegenheitsnutzer,Anlass schaffen: Wetter-/Veranstaltungshinweis,"recency 43 d, 3 Fahrten, 19.20 EUR",2026-08-25,2026-11-23,BASIS
2786,K-002786,"Früher aktiv, jetzt inaktiv",Rückgewinnung: was hat gefehlt?,"seit 1511 Tagen angemeldet, keine Fahrt im 365-Tage-Fenster",2026-08-25,2026-11-23,BASIS
2787,K-002787,"Früher aktiv, jetzt inaktiv",Rückgewinnung: was hat gefehlt?,"seit 681 Tagen angemeldet, keine Fahrt im 365-Tage-Fenster",2026-08-25,2026-11-23,BASIS
2788,K-002788,Gelegenheitsnutzer,Anlass schaffen: Wetter-/Veranstaltungshinweis,"recency 17 d, 10 Fahrten, 7.80 EUR",2026-08-25,2026-11-23,OEPNV
2789,K-002789,"Früher aktiv, jetzt inaktiv",Rückgewinnung: was hat gefehlt?,"seit 1473 Tagen angemeldet, keine Fahrt im 365-Tage-Fenster",2026-08-25,2026-11-23,BASIS
2790,K-002790,"Neu, noch keine Erstfahrt",Willkommensansprache zur Erstfahrt,"seit 77 Tagen angemeldet, keine Fahrt im 365-Tage-Fenster",2026-08-25,2026-11-23,BASIS
2791,K-002791,Gelegenheitsnutzer,Anlass schaffen: Wetter-/Veranstaltungshinweis,"recency 8 d, 3 Fahrten, 26.50 EUR",2026-08-25,2026-11-23,BASIS
2792,K-002792,"Früher aktiv, jetzt inaktiv",Rückgewinnung: was hat gefehlt?,"seit 987 Tagen angemeldet, keine Fahrt im 365-Tage-Fenster",2026-08-25,2026-11-23,BASIS
2793,K-002793,"Früher aktiv, jetzt inaktiv",Rückgewinnung: was hat gefehlt?,"seit 1666 Tagen angemeldet, keine Fahrt im 365-Tage-Fenster",2026-08-25,2026-11-23,BASIS
2794,K-002794,Vielfahrer,"Bindung halten — und je Tarif prüfen, ob das Freiminutenvolumen nötig ist","recency 4 d, 40 Fahrten, 75.55 EUR",2026-08-25,2026-11-23,OEPNV
2795,K-002795,Gelegenheitsnutzer,Anlass schaffen: Wetter-/Veranstaltungshinweis,"recency 15 d, 2 Fahrten, 8.30 EUR",2026-08-25,2026-11-23,BASIS
2796,K-002796,Vielfahrer,"Bindung halten — und je Tarif prüfen, ob das Freiminutenvolumen nötig ist","recency 22 d, 13 Fahrten, 18.60 EUR",2026-08-25,2026-11-23,STUDENT
2797,K-002797,Vielfahrer,"Bindung halten — und je Tarif prüfen, ob das Freiminutenvolumen nötig ist","recency 6 d, 28 Fahrten, 30.72 EUR",2026-08-25,2026-11-23,PREMIUM
2798,K-002798,Gelegenheitsnutzer,Anlass schaffen: Wetter-/Veranstaltungshinweis,"recency 25 d, 8 Fahrten, 11.90 EUR",2026-08-25,2026-11-23,BASIS
2799,K-002799,Gelegenheitsnutzer,Anlass schaffen: Wetter-/Veranstaltungshinweis,"recency 52 d, 2 Fahrten, 1.68 EUR",2026-08-25,2026-11-23,PREMIUM
2800,K-002800,"Früher aktiv, jetzt inaktiv",Rückgewinnung: was hat gefehlt?,"seit 514 Tagen angemeldet, keine Fahrt im 365-Tage-Fenster",2026-08-25,2026-11-23,BASIS
2801,K-002801,Gelegenheitsnutzer,Anlass schaffen: Wetter-/Veranstaltungshinweis,"recency 9 d, 7 Fahrten, 20.20 EUR",2026-08-25,2026-11-23,BASIS
2802,K-002802,Eingeschlafen,Rückgewinnung: einmalig Freiminuten,"recency 315 d, 1 Fahrten, 0.10 EUR",2026-08-25,2026-11-23,OEPNV
2803,K-002803,Gelegenheitsnutzer,Anlass schaffen: Wetter-/Veranstaltungshinweis,"recency 99 d, 1 Fahrten, 5.50 EUR",2026-08-25,2026-11-23,BASIS
2804,K-002804,"Früher aktiv, jetzt inaktiv",Rückgewinnung: was hat gefehlt?,"seit 1333 Tagen angemeldet, keine Fahrt im 365-Tage-Fenster",2026-08-25,2026-11-23,BASIS
2805,K-002805,Gelegenheitsnutzer,Anlass schaffen: Wetter-/Veranstaltungshinweis,"recency 17 d, 6 Fahrten, 3.40 EUR",2026-08-25,2026-11-23,OEPNV
2806,K-002806,Umsatzträger,nicht anfassen: sie tragen den Umsatz,"recency 65 d, 9 Fahrten, 55.15 EUR",2026-08-25,2026-11-23,BASIS
2808,K-002808,Eingeschlafen,Rückgewinnung: einmalig Freiminuten,"recency 221 d, 3 Fahrten, 30.55 EUR",2026-08-25,2026-11-23,BASIS
2809,K-002809,Vielfahrer,"Bindung halten — und je Tarif prüfen, ob das Freiminutenvolumen nötig ist","recency 0 d, 16 Fahrten, 21.00 EUR",2026-08-25,2026-11-23,OEPNV
2810,K-002810,Gelegenheitsnutzer,Anlass schaffen: Wetter-/Veranstaltungshinweis,"recency 4 d, 2 Fahrten, 4.95 EUR",2026-08-25,2026-11-23,BASIS
2811,K-002811,"Früher aktiv, jetzt inaktiv",Rückgewinnung: was hat gefehlt?,"seit 1459 Tagen angemeldet, keine Fahrt im 365-Tage-Fenster",2026-08-25,2026-11-23,BASIS
2812,K-002812,Gelegenheitsnutzer,Anlass schaffen: Wetter-/Veranstaltungshinweis,"recency 9 d, 2 Fahrten, 1.70 EUR",2026-08-25,2026-11-23,BASIS
2813,K-002813,Gelegenheitsnutzer,Anlass schaffen: Wetter-/Veranstaltungshinweis,"recency 88 d, 2 Fahrten, 6.50 EUR",2026-08-25,2026-11-23,BASIS
2815,K-002815,Gelegenheitsnutzer,Anlass schaffen: Wetter-/Veranstaltungshinweis,"recency 0 d, 11 Fahrten, 16.75 EUR",2026-08-25,2026-11-23,STUDENT
2816,K-002816,"Neu, noch keine Erstfahrt",Willkommensansprache zur Erstfahrt,"seit 238 Tagen angemeldet, keine Fahrt im 365-Tage-Fenster",2026-08-25,2026-11-23,BASIS
2817,K-002817,Gelegenheitsnutzer,Anlass schaffen: Wetter-/Veranstaltungshinweis,"recency 141 d, 1 Fahrten, 5.00 EUR",2026-08-25,2026-11-23,BASIS
2818,K-002818,Gelegenheitsnutzer,Anlass schaffen: Wetter-/Veranstaltungshinweis,"recency 33 d, 7 Fahrten, 8.70 EUR",2026-08-25,2026-11-23,STUDENT
2819,K-002819,Gelegenheitsnutzer,Anlass schaffen: Wetter-/Veranstaltungshinweis,"recency 42 d, 4 Fahrten, 19.00 EUR",2026-08-25,2026-11-23,BASIS
2820,K-002820,Eingeschlafen,Rückgewinnung: einmalig Freiminuten,"recency 313 d, 1 Fahrten, 2.40 EUR",2026-08-25,2026-11-23,BASIS
2821,K-002821,Gelegenheitsnutzer,Anlass schaffen: Wetter-/Veranstaltungshinweis,"recency 25 d, 9 Fahrten, 29.45 EUR",2026-08-25,2026-11-23,BASIS
2822,K-002822,Gelegenheitsnutzer,Anlass schaffen: Wetter-/Veranstaltungshinweis,"recency 64 d, 10 Fahrten, 11.25 EUR",2026-08-25,2026-11-23,STUDENT
2823,K-002823,Vielfahrer,"Bindung halten — und je Tarif prüfen, ob das Freiminutenvolumen nötig ist","recency 10 d, 37 Fahrten, 49.80 EUR",2026-08-25,2026-11-23,OEPNV
2824,K-002824,Gelegenheitsnutzer,Anlass schaffen: Wetter-/Veranstaltungshinweis,"recency 18 d, 11 Fahrten, 24.70 EUR",2026-08-25,2026-11-23,STUDENT
2825,K-002825,Gelegenheitsnutzer,Anlass schaffen: Wetter-/Veranstaltungshinweis,"recency 51 d, 7 Fahrten, 5.04 EUR",2026-08-25,2026-11-23,PREMIUM
2826,K-002826,Gelegenheitsnutzer,Anlass schaffen: Wetter-/Veranstaltungshinweis,"recency 21 d, 12 Fahrten, 17.00 EUR",2026-08-25,2026-11-23,STUDENT
2827,K-002827,Gelegenheitsnutzer,Anlass schaffen: Wetter-/Veranstaltungshinweis,"recency 49 d, 2 Fahrten, 3.60 EUR",2026-08-25,2026-11-23,BASIS
2828,K-002828,Vielfahrer,"Bindung halten — und je Tarif prüfen, ob das Freiminutenvolumen nötig ist","recency 0 d, 19 Fahrten, 27.90 EUR",2026-08-25,2026-11-23,OEPNV
2829,K-002829,Umsatzträger,nicht anfassen: sie tragen den Umsatz,"recency 21 d, 12 Fahrten, 33.65 EUR",2026-08-25,2026-11-23,STUDENT
2830,K-002830,Gelegenheitsnutzer,Anlass schaffen: Wetter-/Veranstaltungshinweis,"recency 8 d, 6 Fahrten, 22.30 EUR",2026-08-25,2026-11-23,BASIS
2831,K-002831,Gelegenheitsnutzer,Anlass schaffen: Wetter-/Veranstaltungshinweis,"recency 1 d, 8 Fahrten, 6.48 EUR",2026-08-25,2026-11-23,PREMIUM
2832,K-002832,"Früher aktiv, jetzt inaktiv",Rückgewinnung: was hat gefehlt?,"seit 1817 Tagen angemeldet, keine Fahrt im 365-Tage-Fenster",2026-08-25,2026-11-23,STUDENT
2833,K-002833,Vielfahrer,"Bindung halten — und je Tarif prüfen, ob das Freiminutenvolumen nötig ist","recency 5 d, 28 Fahrten, 77.50 EUR",2026-08-25,2026-11-23,OEPNV
2834,K-002834,Gelegenheitsnutzer,Anlass schaffen: Wetter-/Veranstaltungshinweis,"recency 12 d, 8 Fahrten, 3.52 EUR",2026-08-25,2026-11-23,PREMIUM
2835,K-002835,"Neu, noch keine Erstfahrt",Willkommensansprache zur Erstfahrt,"seit 178 Tagen angemeldet, keine Fahrt im 365-Tage-Fenster",2026-08-25,2026-11-23,BASIS
2836,K-002836,Gelegenheitsnutzer,Anlass schaffen: Wetter-/Veranstaltungshinweis,"recency 91 d, 2 Fahrten, 1.10 EUR",2026-08-25,2026-11-23,OEPNV
2838,K-002838,Gelegenheitsnutzer,Anlass schaffen: Wetter-/Veranstaltungshinweis,"recency 3 d, 7 Fahrten, 5.95 EUR",2026-08-25,2026-11-23,OEPNV
2839,K-002839,Gelegenheitsnutzer,Anlass schaffen: Wetter-/Veranstaltungshinweis,"recency 65 d, 5 Fahrten, 15.00 EUR",2026-08-25,2026-11-23,BASIS
2840,K-002840,Umsatzträger,nicht anfassen: sie tragen den Umsatz,"recency 58 d, 4 Fahrten, 46.45 EUR",2026-08-25,2026-11-23,BASIS
2841,K-002841,Gelegenheitsnutzer,Anlass schaffen: Wetter-/Veranstaltungshinweis,"recency 42 d, 1 Fahrten, 0.10 EUR",2026-08-25,2026-11-23,STUDENT
2842,K-002842,Umsatzträger,nicht anfassen: sie tragen den Umsatz,"recency 51 d, 9 Fahrten, 45.30 EUR",2026-08-25,2026-11-23,BASIS
2843,K-002843,"Früher aktiv, jetzt inaktiv",Rückgewinnung: was hat gefehlt?,"seit 1352 Tagen angemeldet, keine Fahrt im 365-Tage-Fenster",2026-08-25,2026-11-23,BASIS
2844,K-002844,Eingeschlafen,Rückgewinnung: einmalig Freiminuten,"recency 329 d, 1 Fahrten, 2.80 EUR",2026-08-25,2026-11-23,BASIS
2845,K-002845,"Früher aktiv, jetzt inaktiv",Rückgewinnung: was hat gefehlt?,"seit 1246 Tagen angemeldet, keine Fahrt im 365-Tage-Fenster",2026-08-25,2026-11-23,OEPNV
2846,K-002846,"Früher aktiv, jetzt inaktiv",Rückgewinnung: was hat gefehlt?,"seit 1287 Tagen angemeldet, keine Fahrt im 365-Tage-Fenster",2026-08-25,2026-11-23,BASIS
2847,K-002847,Gelegenheitsnutzer,Anlass schaffen: Wetter-/Veranstaltungshinweis,"recency 91 d, 2 Fahrten, 7.85 EUR",2026-08-25,2026-11-23,BASIS
2848,K-002848,Gelegenheitsnutzer,Anlass schaffen: Wetter-/Veranstaltungshinweis,"recency 10 d, 9 Fahrten, 10.35 EUR",2026-08-25,2026-11-23,STUDENT
2849,K-002849,"Früher aktiv, jetzt inaktiv",Rückgewinnung: was hat gefehlt?,"seit 1160 Tagen angemeldet, keine Fahrt im 365-Tage-Fenster",2026-08-25,2026-11-23,BASIS
2850,K-002850,Gelegenheitsnutzer,Anlass schaffen: Wetter-/Veranstaltungshinweis,"recency 12 d, 4 Fahrten, 17.20 EUR",2026-08-25,2026-11-23,BASIS
2851,K-002851,Eingeschlafen,Rückgewinnung: einmalig Freiminuten,"recency 281 d, 2 Fahrten, 4.40 EUR",2026-08-25,2026-11-23,OEPNV
2852,K-002852,Vielfahrer,"Bindung halten — und je Tarif prüfen, ob das Freiminutenvolumen nötig ist","recency 4 d, 15 Fahrten, 6.32 EUR",2026-08-25,2026-11-23,PREMIUM
2853,K-002853,Gelegenheitsnutzer,Anlass schaffen: Wetter-/Veranstaltungshinweis,"recency 34 d, 1 Fahrten, 2.30 EUR",2026-08-25,2026-11-23,BASIS
2854,K-002854,"Früher aktiv, jetzt inaktiv",Rückgewinnung: was hat gefehlt?,"seit 1825 Tagen angemeldet, keine Fahrt im 365-Tage-Fenster",2026-08-25,2026-11-23,BASIS
2855,K-002855,"Früher aktiv, jetzt inaktiv",Rückgewinnung: was hat gefehlt?,"seit 896 Tagen angemeldet, keine Fahrt im 365-Tage-Fenster",2026-08-25,2026-11-23,BASIS
2856,K-002856,"Früher aktiv, jetzt inaktiv",Rückgewinnung: was hat gefehlt?,"seit 910 Tagen angemeldet, keine Fahrt im 365-Tage-Fenster",2026-08-25,2026-11-23,BASIS
2857,K-002857,Gelegenheitsnutzer,Anlass schaffen: Wetter-/Veranstaltungshinweis,"recency 10 d, 6 Fahrten, 5.45 EUR",2026-08-25,2026-11-23,STUDENT
2858,K-002858,Gelegenheitsnutzer,Anlass schaffen: Wetter-/Veranstaltungshinweis,"recency 55 d, 5 Fahrten, 3.36 EUR",2026-08-25,2026-11-23,PREMIUM
2859,K-002859,Gelegenheitsnutzer,Anlass schaffen: Wetter-/Veranstaltungshinweis,"recency 18 d, 2 Fahrten, 4.10 EUR",2026-08-25,2026-11-23,BASIS
2860,K-002860,Vielfahrer,"Bindung halten — und je Tarif prüfen, ob das Freiminutenvolumen nötig ist","recency 10 d, 29 Fahrten, 35.70 EUR",2026-08-25,2026-11-23,OEPNV
2861,K-002861,"Früher aktiv, jetzt inaktiv",Rückgewinnung: was hat gefehlt?,"seit 1447 Tagen angemeldet, keine Fahrt im 365-Tage-Fenster",2026-08-25,2026-11-23,BASIS
2862,K-002862,Eingeschlafen,Rückgewinnung: einmalig Freiminuten,"recency 277 d, 5 Fahrten, 20.25 EUR",2026-08-25,2026-11-23,BASIS
2863,K-002863,Vielfahrer,"Bindung halten — und je Tarif prüfen, ob das Freiminutenvolumen nötig ist","recency 44 d, 14 Fahrten, 7.68 EUR",2026-08-25,2026-11-23,PREMIUM
2864,K-002864,Gelegenheitsnutzer,Anlass schaffen: Wetter-/Veranstaltungshinweis,"recency 53 d, 2 Fahrten, 6.75 EUR",2026-08-25,2026-11-23,BASIS
2865,K-002865,Umsatzträger,nicht anfassen: sie tragen den Umsatz,"recency 6 d, 11 Fahrten, 67.90 EUR",2026-08-25,2026-11-23,BASIS
2866,K-002866,Gelegenheitsnutzer,Anlass schaffen: Wetter-/Veranstaltungshinweis,"recency 40 d, 5 Fahrten, 0.40 EUR",2026-08-25,2026-11-23,PREMIUM
2868,K-002868,"Früher aktiv, jetzt inaktiv",Rückgewinnung: was hat gefehlt?,"seit 1407 Tagen angemeldet, keine Fahrt im 365-Tage-Fenster",2026-08-25,2026-11-23,STUDENT
2869,K-002869,"Früher aktiv, jetzt inaktiv",Rückgewinnung: was hat gefehlt?,"seit 1533 Tagen angemeldet, keine Fahrt im 365-Tage-Fenster",2026-08-25,2026-11-23,BASIS
2870,K-002870,Gelegenheitsnutzer,Anlass schaffen: Wetter-/Veranstaltungshinweis,"recency 52 d, 4 Fahrten, 1.76 EUR",2026-08-25,2026-11-23,PREMIUM
2871,K-002871,Gelegenheitsnutzer,Anlass schaffen: Wetter-/Veranstaltungshinweis,"recency 65 d, 8 Fahrten, 6.75 EUR",2026-08-25,2026-11-23,STUDENT
2872,K-002872,Gelegenheitsnutzer,Anlass schaffen: Wetter-/Veranstaltungshinweis,"recency 63 d, 5 Fahrten, 28.15 EUR",2026-08-25,2026-11-23,BASIS
2873,K-002873,Gelegenheitsnutzer,Anlass schaffen: Wetter-/Veranstaltungshinweis,"recency 127 d, 1 Fahrten, 9.00 EUR",2026-08-25,2026-11-23,BASIS
2874,K-002874,Vielfahrer,"Bindung halten — und je Tarif prüfen, ob das Freiminutenvolumen nötig ist","recency 25 d, 18 Fahrten, 99.10 EUR",2026-08-25,2026-11-23,BASIS
2875,K-002875,Vielfahrer,"Bindung halten — und je Tarif prüfen, ob das Freiminutenvolumen nötig ist","recency 24 d, 16 Fahrten, 16.50 EUR",2026-08-25,2026-11-23,OEPNV
2876,K-002876,Vielfahrer,"Bindung halten — und je Tarif prüfen, ob das Freiminutenvolumen nötig ist","recency 0 d, 43 Fahrten, 40.96 EUR",2026-08-25,2026-11-23,PREMIUM
2877,K-002877,Vielfahrer,"Bindung halten — und je Tarif prüfen, ob das Freiminutenvolumen nötig ist","recency 0 d, 21 Fahrten, 13.32 EUR",2026-08-25,2026-11-23,PREMIUM
2878,K-002878,"Früher aktiv, jetzt inaktiv",Rückgewinnung: was hat gefehlt?,"seit 1588 Tagen angemeldet, keine Fahrt im 365-Tage-Fenster",2026-08-25,2026-11-23,BASIS
2879,K-002879,Vielfahrer,"Bindung halten — und je Tarif prüfen, ob das Freiminutenvolumen nötig ist","recency 20 d, 22 Fahrten, 21.45 EUR",2026-08-25,2026-11-23,OEPNV
2880,K-002880,Gelegenheitsnutzer,Anlass schaffen: Wetter-/Veranstaltungshinweis,"recency 16 d, 4 Fahrten, 11.55 EUR",2026-08-25,2026-11-23,BASIS
2881,K-002881,Gelegenheitsnutzer,Anlass schaffen: Wetter-/Veranstaltungshinweis,"recency 87 d, 4 Fahrten, 19.60 EUR",2026-08-25,2026-11-23,STUDENT
2882,K-002882,Gelegenheitsnutzer,Anlass schaffen: Wetter-/Veranstaltungshinweis,"recency 28 d, 3 Fahrten, 0.96 EUR",2026-08-25,2026-11-23,PREMIUM
2883,K-002883,Gelegenheitsnutzer,Anlass schaffen: Wetter-/Veranstaltungshinweis,"recency 42 d, 4 Fahrten, 4.10 EUR",2026-08-25,2026-11-23,STUDENT
2884,K-002884,Vielfahrer,"Bindung halten — und je Tarif prüfen, ob das Freiminutenvolumen nötig ist","recency 4 d, 18 Fahrten, 76.50 EUR",2026-08-25,2026-11-23,BASIS
2885,K-002885,Gelegenheitsnutzer,Anlass schaffen: Wetter-/Veranstaltungshinweis,"recency 93 d, 2 Fahrten, 1.10 EUR",2026-08-25,2026-11-23,OEPNV
2886,K-002886,Gelegenheitsnutzer,Anlass schaffen: Wetter-/Veranstaltungshinweis,"recency 65 d, 1 Fahrten, 1.00 EUR",2026-08-25,2026-11-23,OEPNV
2887,K-002887,Gelegenheitsnutzer,Anlass schaffen: Wetter-/Veranstaltungshinweis,"recency 11 d, 10 Fahrten, 7.60 EUR",2026-08-25,2026-11-23,PREMIUM
2888,K-002888,Vielfahrer,"Bindung halten — und je Tarif prüfen, ob das Freiminutenvolumen nötig ist","recency 4 d, 35 Fahrten, 18.72 EUR",2026-08-25,2026-11-23,PREMIUM
2889,K-002889,Gelegenheitsnutzer,Anlass schaffen: Wetter-/Veranstaltungshinweis,"recency 21 d, 11 Fahrten, 7.20 EUR",2026-08-25,2026-11-23,OEPNV
2890,K-002890,Gelegenheitsnutzer,Anlass schaffen: Wetter-/Veranstaltungshinweis,"recency 34 d, 5 Fahrten, 16.50 EUR",2026-08-25,2026-11-23,STUDENT
2891,K-002891,Vielfahrer,"Bindung halten — und je Tarif prüfen, ob das Freiminutenvolumen nötig ist","recency 10 d, 23 Fahrten, 15.35 EUR",2026-08-25,2026-11-23,OEPNV
2892,K-002892,Gelegenheitsnutzer,Anlass schaffen: Wetter-/Veranstaltungshinweis,"recency 42 d, 2 Fahrten, 1.10 EUR",2026-08-25,2026-11-23,OEPNV
2893,K-002893,Eingeschlafen,Rückgewinnung: einmalig Freiminuten,"recency 358 d, 1 Fahrten, 2.00 EUR",2026-08-25,2026-11-23,BASIS
2894,K-002894,Vielfahrer,"Bindung halten — und je Tarif prüfen, ob das Freiminutenvolumen nötig ist","recency 12 d, 32 Fahrten, 16.00 EUR",2026-08-25,2026-11-23,PREMIUM
2895,K-002895,Gelegenheitsnutzer,Anlass schaffen: Wetter-/Veranstaltungshinweis,"recency 16 d, 5 Fahrten, 16.30 EUR",2026-08-25,2026-11-23,BASIS
2896,K-002896,Umsatzträger,nicht anfassen: sie tragen den Umsatz,"recency 4 d, 6 Fahrten, 34.70 EUR",2026-08-25,2026-11-23,BASIS
2897,K-002897,Vielfahrer,"Bindung halten — und je Tarif prüfen, ob das Freiminutenvolumen nötig ist","recency 31 d, 15 Fahrten, 5.70 EUR",2026-08-25,2026-11-23,OEPNV
2898,K-002898,Gelegenheitsnutzer,Anlass schaffen: Wetter-/Veranstaltungshinweis,"recency 52 d, 9 Fahrten, 25.20 EUR",2026-08-25,2026-11-23,STUDENT
2899,K-002899,Vielfahrer,"Bindung halten — und je Tarif prüfen, ob das Freiminutenvolumen nötig ist","recency 11 d, 26 Fahrten, 10.56 EUR",2026-08-25,2026-11-23,PREMIUM
2900,K-002900,Umsatzträger,nicht anfassen: sie tragen den Umsatz,"recency 4 d, 8 Fahrten, 73.75 EUR",2026-08-25,2026-11-23,BASIS
2901,K-002901,Gelegenheitsnutzer,Anlass schaffen: Wetter-/Veranstaltungshinweis,"recency 59 d, 2 Fahrten, 4.95 EUR",2026-08-25,2026-11-23,BASIS
2902,K-002902,Umsatzträger,nicht anfassen: sie tragen den Umsatz,"recency 8 d, 8 Fahrten, 35.30 EUR",2026-08-25,2026-11-23,OEPNV
2903,K-002903,"Früher aktiv, jetzt inaktiv",Rückgewinnung: was hat gefehlt?,"seit 1246 Tagen angemeldet, keine Fahrt im 365-Tage-Fenster",2026-08-25,2026-11-23,BASIS
2904,K-002904,Vielfahrer,"Bindung halten — und je Tarif prüfen, ob das Freiminutenvolumen nötig ist","recency 17 d, 16 Fahrten, 32.70 EUR",2026-08-25,2026-11-23,STUDENT
2905,K-002905,"Früher aktiv, jetzt inaktiv",Rückgewinnung: was hat gefehlt?,"seit 975 Tagen angemeldet, keine Fahrt im 365-Tage-Fenster",2026-08-25,2026-11-23,OEPNV
2906,K-002906,Gelegenheitsnutzer,Anlass schaffen: Wetter-/Veranstaltungshinweis,"recency 16 d, 5 Fahrten, 18.75 EUR",2026-08-25,2026-11-23,BASIS
2907,K-002907,Gelegenheitsnutzer,Anlass schaffen: Wetter-/Veranstaltungshinweis,"recency 27 d, 1 Fahrten, 9.50 EUR",2026-08-25,2026-11-23,BASIS
2908,K-002908,Gelegenheitsnutzer,Anlass schaffen: Wetter-/Veranstaltungshinweis,"recency 7 d, 4 Fahrten, 5.00 EUR",2026-08-25,2026-11-23,STUDENT
2909,K-002909,Gelegenheitsnutzer,Anlass schaffen: Wetter-/Veranstaltungshinweis,"recency 16 d, 4 Fahrten, 12.60 EUR",2026-08-25,2026-11-23,BASIS
2910,K-002910,"Früher aktiv, jetzt inaktiv",Rückgewinnung: was hat gefehlt?,"seit 1797 Tagen angemeldet, keine Fahrt im 365-Tage-Fenster",2026-08-25,2026-11-23,OEPNV
2911,K-002911,Vielfahrer,"Bindung halten — und je Tarif prüfen, ob das Freiminutenvolumen nötig ist","recency 18 d, 21 Fahrten, 23.80 EUR",2026-08-25,2026-11-23,OEPNV
2913,K-002913,Eingeschlafen,Rückgewinnung: einmalig Freiminuten,"recency 181 d, 1 Fahrten, 2.90 EUR",2026-08-25,2026-11-23,BASIS
2914,K-002914,"Neu, noch keine Erstfahrt",Willkommensansprache zur Erstfahrt,"seit 333 Tagen angemeldet, keine Fahrt im 365-Tage-Fenster",2026-08-25,2026-11-23,BASIS
2915,K-002915,Vielfahrer,"Bindung halten — und je Tarif prüfen, ob das Freiminutenvolumen nötig ist","recency 3 d, 24 Fahrten, 11.36 EUR",2026-08-25,2026-11-23,PREMIUM
2916,K-002916,Vielfahrer,"Bindung halten — und je Tarif prüfen, ob das Freiminutenvolumen nötig ist","recency 12 d, 18 Fahrten, 52.50 EUR",2026-08-25,2026-11-23,BASIS
2917,K-002917,"Früher aktiv, jetzt inaktiv",Rückgewinnung: was hat gefehlt?,"seit 571 Tagen angemeldet, keine Fahrt im 365-Tage-Fenster",2026-08-25,2026-11-23,BASIS
2918,K-002918,Vielfahrer,"Bindung halten — und je Tarif prüfen, ob das Freiminutenvolumen nötig ist","recency 17 d, 19 Fahrten, 21.50 EUR",2026-08-25,2026-11-23,OEPNV
2919,K-002919,Vielfahrer,"Bindung halten — und je Tarif prüfen, ob das Freiminutenvolumen nötig ist","recency 17 d, 34 Fahrten, 98.70 EUR",2026-08-25,2026-11-23,STUDENT
2920,K-002920,Vielfahrer,"Bindung halten — und je Tarif prüfen, ob das Freiminutenvolumen nötig ist","recency 5 d, 23 Fahrten, 10.72 EUR",2026-08-25,2026-11-23,PREMIUM
2921,K-002921,Gelegenheitsnutzer,Anlass schaffen: Wetter-/Veranstaltungshinweis,"recency 93 d, 2 Fahrten, 2.60 EUR",2026-08-25,2026-11-23,STUDENT
2922,K-002922,"Früher aktiv, jetzt inaktiv",Rückgewinnung: was hat gefehlt?,"seit 698 Tagen angemeldet, keine Fahrt im 365-Tage-Fenster",2026-08-25,2026-11-23,BASIS
2923,K-002923,Vielfahrer,"Bindung halten — und je Tarif prüfen, ob das Freiminutenvolumen nötig ist","recency 7 d, 13 Fahrten, 18.65 EUR",2026-08-25,2026-11-23,OEPNV
2924,K-002924,"Früher aktiv, jetzt inaktiv",Rückgewinnung: was hat gefehlt?,"seit 834 Tagen angemeldet, keine Fahrt im 365-Tage-Fenster",2026-08-25,2026-11-23,BASIS
2925,K-002925,Umsatzträger,nicht anfassen: sie tragen den Umsatz,"recency 42 d, 12 Fahrten, 31.95 EUR",2026-08-25,2026-11-23,STUDENT
2927,K-002927,"Früher aktiv, jetzt inaktiv",Rückgewinnung: was hat gefehlt?,"seit 1375 Tagen angemeldet, keine Fahrt im 365-Tage-Fenster",2026-08-25,2026-11-23,BASIS
2928,K-002928,Gelegenheitsnutzer,Anlass schaffen: Wetter-/Veranstaltungshinweis,"recency 29 d, 1 Fahrten, 9.00 EUR",2026-08-25,2026-11-23,BASIS
2929,K-002929,Gelegenheitsnutzer,Anlass schaffen: Wetter-/Veranstaltungshinweis,"recency 42 d, 9 Fahrten, 12.60 EUR",2026-08-25,2026-11-23,STUDENT
2930,K-002930,Eingeschlafen,Rückgewinnung: einmalig Freiminuten,"recency 220 d, 1 Fahrten, 0.30 EUR",2026-08-25,2026-11-23,BASIS
2931,K-002931,Vielfahrer,"Bindung halten — und je Tarif prüfen, ob das Freiminutenvolumen nötig ist","recency 5 d, 19 Fahrten, 9.68 EUR",2026-08-25,2026-11-23,PREMIUM
2932,K-002932,Vielfahrer,"Bindung halten — und je Tarif prüfen, ob das Freiminutenvolumen nötig ist","recency 7 d, 21 Fahrten, 7.52 EUR",2026-08-25,2026-11-23,PREMIUM
2933,K-002933,Gelegenheitsnutzer,Anlass schaffen: Wetter-/Veranstaltungshinweis,"recency 72 d, 2 Fahrten, 3.40 EUR",2026-08-25,2026-11-23,STUDENT
2934,K-002934,Vielfahrer,"Bindung halten — und je Tarif prüfen, ob das Freiminutenvolumen nötig ist","recency 7 d, 13 Fahrten, 59.35 EUR",2026-08-25,2026-11-23,BASIS
2935,K-002935,"Früher aktiv, jetzt inaktiv",Rückgewinnung: was hat gefehlt?,"seit 1558 Tagen angemeldet, keine Fahrt im 365-Tage-Fenster",2026-08-25,2026-11-23,BASIS
2936,K-002936,Eingeschlafen,Rückgewinnung: einmalig Freiminuten,"recency 310 d, 1 Fahrten, 0.80 EUR",2026-08-25,2026-11-23,BASIS
2937,K-002937,Gelegenheitsnutzer,Anlass schaffen: Wetter-/Veranstaltungshinweis,"recency 26 d, 4 Fahrten, 2.56 EUR",2026-08-25,2026-11-23,PREMIUM
2938,K-002938,"Früher aktiv, jetzt inaktiv",Rückgewinnung: was hat gefehlt?,"seit 458 Tagen angemeldet, keine Fahrt im 365-Tage-Fenster",2026-08-25,2026-11-23,BASIS
2940,K-002940,Vielfahrer,"Bindung halten — und je Tarif prüfen, ob das Freiminutenvolumen nötig ist","recency 25 d, 19 Fahrten, 64.40 EUR",2026-08-25,2026-11-23,BASIS
2941,K-002941,"Neu, noch keine Erstfahrt",Willkommensansprache zur Erstfahrt,"seit 64 Tagen angemeldet, keine Fahrt im 365-Tage-Fenster",2026-08-25,2026-11-23,PREMIUM
2942,K-002942,Vielfahrer,"Bindung halten — und je Tarif prüfen, ob das Freiminutenvolumen nötig ist","recency 16 d, 23 Fahrten, 108.25 EUR",2026-08-25,2026-11-23,STUDENT
2943,K-002943,Gelegenheitsnutzer,Anlass schaffen: Wetter-/Veranstaltungshinweis,"recency 51 d, 6 Fahrten, 17.15 EUR",2026-08-25,2026-11-23,BASIS
2944,K-002944,Vielfahrer,"Bindung halten — und je Tarif prüfen, ob das Freiminutenvolumen nötig ist","recency 7 d, 17 Fahrten, 58.30 EUR",2026-08-25,2026-11-23,BASIS
2945,K-002945,Gelegenheitsnutzer,Anlass schaffen: Wetter-/Veranstaltungshinweis,"recency 53 d, 7 Fahrten, 28.10 EUR",2026-08-25,2026-11-23,BASIS
2946,K-002946,"Früher aktiv, jetzt inaktiv",Rückgewinnung: was hat gefehlt?,"seit 918 Tagen angemeldet, keine Fahrt im 365-Tage-Fenster",2026-08-25,2026-11-23,BASIS
2947,K-002947,Gelegenheitsnutzer,Anlass schaffen: Wetter-/Veranstaltungshinweis,"recency 19 d, 11 Fahrten, 6.30 EUR",2026-08-25,2026-11-23,OEPNV
2948,K-002948,"Neu, noch keine Erstfahrt",Willkommensansprache zur Erstfahrt,"seit 110 Tagen angemeldet, keine Fahrt im 365-Tage-Fenster",2026-08-25,2026-11-23,BASIS
2949,K-002949,Vielfahrer,"Bindung halten — und je Tarif prüfen, ob das Freiminutenvolumen nötig ist","recency 21 d, 19 Fahrten, 81.20 EUR",2026-08-25,2026-11-23,BASIS
2950,K-002950,Gelegenheitsnutzer,Anlass schaffen: Wetter-/Veranstaltungshinweis,"recency 56 d, 3 Fahrten, 2.10 EUR",2026-08-25,2026-11-23,STUDENT
2951,K-002951,Gelegenheitsnutzer,Anlass schaffen: Wetter-/Veranstaltungshinweis,"recency 42 d, 8 Fahrten, 29.05 EUR",2026-08-25,2026-11-23,BASIS
2952,K-002952,"Früher aktiv, jetzt inaktiv",Rückgewinnung: was hat gefehlt?,"seit 1396 Tagen angemeldet, keine Fahrt im 365-Tage-Fenster",2026-08-25,2026-11-23,BASIS
2953,K-002953,"Früher aktiv, jetzt inaktiv",Rückgewinnung: was hat gefehlt?,"seit 1817 Tagen angemeldet, keine Fahrt im 365-Tage-Fenster",2026-08-25,2026-11-23,BASIS
2954,K-002954,"Früher aktiv, jetzt inaktiv",Rückgewinnung: was hat gefehlt?,"seit 1259 Tagen angemeldet, keine Fahrt im 365-Tage-Fenster",2026-08-25,2026-11-23,BASIS
2955,K-002955,"Früher aktiv, jetzt inaktiv",Rückgewinnung: was hat gefehlt?,"seit 1197 Tagen angemeldet, keine Fahrt im 365-Tage-Fenster",2026-08-25,2026-11-23,PREMIUM
2956,K-002956,"Früher aktiv, jetzt inaktiv",Rückgewinnung: was hat gefehlt?,"seit 938 Tagen angemeldet, keine Fahrt im 365-Tage-Fenster",2026-08-25,2026-11-23,BASIS
2957,K-002957,Vielfahrer,"Bindung halten — und je Tarif prüfen, ob das Freiminutenvolumen nötig ist","recency 9 d, 39 Fahrten, 17.96 EUR",2026-08-25,2026-11-23,PREMIUM
2958,K-002958,Eingeschlafen,Rückgewinnung: einmalig Freiminuten,"recency 163 d, 1 Fahrten, 5.00 EUR",2026-08-25,2026-11-23,BASIS
2959,K-002959,Gelegenheitsnutzer,Anlass schaffen: Wetter-/Veranstaltungshinweis,"recency 24 d, 9 Fahrten, 7.60 EUR",2026-08-25,2026-11-23,OEPNV
2960,K-002960,"Früher aktiv, jetzt inaktiv",Rückgewinnung: was hat gefehlt?,"seit 1140 Tagen angemeldet, keine Fahrt im 365-Tage-Fenster",2026-08-25,2026-11-23,BASIS
2961,K-002961,Gelegenheitsnutzer,Anlass schaffen: Wetter-/Veranstaltungshinweis,"recency 68 d, 3 Fahrten, 2.60 EUR",2026-08-25,2026-11-23,STUDENT
2962,K-002962,Gelegenheitsnutzer,Anlass schaffen: Wetter-/Veranstaltungshinweis,"recency 12 d, 7 Fahrten, 7.90 EUR",2026-08-25,2026-11-23,STUDENT
2963,K-002963,Gelegenheitsnutzer,Anlass schaffen: Wetter-/Veranstaltungshinweis,"recency 88 d, 1 Fahrten, 5.25 EUR",2026-08-25,2026-11-23,BASIS
2964,K-002964,"Früher aktiv, jetzt inaktiv",Rückgewinnung: was hat gefehlt?,"seit 854 Tagen angemeldet, keine Fahrt im 365-Tage-Fenster",2026-08-25,2026-11-23,STUDENT
2965,K-002965,Gelegenheitsnutzer,Anlass schaffen: Wetter-/Veranstaltungshinweis,"recency 133 d, 1 Fahrten, 2.75 EUR",2026-08-25,2026-11-23,BASIS
2966,K-002966,Gelegenheitsnutzer,Anlass schaffen: Wetter-/Veranstaltungshinweis,"recency 107 d, 3 Fahrten, 17.45 EUR",2026-08-25,2026-11-23,BASIS
2967,K-002967,Gelegenheitsnutzer,Anlass schaffen: Wetter-/Veranstaltungshinweis,"recency 85 d, 1 Fahrten, 2.25 EUR",2026-08-25,2026-11-23,BASIS
2968,K-002968,Gelegenheitsnutzer,Anlass schaffen: Wetter-/Veranstaltungshinweis,"recency 32 d, 10 Fahrten, 29.60 EUR",2026-08-25,2026-11-23,BASIS
2969,K-002969,Gelegenheitsnutzer,Anlass schaffen: Wetter-/Veranstaltungshinweis,"recency 9 d, 5 Fahrten, 1.84 EUR",2026-08-25,2026-11-23,PREMIUM
2970,K-002970,Eingeschlafen,Rückgewinnung: einmalig Freiminuten,"recency 183 d, 3 Fahrten, 7.30 EUR",2026-08-25,2026-11-23,BASIS
2971,K-002971,Eingeschlafen,Rückgewinnung: einmalig Freiminuten,"recency 222 d, 4 Fahrten, 10.30 EUR",2026-08-25,2026-11-23,STUDENT
2972,K-002972,Umsatzträger,nicht anfassen: sie tragen den Umsatz,"recency 9 d, 11 Fahrten, 31.55 EUR",2026-08-25,2026-11-23,BASIS
2973,K-002973,Vielfahrer,"Bindung halten — und je Tarif prüfen, ob das Freiminutenvolumen nötig ist","recency 7 d, 17 Fahrten, 78.60 EUR",2026-08-25,2026-11-23,BASIS
2974,K-002974,"Neu, noch keine Erstfahrt",Willkommensansprache zur Erstfahrt,"seit 325 Tagen angemeldet, keine Fahrt im 365-Tage-Fenster",2026-08-25,2026-11-23,BASIS
2975,K-002975,"Früher aktiv, jetzt inaktiv",Rückgewinnung: was hat gefehlt?,"seit 1033 Tagen angemeldet, keine Fahrt im 365-Tage-Fenster",2026-08-25,2026-11-23,BASIS
2976,K-002976,Gelegenheitsnutzer,Anlass schaffen: Wetter-/Veranstaltungshinweis,"recency 43 d, 3 Fahrten, 9.20 EUR",2026-08-25,2026-11-23,BASIS
2977,K-002977,Umsatzträger,nicht anfassen: sie tragen den Umsatz,"recency 58 d, 7 Fahrten, 34.15 EUR",2026-08-25,2026-11-23,BASIS
2979,K-002979,"Neu, noch keine Erstfahrt",Willkommensansprache zur Erstfahrt,"seit 66 Tagen angemeldet, keine Fahrt im 365-Tage-Fenster",2026-08-25,2026-11-23,BASIS
2980,K-002980,Gelegenheitsnutzer,Anlass schaffen: Wetter-/Veranstaltungshinweis,"recency 1 d, 4 Fahrten, 1.04 EUR",2026-08-25,2026-11-23,PREMIUM
2981,K-002981,"Neu, noch keine Erstfahrt",Willkommensansprache zur Erstfahrt,"seit 154 Tagen angemeldet, keine Fahrt im 365-Tage-Fenster",2026-08-25,2026-11-23,BASIS
2982,K-002982,Vielfahrer,"Bindung halten — und je Tarif prüfen, ob das Freiminutenvolumen nötig ist","recency 13 d, 14 Fahrten, 12.50 EUR",2026-08-25,2026-11-23,OEPNV
2983,K-002983,Gelegenheitsnutzer,Anlass schaffen: Wetter-/Veranstaltungshinweis,"recency 12 d, 12 Fahrten, 9.50 EUR",2026-08-25,2026-11-23,OEPNV
2984,K-002984,"Früher aktiv, jetzt inaktiv",Rückgewinnung: was hat gefehlt?,"seit 978 Tagen angemeldet, keine Fahrt im 365-Tage-Fenster",2026-08-25,2026-11-23,STUDENT
2985,K-002985,Vielfahrer,"Bindung halten — und je Tarif prüfen, ob das Freiminutenvolumen nötig ist","recency 21 d, 23 Fahrten, 16.72 EUR",2026-08-25,2026-11-23,PREMIUM
2986,K-002986,Gelegenheitsnutzer,Anlass schaffen: Wetter-/Veranstaltungshinweis,"recency 11 d, 9 Fahrten, 8.70 EUR",2026-08-25,2026-11-23,STUDENT
2987,K-002987,Vielfahrer,"Bindung halten — und je Tarif prüfen, ob das Freiminutenvolumen nötig ist","recency 16 d, 22 Fahrten, 21.60 EUR",2026-08-25,2026-11-23,PREMIUM
2988,K-002988,Vielfahrer,"Bindung halten — und je Tarif prüfen, ob das Freiminutenvolumen nötig ist","recency 29 d, 33 Fahrten, 31.52 EUR",2026-08-25,2026-11-23,PREMIUM
2989,K-002989,Gelegenheitsnutzer,Anlass schaffen: Wetter-/Veranstaltungshinweis,"recency 30 d, 4 Fahrten, 2.60 EUR",2026-08-25,2026-11-23,STUDENT
2990,K-002990,"Früher aktiv, jetzt inaktiv",Rückgewinnung: was hat gefehlt?,"seit 722 Tagen angemeldet, keine Fahrt im 365-Tage-Fenster",2026-08-25,2026-11-23,BASIS
2991,K-002991,Vielfahrer,"Bindung halten — und je Tarif prüfen, ob das Freiminutenvolumen nötig ist","recency 48 d, 16 Fahrten, 19.10 EUR",2026-08-25,2026-11-23,OEPNV
2992,K-002992,"Neu, noch keine Erstfahrt",Willkommensansprache zur Erstfahrt,"seit 228 Tagen angemeldet, keine Fahrt im 365-Tage-Fenster",2026-08-25,2026-11-23,BASIS
2993,K-002993,"Früher aktiv, jetzt inaktiv",Rückgewinnung: was hat gefehlt?,"seit 1197 Tagen angemeldet, keine Fahrt im 365-Tage-Fenster",2026-08-25,2026-11-23,BASIS
2994,K-002994,Vielfahrer,"Bindung halten — und je Tarif prüfen, ob das Freiminutenvolumen nötig ist","recency 12 d, 41 Fahrten, 56.08 EUR",2026-08-25,2026-11-23,PREMIUM
2995,K-002995,Gelegenheitsnutzer,Anlass schaffen: Wetter-/Veranstaltungshinweis,"recency 25 d, 1 Fahrten, 0.30 EUR",2026-08-25,2026-11-23,STUDENT
2996,K-002996,Gelegenheitsnutzer,Anlass schaffen: Wetter-/Veranstaltungshinweis,"recency 59 d, 2 Fahrten, 0.16 EUR",2026-08-25,2026-11-23,PREMIUM
2997,K-002997,Gelegenheitsnutzer,Anlass schaffen: Wetter-/Veranstaltungshinweis,"recency 78 d, 2 Fahrten, 12.25 EUR",2026-08-25,2026-11-23,BASIS
2998,K-002998,Vielfahrer,"Bindung halten — und je Tarif prüfen, ob das Freiminutenvolumen nötig ist","recency 0 d, 28 Fahrten, 19.28 EUR",2026-08-25,2026-11-23,PREMIUM
2999,K-002999,Vielfahrer,"Bindung halten — und je Tarif prüfen, ob das Freiminutenvolumen nötig ist","recency 1 d, 45 Fahrten, 25.68 EUR",2026-08-25,2026-11-23,PREMIUM
3000,K-003000,Umsatzträger,nicht anfassen: sie tragen den Umsatz,"recency 25 d, 9 Fahrten, 59.40 EUR",2026-08-25,2026-11-23,BASIS
3001,K-003001,Gelegenheitsnutzer,Anlass schaffen: Wetter-/Veranstaltungshinweis,"recency 39 d, 10 Fahrten, 6.85 EUR",2026-08-25,2026-11-23,STUDENT
3002,K-003002,Gelegenheitsnutzer,Anlass schaffen: Wetter-/Veranstaltungshinweis,"recency 11 d, 4 Fahrten, 1.04 EUR",2026-08-25,2026-11-23,PREMIUM
3004,K-003004,Gelegenheitsnutzer,Anlass schaffen: Wetter-/Veranstaltungshinweis,"recency 141 d, 4 Fahrten, 13.45 EUR",2026-08-25,2026-11-23,BASIS
3005,K-003005,Umsatzträger,nicht anfassen: sie tragen den Umsatz,"recency 81 d, 6 Fahrten, 65.20 EUR",2026-08-25,2026-11-23,BASIS
3006,K-003006,Umsatzträger,nicht anfassen: sie tragen den Umsatz,"recency 57 d, 8 Fahrten, 49.40 EUR",2026-08-25,2026-11-23,BASIS
3007,K-003007,Vielfahrer,"Bindung halten — und je Tarif prüfen, ob das Freiminutenvolumen nötig ist","recency 48 d, 15 Fahrten, 28.70 EUR",2026-08-25,2026-11-23,STUDENT
3008,K-003008,"Früher aktiv, jetzt inaktiv",Rückgewinnung: was hat gefehlt?,"seit 1220 Tagen angemeldet, keine Fahrt im 365-Tage-Fenster",2026-08-25,2026-11-23,BASIS
3009,K-003009,Vielfahrer,"Bindung halten — und je Tarif prüfen, ob das Freiminutenvolumen nötig ist","recency 3 d, 18 Fahrten, 45.45 EUR",2026-08-25,2026-11-23,BASIS
3010,K-003010,Gelegenheitsnutzer,Anlass schaffen: Wetter-/Veranstaltungshinweis,"recency 40 d, 2 Fahrten, 7.80 EUR",2026-08-25,2026-11-23,BASIS
3012,K-003012,Vielfahrer,"Bindung halten — und je Tarif prüfen, ob das Freiminutenvolumen nötig ist","recency 0 d, 31 Fahrten, 34.80 EUR",2026-08-25,2026-11-23,OEPNV
3013,K-003013,Umsatzträger,nicht anfassen: sie tragen den Umsatz,"recency 52 d, 7 Fahrten, 40.10 EUR",2026-08-25,2026-11-23,BASIS
3014,K-003014,"Früher aktiv, jetzt inaktiv",Rückgewinnung: was hat gefehlt?,"seit 1492 Tagen angemeldet, keine Fahrt im 365-Tage-Fenster",2026-08-25,2026-11-23,BASIS
3015,K-003015,Vielfahrer,"Bindung halten — und je Tarif prüfen, ob das Freiminutenvolumen nötig ist","recency 7 d, 13 Fahrten, 6.40 EUR",2026-08-25,2026-11-23,OEPNV
3016,K-003016,"Früher aktiv, jetzt inaktiv",Rückgewinnung: was hat gefehlt?,"seit 1809 Tagen angemeldet, keine Fahrt im 365-Tage-Fenster",2026-08-25,2026-11-23,BASIS
3017,K-003017,"Neu, noch keine Erstfahrt",Willkommensansprache zur Erstfahrt,"seit 356 Tagen angemeldet, keine Fahrt im 365-Tage-Fenster",2026-08-25,2026-11-23,BASIS
3020,K-003020,Vielfahrer,"Bindung halten — und je Tarif prüfen, ob das Freiminutenvolumen nötig ist","recency 17 d, 15 Fahrten, 12.40 EUR",2026-08-25,2026-11-23,PREMIUM
3021,K-003021,Vielfahrer,"Bindung halten — und je Tarif prüfen, ob das Freiminutenvolumen nötig ist","recency 1 d, 22 Fahrten, 19.76 EUR",2026-08-25,2026-11-23,PREMIUM
3022,K-003022,Gelegenheitsnutzer,Anlass schaffen: Wetter-/Veranstaltungshinweis,"recency 51 d, 5 Fahrten, 4.08 EUR",2026-08-25,2026-11-23,PREMIUM
3023,K-003023,Gelegenheitsnutzer,Anlass schaffen: Wetter-/Veranstaltungshinweis,"recency 42 d, 10 Fahrten, 6.48 EUR",2026-08-25,2026-11-23,PREMIUM
3024,K-003024,"Neu, noch keine Erstfahrt",Willkommensansprache zur Erstfahrt,"seit 122 Tagen angemeldet, keine Fahrt im 365-Tage-Fenster",2026-08-25,2026-11-23,PREMIUM
3025,K-003025,"Früher aktiv, jetzt inaktiv",Rückgewinnung: was hat gefehlt?,"seit 1101 Tagen angemeldet, keine Fahrt im 365-Tage-Fenster",2026-08-25,2026-11-23,BASIS
3026,K-003026,"Früher aktiv, jetzt inaktiv",Rückgewinnung: was hat gefehlt?,"seit 1108 Tagen angemeldet, keine Fahrt im 365-Tage-Fenster",2026-08-25,2026-11-23,STUDENT
3027,K-003027,"Früher aktiv, jetzt inaktiv",Rückgewinnung: was hat gefehlt?,"seit 1665 Tagen angemeldet, keine Fahrt im 365-Tage-Fenster",2026-08-25,2026-11-23,STUDENT
3028,K-003028,Vielfahrer,"Bindung halten — und je Tarif prüfen, ob das Freiminutenvolumen nötig ist","recency 4 d, 24 Fahrten, 47.40 EUR",2026-08-25,2026-11-23,OEPNV
3029,K-003029,"Früher aktiv, jetzt inaktiv",Rückgewinnung: was hat gefehlt?,"seit 1799 Tagen angemeldet, keine Fahrt im 365-Tage-Fenster",2026-08-25,2026-11-23,BASIS
3030,K-003030,"Früher aktiv, jetzt inaktiv",Rückgewinnung: was hat gefehlt?,"seit 1816 Tagen angemeldet, keine Fahrt im 365-Tage-Fenster",2026-08-25,2026-11-23,PREMIUM
3031,K-003031,"Früher aktiv, jetzt inaktiv",Rückgewinnung: was hat gefehlt?,"seit 1176 Tagen angemeldet, keine Fahrt im 365-Tage-Fenster",2026-08-25,2026-11-23,STUDENT
3032,K-003032,Umsatzträger,nicht anfassen: sie tragen den Umsatz,"recency 106 d, 5 Fahrten, 106.80 EUR",2026-08-25,2026-11-23,BASIS
3033,K-003033,Vielfahrer,"Bindung halten — und je Tarif prüfen, ob das Freiminutenvolumen nötig ist","recency 1 d, 32 Fahrten, 16.72 EUR",2026-08-25,2026-11-23,PREMIUM
3034,K-003034,Gelegenheitsnutzer,Anlass schaffen: Wetter-/Veranstaltungshinweis,"recency 9 d, 5 Fahrten, 2.30 EUR",2026-08-25,2026-11-23,STUDENT
3035,K-003035,Eingeschlafen,Rückgewinnung: einmalig Freiminuten,"recency 181 d, 1 Fahrten, 2.50 EUR",2026-08-25,2026-11-23,BASIS
3036,K-003036,Gelegenheitsnutzer,Anlass schaffen: Wetter-/Veranstaltungshinweis,"recency 51 d, 4 Fahrten, 13.20 EUR",2026-08-25,2026-11-23,BASIS
3037,K-003037,Gelegenheitsnutzer,Anlass schaffen: Wetter-/Veranstaltungshinweis,"recency 89 d, 5 Fahrten, 6.60 EUR",2026-08-25,2026-11-23,BASIS
3038,K-003038,"Früher aktiv, jetzt inaktiv",Rückgewinnung: was hat gefehlt?,"seit 748 Tagen angemeldet, keine Fahrt im 365-Tage-Fenster",2026-08-25,2026-11-23,BASIS
3039,K-003039,Gelegenheitsnutzer,Anlass schaffen: Wetter-/Veranstaltungshinweis,"recency 58 d, 4 Fahrten, 4.40 EUR",2026-08-25,2026-11-23,PREMIUM
3040,K-003040,Gelegenheitsnutzer,Anlass schaffen: Wetter-/Veranstaltungshinweis,"recency 3 d, 4 Fahrten, 1.30 EUR",2026-08-25,2026-11-23,OEPNV
3041,K-003041,"Neu, noch keine Erstfahrt",Willkommensansprache zur Erstfahrt,"seit 180 Tagen angemeldet, keine Fahrt im 365-Tage-Fenster",2026-08-25,2026-11-23,BASIS
3042,K-003042,Umsatzträger,nicht anfassen: sie tragen den Umsatz,"recency 92 d, 7 Fahrten, 75.25 EUR",2026-08-25,2026-11-23,BASIS
3043,K-003043,"Neu, noch keine Erstfahrt",Willkommensansprache zur Erstfahrt,"seit 290 Tagen angemeldet, keine Fahrt im 365-Tage-Fenster",2026-08-25,2026-11-23,BASIS
3045,K-003045,"Neu, noch keine Erstfahrt",Willkommensansprache zur Erstfahrt,"seit 57 Tagen angemeldet, keine Fahrt im 365-Tage-Fenster",2026-08-25,2026-11-23,BASIS
3046,K-003046,Vielfahrer,"Bindung halten — und je Tarif prüfen, ob das Freiminutenvolumen nötig ist","recency 10 d, 35 Fahrten, 36.20 EUR",2026-08-25,2026-11-23,PREMIUM
3047,K-003047,Vielfahrer,"Bindung halten — und je Tarif prüfen, ob das Freiminutenvolumen nötig ist","recency 4 d, 16 Fahrten, 5.60 EUR",2026-08-25,2026-11-23,PREMIUM
3048,K-003048,Vielfahrer,"Bindung halten — und je Tarif prüfen, ob das Freiminutenvolumen nötig ist","recency 7 d, 31 Fahrten, 19.32 EUR",2026-08-25,2026-11-23,PREMIUM
3049,K-003049,"Neu, noch keine Erstfahrt",Willkommensansprache zur Erstfahrt,"seit 262 Tagen angemeldet, keine Fahrt im 365-Tage-Fenster",2026-08-25,2026-11-23,BASIS
3050,K-003050,"Früher aktiv, jetzt inaktiv",Rückgewinnung: was hat gefehlt?,"seit 1563 Tagen angemeldet, keine Fahrt im 365-Tage-Fenster",2026-08-25,2026-11-23,BASIS
3051,K-003051,Gelegenheitsnutzer,Anlass schaffen: Wetter-/Veranstaltungshinweis,"recency 36 d, 1 Fahrten, 25.50 EUR",2026-08-25,2026-11-23,BASIS
3052,K-003052,"Früher aktiv, jetzt inaktiv",Rückgewinnung: was hat gefehlt?,"seit 1485 Tagen angemeldet, keine Fahrt im 365-Tage-Fenster",2026-08-25,2026-11-23,STUDENT
3053,K-003053,"Früher aktiv, jetzt inaktiv",Rückgewinnung: was hat gefehlt?,"seit 1255 Tagen angemeldet, keine Fahrt im 365-Tage-Fenster",2026-08-25,2026-11-23,BASIS
3054,K-003054,Vielfahrer,"Bindung halten — und je Tarif prüfen, ob das Freiminutenvolumen nötig ist","recency 17 d, 34 Fahrten, 60.55 EUR",2026-08-25,2026-11-23,OEPNV
3055,K-003055,Vielfahrer,"Bindung halten — und je Tarif prüfen, ob das Freiminutenvolumen nötig ist","recency 0 d, 15 Fahrten, 58.20 EUR",2026-08-25,2026-11-23,BASIS
3056,K-003056,Vielfahrer,"Bindung halten — und je Tarif prüfen, ob das Freiminutenvolumen nötig ist","recency 5 d, 18 Fahrten, 49.35 EUR",2026-08-25,2026-11-23,OEPNV
3057,K-003057,Vielfahrer,"Bindung halten — und je Tarif prüfen, ob das Freiminutenvolumen nötig ist","recency 13 d, 20 Fahrten, 8.80 EUR",2026-08-25,2026-11-23,PREMIUM
3058,K-003058,Gelegenheitsnutzer,Anlass schaffen: Wetter-/Veranstaltungshinweis,"recency 45 d, 4 Fahrten, 13.80 EUR",2026-08-25,2026-11-23,BASIS
3059,K-003059,Gelegenheitsnutzer,Anlass schaffen: Wetter-/Veranstaltungshinweis,"recency 14 d, 2 Fahrten, 1.10 EUR",2026-08-25,2026-11-23,STUDENT
3060,K-003060,"Früher aktiv, jetzt inaktiv",Rückgewinnung: was hat gefehlt?,"seit 657 Tagen angemeldet, keine Fahrt im 365-Tage-Fenster",2026-08-25,2026-11-23,BASIS
3061,K-003061,"Früher aktiv, jetzt inaktiv",Rückgewinnung: was hat gefehlt?,"seit 714 Tagen angemeldet, keine Fahrt im 365-Tage-Fenster",2026-08-25,2026-11-23,BASIS
3062,K-003062,"Früher aktiv, jetzt inaktiv",Rückgewinnung: was hat gefehlt?,"seit 1823 Tagen angemeldet, keine Fahrt im 365-Tage-Fenster",2026-08-25,2026-11-23,OEPNV
3063,K-003063,Eingeschlafen,Rückgewinnung: einmalig Freiminuten,"recency 322 d, 1 Fahrten, 4.90 EUR",2026-08-25,2026-11-23,BASIS
3064,K-003064,Gelegenheitsnutzer,Anlass schaffen: Wetter-/Veranstaltungshinweis,"recency 4 d, 4 Fahrten, 12.45 EUR",2026-08-25,2026-11-23,BASIS
3065,K-003065,Umsatzträger,nicht anfassen: sie tragen den Umsatz,"recency 29 d, 9 Fahrten, 31.75 EUR",2026-08-25,2026-11-23,BASIS
3066,K-003066,Gelegenheitsnutzer,Anlass schaffen: Wetter-/Veranstaltungshinweis,"recency 52 d, 4 Fahrten, 5.10 EUR",2026-08-25,2026-11-23,STUDENT
3067,K-003067,Umsatzträger,nicht anfassen: sie tragen den Umsatz,"recency 114 d, 3 Fahrten, 49.15 EUR",2026-08-25,2026-11-23,BASIS
3068,K-003068,"Früher aktiv, jetzt inaktiv",Rückgewinnung: was hat gefehlt?,"seit 1181 Tagen angemeldet, keine Fahrt im 365-Tage-Fenster",2026-08-25,2026-11-23,STUDENT
3069,K-003069,Gelegenheitsnutzer,Anlass schaffen: Wetter-/Veranstaltungshinweis,"recency 30 d, 1 Fahrten, 0.50 EUR",2026-08-25,2026-11-23,BASIS
3070,K-003070,Gelegenheitsnutzer,Anlass schaffen: Wetter-/Veranstaltungshinweis,"recency 72 d, 1 Fahrten, 0.60 EUR",2026-08-25,2026-11-23,BASIS
3071,K-003071,Eingeschlafen,Rückgewinnung: einmalig Freiminuten,"recency 159 d, 2 Fahrten, 0.20 EUR",2026-08-25,2026-11-23,OEPNV
3072,K-003072,Eingeschlafen,Rückgewinnung: einmalig Freiminuten,"recency 274 d, 5 Fahrten, 12.00 EUR",2026-08-25,2026-11-23,BASIS
3073,K-003073,Vielfahrer,"Bindung halten — und je Tarif prüfen, ob das Freiminutenvolumen nötig ist","recency 9 d, 27 Fahrten, 14.72 EUR",2026-08-25,2026-11-23,PREMIUM
3074,K-003074,Gelegenheitsnutzer,Anlass schaffen: Wetter-/Veranstaltungshinweis,"recency 12 d, 4 Fahrten, 3.20 EUR",2026-08-25,2026-11-23,STUDENT
3075,K-003075,Gelegenheitsnutzer,Anlass schaffen: Wetter-/Veranstaltungshinweis,"recency 12 d, 7 Fahrten, 5.04 EUR",2026-08-25,2026-11-23,PREMIUM
3076,K-003076,Gelegenheitsnutzer,Anlass schaffen: Wetter-/Veranstaltungshinweis,"recency 17 d, 10 Fahrten, 18.40 EUR",2026-08-25,2026-11-23,STUDENT
3077,K-003077,Vielfahrer,"Bindung halten — und je Tarif prüfen, ob das Freiminutenvolumen nötig ist","recency 19 d, 30 Fahrten, 44.88 EUR",2026-08-25,2026-11-23,PREMIUM
3078,K-003078,Gelegenheitsnutzer,Anlass schaffen: Wetter-/Veranstaltungshinweis,"recency 60 d, 1 Fahrten, 11.50 EUR",2026-08-25,2026-11-23,BASIS
3079,K-003079,"Neu, noch keine Erstfahrt",Willkommensansprache zur Erstfahrt,"seit 111 Tagen angemeldet, keine Fahrt im 365-Tage-Fenster",2026-08-25,2026-11-23,BASIS
3080,K-003080,"Früher aktiv, jetzt inaktiv",Rückgewinnung: was hat gefehlt?,"seit 613 Tagen angemeldet, keine Fahrt im 365-Tage-Fenster",2026-08-25,2026-11-23,PREMIUM
3081,K-003081,Vielfahrer,"Bindung halten — und je Tarif prüfen, ob das Freiminutenvolumen nötig ist","recency 13 d, 15 Fahrten, 10.90 EUR",2026-08-25,2026-11-23,OEPNV
3082,K-003082,Gelegenheitsnutzer,Anlass schaffen: Wetter-/Veranstaltungshinweis,"recency 16 d, 9 Fahrten, 14.28 EUR",2026-08-25,2026-11-23,PREMIUM
3083,K-003083,Gelegenheitsnutzer,Anlass schaffen: Wetter-/Veranstaltungshinweis,"recency 52 d, 5 Fahrten, 4.20 EUR",2026-08-25,2026-11-23,STUDENT
3084,K-003084,Gelegenheitsnutzer,Anlass schaffen: Wetter-/Veranstaltungshinweis,"recency 129 d, 6 Fahrten, 21.55 EUR",2026-08-25,2026-11-23,BASIS
3085,K-003085,Gelegenheitsnutzer,Anlass schaffen: Wetter-/Veranstaltungshinweis,"recency 8 d, 4 Fahrten, 1.30 EUR",2026-08-25,2026-11-23,OEPNV
3086,K-003086,Gelegenheitsnutzer,Anlass schaffen: Wetter-/Veranstaltungshinweis,"recency 55 d, 7 Fahrten, 9.45 EUR",2026-08-25,2026-11-23,STUDENT
3087,K-003087,Gelegenheitsnutzer,Anlass schaffen: Wetter-/Veranstaltungshinweis,"recency 10 d, 6 Fahrten, 6.20 EUR",2026-08-25,2026-11-23,STUDENT
3088,K-003088,Gelegenheitsnutzer,Anlass schaffen: Wetter-/Veranstaltungshinweis,"recency 94 d, 4 Fahrten, 19.40 EUR",2026-08-25,2026-11-23,BASIS
3089,K-003089,Vielfahrer,"Bindung halten — und je Tarif prüfen, ob das Freiminutenvolumen nötig ist","recency 18 d, 13 Fahrten, 5.44 EUR",2026-08-25,2026-11-23,PREMIUM
3090,K-003090,Eingeschlafen,Rückgewinnung: einmalig Freiminuten,"recency 223 d, 3 Fahrten, 16.00 EUR",2026-08-25,2026-11-23,BASIS
3091,K-003091,Umsatzträger,nicht anfassen: sie tragen den Umsatz,"recency 50 d, 9 Fahrten, 30.90 EUR",2026-08-25,2026-11-23,STUDENT
3092,K-003092,"Neu, noch keine Erstfahrt",Willkommensansprache zur Erstfahrt,"seit 233 Tagen angemeldet, keine Fahrt im 365-Tage-Fenster",2026-08-25,2026-11-23,BASIS
3093,K-003093,"Früher aktiv, jetzt inaktiv",Rückgewinnung: was hat gefehlt?,"seit 1462 Tagen angemeldet, keine Fahrt im 365-Tage-Fenster",2026-08-25,2026-11-23,BASIS
3094,K-003094,Gelegenheitsnutzer,Anlass schaffen: Wetter-/Veranstaltungshinweis,"recency 140 d, 1 Fahrten, 0.10 EUR",2026-08-25,2026-11-23,STUDENT
3095,K-003095,Gelegenheitsnutzer,Anlass schaffen: Wetter-/Veranstaltungshinweis,"recency 3 d, 10 Fahrten, 10.70 EUR",2026-08-25,2026-11-23,OEPNV
3096,K-003096,Vielfahrer,"Bindung halten — und je Tarif prüfen, ob das Freiminutenvolumen nötig ist","recency 7 d, 44 Fahrten, 26.40 EUR",2026-08-25,2026-11-23,PREMIUM
3098,K-003098,"Früher aktiv, jetzt inaktiv",Rückgewinnung: was hat gefehlt?,"seit 1372 Tagen angemeldet, keine Fahrt im 365-Tage-Fenster",2026-08-25,2026-11-23,BASIS
3099,K-003099,Gelegenheitsnutzer,Anlass schaffen: Wetter-/Veranstaltungshinweis,"recency 10 d, 7 Fahrten, 2.00 EUR",2026-08-25,2026-11-23,PREMIUM
3100,K-003100,Gelegenheitsnutzer,Anlass schaffen: Wetter-/Veranstaltungshinweis,"recency 34 d, 3 Fahrten, 6.70 EUR",2026-08-25,2026-11-23,OEPNV
3101,K-003101,"Früher aktiv, jetzt inaktiv",Rückgewinnung: was hat gefehlt?,"seit 1137 Tagen angemeldet, keine Fahrt im 365-Tage-Fenster",2026-08-25,2026-11-23,BASIS
3102,K-003102,Vielfahrer,"Bindung halten — und je Tarif prüfen, ob das Freiminutenvolumen nötig ist","recency 24 d, 23 Fahrten, 13.76 EUR",2026-08-25,2026-11-23,PREMIUM
3103,K-003103,Gelegenheitsnutzer,Anlass schaffen: Wetter-/Veranstaltungshinweis,"recency 55 d, 3 Fahrten, 7.90 EUR",2026-08-25,2026-11-23,BASIS
3104,K-003104,"Früher aktiv, jetzt inaktiv",Rückgewinnung: was hat gefehlt?,"seit 1313 Tagen angemeldet, keine Fahrt im 365-Tage-Fenster",2026-08-25,2026-11-23,BASIS
3105,K-003105,Gelegenheitsnutzer,Anlass schaffen: Wetter-/Veranstaltungshinweis,"recency 29 d, 4 Fahrten, 13.10 EUR",2026-08-25,2026-11-23,BASIS
3106,K-003106,Gelegenheitsnutzer,Anlass schaffen: Wetter-/Veranstaltungshinweis,"recency 18 d, 6 Fahrten, 5.20 EUR",2026-08-25,2026-11-23,STUDENT
3107,K-003107,Vielfahrer,"Bindung halten — und je Tarif prüfen, ob das Freiminutenvolumen nötig ist","recency 5 d, 14 Fahrten, 9.40 EUR",2026-08-25,2026-11-23,OEPNV
3108,K-003108,"Neu, noch keine Erstfahrt",Willkommensansprache zur Erstfahrt,"seit 109 Tagen angemeldet, keine Fahrt im 365-Tage-Fenster",2026-08-25,2026-11-23,BASIS
3109,K-003109,Eingeschlafen,Rückgewinnung: einmalig Freiminuten,"recency 331 d, 1 Fahrten, 0.80 EUR",2026-08-25,2026-11-23,PREMIUM
3110,K-003110,Vielfahrer,"Bindung halten — und je Tarif prüfen, ob das Freiminutenvolumen nötig ist","recency 20 d, 23 Fahrten, 17.52 EUR",2026-08-25,2026-11-23,PREMIUM
3111,K-003111,Gelegenheitsnutzer,Anlass schaffen: Wetter-/Veranstaltungshinweis,"recency 66 d, 7 Fahrten, 13.90 EUR",2026-08-25,2026-11-23,STUDENT
3112,K-003112,"Früher aktiv, jetzt inaktiv",Rückgewinnung: was hat gefehlt?,"seit 1553 Tagen angemeldet, keine Fahrt im 365-Tage-Fenster",2026-08-25,2026-11-23,STUDENT
3113,K-003113,Vielfahrer,"Bindung halten — und je Tarif prüfen, ob das Freiminutenvolumen nötig ist","recency 0 d, 21 Fahrten, 33.00 EUR",2026-08-25,2026-11-23,OEPNV
3114,K-003114,"Früher aktiv, jetzt inaktiv",Rückgewinnung: was hat gefehlt?,"seit 1626 Tagen angemeldet, keine Fahrt im 365-Tage-Fenster",2026-08-25,2026-11-23,BASIS
3115,K-003115,Gelegenheitsnutzer,Anlass schaffen: Wetter-/Veranstaltungshinweis,"recency 38 d, 5 Fahrten, 1.12 EUR",2026-08-25,2026-11-23,PREMIUM
3116,K-003116,Umsatzträger,nicht anfassen: sie tragen den Umsatz,"recency 20 d, 3 Fahrten, 47.45 EUR",2026-08-25,2026-11-23,BASIS
3117,K-003117,Gelegenheitsnutzer,Anlass schaffen: Wetter-/Veranstaltungshinweis,"recency 17 d, 5 Fahrten, 4.10 EUR",2026-08-25,2026-11-23,STUDENT
3118,K-003118,Vielfahrer,"Bindung halten — und je Tarif prüfen, ob das Freiminutenvolumen nötig ist","recency 7 d, 15 Fahrten, 9.70 EUR",2026-08-25,2026-11-23,OEPNV
3119,K-003119,"Früher aktiv, jetzt inaktiv",Rückgewinnung: was hat gefehlt?,"seit 1792 Tagen angemeldet, keine Fahrt im 365-Tage-Fenster",2026-08-25,2026-11-23,BASIS
3120,K-003120,Umsatzträger,nicht anfassen: sie tragen den Umsatz,"recency 23 d, 10 Fahrten, 54.85 EUR",2026-08-25,2026-11-23,BASIS
3121,K-003121,Eingeschlafen,Rückgewinnung: einmalig Freiminuten,"recency 282 d, 1 Fahrten, 0.60 EUR",2026-08-25,2026-11-23,BASIS
3122,K-003122,Vielfahrer,"Bindung halten — und je Tarif prüfen, ob das Freiminutenvolumen nötig ist","recency 1 d, 17 Fahrten, 53.85 EUR",2026-08-25,2026-11-23,OEPNV
3123,K-003123,Gelegenheitsnutzer,Anlass schaffen: Wetter-/Veranstaltungshinweis,"recency 4 d, 8 Fahrten, 5.20 EUR",2026-08-25,2026-11-23,STUDENT
3124,K-003124,Vielfahrer,"Bindung halten — und je Tarif prüfen, ob das Freiminutenvolumen nötig ist","recency 4 d, 13 Fahrten, 7.60 EUR",2026-08-25,2026-11-23,PREMIUM
3125,K-003125,Gelegenheitsnutzer,Anlass schaffen: Wetter-/Veranstaltungshinweis,"recency 51 d, 1 Fahrten, 12.50 EUR",2026-08-25,2026-11-23,BASIS
3126,K-003126,Vielfahrer,"Bindung halten — und je Tarif prüfen, ob das Freiminutenvolumen nötig ist","recency 18 d, 13 Fahrten, 30.40 EUR",2026-08-25,2026-11-23,STUDENT
3127,K-003127,Gelegenheitsnutzer,Anlass schaffen: Wetter-/Veranstaltungshinweis,"recency 82 d, 2 Fahrten, 10.50 EUR",2026-08-25,2026-11-23,BASIS
3128,K-003128,Gelegenheitsnutzer,Anlass schaffen: Wetter-/Veranstaltungshinweis,"recency 37 d, 3 Fahrten, 7.50 EUR",2026-08-25,2026-11-23,BASIS
3129,K-003129,Eingeschlafen,Rückgewinnung: einmalig Freiminuten,"recency 314 d, 1 Fahrten, 0.80 EUR",2026-08-25,2026-11-23,BASIS
3130,K-003130,Umsatzträger,nicht anfassen: sie tragen den Umsatz,"recency 42 d, 10 Fahrten, 37.85 EUR",2026-08-25,2026-11-23,BASIS
3131,K-003131,"Früher aktiv, jetzt inaktiv",Rückgewinnung: was hat gefehlt?,"seit 630 Tagen angemeldet, keine Fahrt im 365-Tage-Fenster",2026-08-25,2026-11-23,BASIS
3132,K-003132,Umsatzträger,nicht anfassen: sie tragen den Umsatz,"recency 18 d, 12 Fahrten, 55.50 EUR",2026-08-25,2026-11-23,BASIS
3133,K-003133,Vielfahrer,"Bindung halten — und je Tarif prüfen, ob das Freiminutenvolumen nötig ist","recency 15 d, 13 Fahrten, 78.75 EUR",2026-08-25,2026-11-23,BASIS
3134,K-003134,Vielfahrer,"Bindung halten — und je Tarif prüfen, ob das Freiminutenvolumen nötig ist","recency 0 d, 14 Fahrten, 33.20 EUR",2026-08-25,2026-11-23,STUDENT
3136,K-003136,Gelegenheitsnutzer,Anlass schaffen: Wetter-/Veranstaltungshinweis,"recency 0 d, 9 Fahrten, 4.50 EUR",2026-08-25,2026-11-23,OEPNV
3137,K-003137,Vielfahrer,"Bindung halten — und je Tarif prüfen, ob das Freiminutenvolumen nötig ist","recency 7 d, 26 Fahrten, 109.95 EUR",2026-08-25,2026-11-23,BASIS
3138,K-003138,Vielfahrer,"Bindung halten — und je Tarif prüfen, ob das Freiminutenvolumen nötig ist","recency 37 d, 13 Fahrten, 4.00 EUR",2026-08-25,2026-11-23,PREMIUM
3139,K-003139,Vielfahrer,"Bindung halten — und je Tarif prüfen, ob das Freiminutenvolumen nötig ist","recency 19 d, 16 Fahrten, 37.40 EUR",2026-08-25,2026-11-23,STUDENT
3140,K-003140,Vielfahrer,"Bindung halten — und je Tarif prüfen, ob das Freiminutenvolumen nötig ist","recency 2 d, 39 Fahrten, 26.24 EUR",2026-08-25,2026-11-23,PREMIUM
3141,K-003141,Gelegenheitsnutzer,Anlass schaffen: Wetter-/Veranstaltungshinweis,"recency 1 d, 5 Fahrten, 26.70 EUR",2026-08-25,2026-11-23,BASIS
3142,K-003142,Eingeschlafen,Rückgewinnung: einmalig Freiminuten,"recency 313 d, 3 Fahrten, 13.10 EUR",2026-08-25,2026-11-23,BASIS
3143,K-003143,Vielfahrer,"Bindung halten — und je Tarif prüfen, ob das Freiminutenvolumen nötig ist","recency 7 d, 52 Fahrten, 92.50 EUR",2026-08-25,2026-11-23,OEPNV
3144,K-003144,"Früher aktiv, jetzt inaktiv",Rückgewinnung: was hat gefehlt?,"seit 1826 Tagen angemeldet, keine Fahrt im 365-Tage-Fenster",2026-08-25,2026-11-23,STUDENT
3145,K-003145,Vielfahrer,"Bindung halten — und je Tarif prüfen, ob das Freiminutenvolumen nötig ist","recency 12 d, 16 Fahrten, 64.95 EUR",2026-08-25,2026-11-23,BASIS
3147,K-003147,"Früher aktiv, jetzt inaktiv",Rückgewinnung: was hat gefehlt?,"seit 615 Tagen angemeldet, keine Fahrt im 365-Tage-Fenster",2026-08-25,2026-11-23,BASIS
3148,K-003148,Vielfahrer,"Bindung halten — und je Tarif prüfen, ob das Freiminutenvolumen nötig ist","recency 7 d, 33 Fahrten, 41.60 EUR",2026-08-25,2026-11-23,OEPNV
3149,K-003149,Vielfahrer,"Bindung halten — und je Tarif prüfen, ob das Freiminutenvolumen nötig ist","recency 25 d, 18 Fahrten, 8.00 EUR",2026-08-25,2026-11-23,PREMIUM
3150,K-003150,"Neu, noch keine Erstfahrt",Willkommensansprache zur Erstfahrt,"seit 237 Tagen angemeldet, keine Fahrt im 365-Tage-Fenster",2026-08-25,2026-11-23,BASIS
3151,K-003151,Vielfahrer,"Bindung halten — und je Tarif prüfen, ob das Freiminutenvolumen nötig ist","recency 32 d, 27 Fahrten, 20.80 EUR",2026-08-25,2026-11-23,PREMIUM
3152,K-003152,"Früher aktiv, jetzt inaktiv",Rückgewinnung: was hat gefehlt?,"seit 1336 Tagen angemeldet, keine Fahrt im 365-Tage-Fenster",2026-08-25,2026-11-23,BASIS
3153,K-003153,"Früher aktiv, jetzt inaktiv",Rückgewinnung: was hat gefehlt?,"seit 807 Tagen angemeldet, keine Fahrt im 365-Tage-Fenster",2026-08-25,2026-11-23,BASIS
3154,K-003154,Umsatzträger,nicht anfassen: sie tragen den Umsatz,"recency 85 d, 10 Fahrten, 86.15 EUR",2026-08-25,2026-11-23,BASIS
3156,K-003156,Gelegenheitsnutzer,Anlass schaffen: Wetter-/Veranstaltungshinweis,"recency 27 d, 3 Fahrten, 2.10 EUR",2026-08-25,2026-11-23,STUDENT
3157,K-003157,Gelegenheitsnutzer,Anlass schaffen: Wetter-/Veranstaltungshinweis,"recency 30 d, 1 Fahrten, 0.08 EUR",2026-08-25,2026-11-23,PREMIUM
3158,K-003158,Gelegenheitsnutzer,Anlass schaffen: Wetter-/Veranstaltungshinweis,"recency 31 d, 3 Fahrten, 1.80 EUR",2026-08-25,2026-11-23,STUDENT
3159,K-003159,"Früher aktiv, jetzt inaktiv",Rückgewinnung: was hat gefehlt?,"seit 1192 Tagen angemeldet, keine Fahrt im 365-Tage-Fenster",2026-08-25,2026-11-23,BASIS
3160,K-003160,Vielfahrer,"Bindung halten — und je Tarif prüfen, ob das Freiminutenvolumen nötig ist","recency 28 d, 25 Fahrten, 44.25 EUR",2026-08-25,2026-11-23,OEPNV
3161,K-003161,Vielfahrer,"Bindung halten — und je Tarif prüfen, ob das Freiminutenvolumen nötig ist","recency 4 d, 35 Fahrten, 32.40 EUR",2026-08-25,2026-11-23,PREMIUM
3162,K-003162,Umsatzträger,nicht anfassen: sie tragen den Umsatz,"recency 33 d, 12 Fahrten, 167.10 EUR",2026-08-25,2026-11-23,STUDENT
3163,K-003163,"Neu, noch keine Erstfahrt",Willkommensansprache zur Erstfahrt,"seit 42 Tagen angemeldet, keine Fahrt im 365-Tage-Fenster",2026-08-25,2026-11-23,BASIS
3164,K-003164,Vielfahrer,"Bindung halten — und je Tarif prüfen, ob das Freiminutenvolumen nötig ist","recency 8 d, 29 Fahrten, 66.25 EUR",2026-08-25,2026-11-23,STUDENT
3165,K-003165,"Früher aktiv, jetzt inaktiv",Rückgewinnung: was hat gefehlt?,"seit 1801 Tagen angemeldet, keine Fahrt im 365-Tage-Fenster",2026-08-25,2026-11-23,STUDENT
3166,K-003166,"Früher aktiv, jetzt inaktiv",Rückgewinnung: was hat gefehlt?,"seit 1799 Tagen angemeldet, keine Fahrt im 365-Tage-Fenster",2026-08-25,2026-11-23,OEPNV
3167,K-003167,Vielfahrer,"Bindung halten — und je Tarif prüfen, ob das Freiminutenvolumen nötig ist","recency 3 d, 22 Fahrten, 17.10 EUR",2026-08-25,2026-11-23,OEPNV
3169,K-003169,Gelegenheitsnutzer,Anlass schaffen: Wetter-/Veranstaltungshinweis,"recency 45 d, 11 Fahrten, 16.90 EUR",2026-08-25,2026-11-23,STUDENT
3170,K-003170,Vielfahrer,"Bindung halten — und je Tarif prüfen, ob das Freiminutenvolumen nötig ist","recency 7 d, 50 Fahrten, 37.80 EUR",2026-08-25,2026-11-23,PREMIUM
3171,K-003171,Gelegenheitsnutzer,Anlass schaffen: Wetter-/Veranstaltungshinweis,"recency 67 d, 1 Fahrten, 1.60 EUR",2026-08-25,2026-11-23,BASIS
3172,K-003172,"Früher aktiv, jetzt inaktiv",Rückgewinnung: was hat gefehlt?,"seit 742 Tagen angemeldet, keine Fahrt im 365-Tage-Fenster",2026-08-25,2026-11-23,OEPNV
3173,K-003173,Gelegenheitsnutzer,Anlass schaffen: Wetter-/Veranstaltungshinweis,"recency 11 d, 9 Fahrten, 15.10 EUR",2026-08-25,2026-11-23,STUDENT
3174,K-003174,"Früher aktiv, jetzt inaktiv",Rückgewinnung: was hat gefehlt?,"seit 860 Tagen angemeldet, keine Fahrt im 365-Tage-Fenster",2026-08-25,2026-11-23,BASIS
3175,K-003175,Gelegenheitsnutzer,Anlass schaffen: Wetter-/Veranstaltungshinweis,"recency 13 d, 12 Fahrten, 9.50 EUR",2026-08-25,2026-11-23,OEPNV
3176,K-003176,Eingeschlafen,Rückgewinnung: einmalig Freiminuten,"recency 223 d, 2 Fahrten, 15.70 EUR",2026-08-25,2026-11-23,BASIS
3177,K-003177,Gelegenheitsnutzer,Anlass schaffen: Wetter-/Veranstaltungshinweis,"recency 81 d, 2 Fahrten, 2.00 EUR",2026-08-25,2026-11-23,STUDENT
3178,K-003178,Gelegenheitsnutzer,Anlass schaffen: Wetter-/Veranstaltungshinweis,"recency 90 d, 2 Fahrten, 8.40 EUR",2026-08-25,2026-11-23,BASIS
3179,K-003179,Vielfahrer,"Bindung halten — und je Tarif prüfen, ob das Freiminutenvolumen nötig ist","recency 9 d, 32 Fahrten, 34.45 EUR",2026-08-25,2026-11-23,OEPNV
3180,K-003180,Gelegenheitsnutzer,Anlass schaffen: Wetter-/Veranstaltungshinweis,"recency 15 d, 5 Fahrten, 14.80 EUR",2026-08-25,2026-11-23,BASIS
3181,K-003181,"Früher aktiv, jetzt inaktiv",Rückgewinnung: was hat gefehlt?,"seit 434 Tagen angemeldet, keine Fahrt im 365-Tage-Fenster",2026-08-25,2026-11-23,BASIS
3182,K-003182,Vielfahrer,"Bindung halten — und je Tarif prüfen, ob das Freiminutenvolumen nötig ist","recency 8 d, 28 Fahrten, 49.96 EUR",2026-08-25,2026-11-23,PREMIUM
3183,K-003183,Umsatzträger,nicht anfassen: sie tragen den Umsatz,"recency 8 d, 10 Fahrten, 44.45 EUR",2026-08-25,2026-11-23,BASIS
3185,K-003185,Umsatzträger,nicht anfassen: sie tragen den Umsatz,"recency 57 d, 4 Fahrten, 43.60 EUR",2026-08-25,2026-11-23,BASIS
3186,K-003186,Vielfahrer,"Bindung halten — und je Tarif prüfen, ob das Freiminutenvolumen nötig ist","recency 12 d, 31 Fahrten, 42.90 EUR",2026-08-25,2026-11-23,OEPNV
3187,K-003187,"Früher aktiv, jetzt inaktiv",Rückgewinnung: was hat gefehlt?,"seit 1698 Tagen angemeldet, keine Fahrt im 365-Tage-Fenster",2026-08-25,2026-11-23,BASIS
3188,K-003188,Eingeschlafen,Rückgewinnung: einmalig Freiminuten,"recency 270 d, 1 Fahrten, 0.08 EUR",2026-08-25,2026-11-23,PREMIUM
3189,K-003189,Vielfahrer,"Bindung halten — und je Tarif prüfen, ob das Freiminutenvolumen nötig ist","recency 22 d, 38 Fahrten, 33.68 EUR",2026-08-25,2026-11-23,PREMIUM
3190,K-003190,Gelegenheitsnutzer,Anlass schaffen: Wetter-/Veranstaltungshinweis,"recency 50 d, 5 Fahrten, 12.30 EUR",2026-08-25,2026-11-23,BASIS
3191,K-003191,Gelegenheitsnutzer,Anlass schaffen: Wetter-/Veranstaltungshinweis,"recency 51 d, 3 Fahrten, 21.60 EUR",2026-08-25,2026-11-23,BASIS
3192,K-003192,Vielfahrer,"Bindung halten — und je Tarif prüfen, ob das Freiminutenvolumen nötig ist","recency 26 d, 33 Fahrten, 23.20 EUR",2026-08-25,2026-11-23,PREMIUM
3193,K-003193,Umsatzträger,nicht anfassen: sie tragen den Umsatz,"recency 10 d, 12 Fahrten, 75.95 EUR",2026-08-25,2026-11-23,BASIS
3194,K-003194,"Früher aktiv, jetzt inaktiv",Rückgewinnung: was hat gefehlt?,"seit 1783 Tagen angemeldet, keine Fahrt im 365-Tage-Fenster",2026-08-25,2026-11-23,OEPNV
3195,K-003195,Umsatzträger,nicht anfassen: sie tragen den Umsatz,"recency 4 d, 10 Fahrten, 69.85 EUR",2026-08-25,2026-11-23,BASIS
3196,K-003196,"Neu, noch keine Erstfahrt",Willkommensansprache zur Erstfahrt,"seit 308 Tagen angemeldet, keine Fahrt im 365-Tage-Fenster",2026-08-25,2026-11-23,BASIS
3197,K-003197,Gelegenheitsnutzer,Anlass schaffen: Wetter-/Veranstaltungshinweis,"recency 26 d, 7 Fahrten, 19.20 EUR",2026-08-25,2026-11-23,STUDENT
3198,K-003198,Gelegenheitsnutzer,Anlass schaffen: Wetter-/Veranstaltungshinweis,"recency 136 d, 2 Fahrten, 4.55 EUR",2026-08-25,2026-11-23,BASIS
3199,K-003199,"Früher aktiv, jetzt inaktiv",Rückgewinnung: was hat gefehlt?,"seit 1411 Tagen angemeldet, keine Fahrt im 365-Tage-Fenster",2026-08-25,2026-11-23,PREMIUM
3200,K-003200,Eingeschlafen,Rückgewinnung: einmalig Freiminuten,"recency 212 d, 1 Fahrten, 6.10 EUR",2026-08-25,2026-11-23,BASIS
