kunde_id,kundennummer,registriert_am,geburtsjahr,stadtteil,tarif_code,status
1,K-000001,2025-07-31,1999,Versbach,STUDENT,aktiv
2,K-000002,2025-09-10,2002,Zellerau,BASIS,aktiv
3,K-000003,2023-04-30,2003,Lengfeld,BASIS,aktiv
4,K-000004,2022-11-18,1996,Zellerau,OEPNV,aktiv
5,K-000005,2025-02-18,2002,Lengfeld,STUDENT,aktiv
6,K-000006,2023-04-06,1961,Lengfeld,BASIS,aktiv
7,K-000007,2025-03-14,2001,Lengfeld,STUDENT,aktiv
8,K-000008,2023-05-31,1998,Zellerau,STUDENT,aktiv
9,K-000009,2022-12-14,2004,Altstadt,STUDENT,aktiv
10,K-000010,2026-04-07,1973,Umland,BASIS,aktiv
11,K-000011,2023-09-16,1992,Frauenland,STUDENT,aktiv
12,K-000012,2022-08-23,1965,Versbach,PREMIUM,aktiv
13,K-000013,2024-10-24,1992,Heidingsfeld,OEPNV,aktiv
14,K-000014,2025-08-15,1982,Lengfeld,OEPNV,aktiv
15,K-000015,2026-07-06,2007,Umland,STUDENT,aktiv
16,K-000016,2025-06-22,1999,Versbach,STUDENT,aktiv
17,K-000017,2026-04-15,1971,Versbach,BASIS,aktiv
18,K-000018,2024-08-18,1965,Sanderau,OEPNV,aktiv
19,K-000019,2022-12-26,1958,Grombuehl,PREMIUM,aktiv
20,K-000020,2025-07-08,1970,Sanderau,OEPNV,aktiv
21,K-000021,2026-02-14,2007,Altstadt,STUDENT,aktiv
22,K-000022,2024-04-20,1989,Umland,BASIS,aktiv
23,K-000023,2023-04-18,1963,Umland,STUDENT,aktiv
24,K-000024,2023-01-17,1994,Lengfeld,OEPNV,aktiv
25,K-000025,2026-04-03,2005,Altstadt,STUDENT,aktiv
26,K-000026,2023-03-19,1968,Sanderau,BASIS,aktiv
27,K-000027,2025-11-14,1969,Heidingsfeld,BASIS,aktiv
28,K-000028,2024-12-16,1998,Heidingsfeld,STUDENT,aktiv
29,K-000029,2023-06-22,1967,Frauenland,BASIS,aktiv
30,K-000030,2024-08-13,1991,Umland,PREMIUM,aktiv
31,K-000031,2024-10-17,1998,Versbach,STUDENT,aktiv
32,K-000032,2023-06-06,1989,Sanderau,PREMIUM,aktiv
33,K-000033,2023-07-09,1977,Versbach,OEPNV,aktiv
34,K-000034,2023-04-07,1973,Altstadt,BASIS,aktiv
35,K-000035,2024-07-19,1988,Altstadt,BASIS,aktiv
36,K-000036,2022-12-14,1996,Sanderau,OEPNV,aktiv
37,K-000037,2023-05-21,1956,Versbach,BASIS,aktiv
38,K-000038,2023-05-08,1978,Frauenland,OEPNV,aktiv
39,K-000039,2024-08-15,1999,Lengfeld,BASIS,aktiv
40,K-000040,2024-02-02,1998,Versbach,STUDENT,aktiv
41,K-000041,2022-10-12,1964,Zellerau,PREMIUM,aktiv
42,K-000042,2023-05-12,2004,Frauenland,STUDENT,aktiv
43,K-000043,2025-06-03,1993,Altstadt,BASIS,aktiv
44,K-000044,2024-07-31,1986,Zellerau,OEPNV,aktiv
45,K-000045,2025-07-03,2005,Sanderau,STUDENT,aktiv
46,K-000046,2025-08-19,1999,Sanderau,OEPNV,aktiv
47,K-000047,2023-05-29,2006,Zellerau,STUDENT,aktiv
48,K-000048,2025-05-29,2001,Frauenland,STUDENT,aktiv
49,K-000049,2026-06-06,1973,Grombuehl,BASIS,aktiv
50,K-000050,2023-11-19,1983,Umland,BASIS,aktiv
51,K-000051,2026-02-07,1961,Altstadt,PREMIUM,aktiv
52,K-000052,2022-09-22,1998,Versbach,OEPNV,aktiv
53,K-000053,2023-06-21,2005,Sanderau,BASIS,aktiv
54,K-000054,2023-09-08,1984,Versbach,PREMIUM,aktiv
55,K-000055,2023-08-19,2000,Umland,STUDENT,aktiv
56,K-000056,2024-10-01,1956,Sanderau,BASIS,aktiv
57,K-000057,2023-12-25,1963,Versbach,STUDENT,aktiv
58,K-000058,2025-01-01,1976,Grombuehl,PREMIUM,aktiv
59,K-000059,2022-09-15,1992,Lengfeld,PREMIUM,aktiv
60,K-000060,2025-12-15,1999,Heidingsfeld,BASIS,aktiv
61,K-000061,2024-02-19,1968,Sanderau,BASIS,aktiv
62,K-000062,2023-01-16,1973,Versbach,BASIS,aktiv
63,K-000063,2024-11-16,1993,Sanderau,PREMIUM,aktiv
64,K-000064,2022-11-13,1974,Lengfeld,BASIS,aktiv
65,K-000065,2024-11-21,1993,Zellerau,OEPNV,aktiv
66,K-000066,2022-08-05,2005,Versbach,STUDENT,aktiv
67,K-000067,2023-01-07,1971,Sanderau,BASIS,aktiv
68,K-000068,2023-07-30,1999,Frauenland,BASIS,gesperrt
69,K-000069,2023-08-26,1962,Umland,BASIS,aktiv
70,K-000070,2023-12-22,1998,Versbach,STUDENT,aktiv
71,K-000071,2022-08-10,1998,Altstadt,STUDENT,aktiv
72,K-000072,2023-09-13,1998,Sanderau,STUDENT,aktiv
73,K-000073,2023-06-05,2003,Versbach,STUDENT,aktiv
74,K-000074,2023-01-16,1999,Versbach,BASIS,aktiv
75,K-000075,2023-01-29,1994,Frauenland,OEPNV,aktiv
76,K-000076,2024-05-20,1972,Sanderau,STUDENT,aktiv
77,K-000077,2022-07-29,1957,Versbach,BASIS,aktiv
78,K-000078,2025-09-16,1993,Zellerau,BASIS,aktiv
79,K-000079,2022-09-12,1979,Sanderau,BASIS,aktiv
80,K-000080,2022-12-13,2007,Frauenland,BASIS,aktiv
81,K-000081,2022-08-12,1957,Zellerau,BASIS,aktiv
82,K-000082,2026-01-01,1993,Umland,PREMIUM,aktiv
83,K-000083,2024-04-19,2002,Altstadt,STUDENT,aktiv
84,K-000084,2024-02-29,1974,Zellerau,BASIS,aktiv
85,K-000085,2024-01-05,1987,Altstadt,PREMIUM,aktiv
86,K-000086,2022-10-29,1969,Frauenland,OEPNV,aktiv
87,K-000087,2023-11-02,2004,Sanderau,BASIS,gesperrt
88,K-000088,2025-06-22,1999,Zellerau,OEPNV,aktiv
89,K-000089,2023-05-06,1990,Versbach,BASIS,aktiv
90,K-000090,2023-05-17,1967,Sanderau,BASIS,gesperrt
91,K-000091,2022-09-27,1956,Heidingsfeld,OEPNV,aktiv
92,K-000092,2023-02-26,2003,Frauenland,BASIS,aktiv
93,K-000093,2023-01-07,1979,Sanderau,BASIS,aktiv
94,K-000094,2025-05-11,1994,Heidingsfeld,BASIS,aktiv
95,K-000095,2026-07-02,2004,Lengfeld,BASIS,aktiv
96,K-000096,2025-06-03,1986,Frauenland,OEPNV,aktiv
97,K-000097,2023-06-05,2000,Altstadt,STUDENT,aktiv
98,K-000098,2025-01-07,1977,Sanderau,PREMIUM,aktiv
99,K-000099,2026-01-12,1967,Versbach,BASIS,aktiv
100,K-000100,2023-09-19,2001,Grombuehl,BASIS,aktiv
101,K-000101,2026-03-23,1965,Frauenland,BASIS,aktiv
102,K-000102,2026-03-28,2005,Frauenland,STUDENT,aktiv
103,K-000103,2025-11-13,1994,Sanderau,PREMIUM,aktiv
104,K-000104,2023-06-14,1990,Grombuehl,BASIS,aktiv
105,K-000105,2026-07-05,2005,Lengfeld,STUDENT,aktiv
106,K-000106,2023-12-20,2006,Grombuehl,STUDENT,aktiv
107,K-000107,2025-07-23,1997,Altstadt,BASIS,aktiv
108,K-000108,2025-06-17,1961,Versbach,BASIS,aktiv
109,K-000109,2026-01-20,1979,Umland,BASIS,aktiv
110,K-000110,2026-02-27,1964,Lengfeld,PREMIUM,aktiv
111,K-000111,2026-05-19,2001,Altstadt,BASIS,aktiv
112,K-000112,2024-01-10,1995,Lengfeld,OEPNV,aktiv
113,K-000113,2026-01-30,1991,Heidingsfeld,BASIS,aktiv
114,K-000114,2023-06-06,2003,Lengfeld,PREMIUM,aktiv
115,K-000115,2022-12-14,1987,Sanderau,BASIS,aktiv
116,K-000116,2025-02-15,1985,Versbach,PREMIUM,aktiv
117,K-000117,2025-05-27,2004,Sanderau,STUDENT,aktiv
118,K-000118,2023-09-26,1958,Altstadt,BASIS,aktiv
119,K-000119,2022-08-25,1959,Umland,BASIS,aktiv
120,K-000120,2025-10-29,1984,Sanderau,STUDENT,aktiv
121,K-000121,2023-06-08,1957,Versbach,BASIS,aktiv
122,K-000122,2026-07-15,1993,Lengfeld,PREMIUM,aktiv
123,K-000123,2023-05-24,2003,Sanderau,OEPNV,aktiv
124,K-000124,2024-03-16,1998,Lengfeld,BASIS,aktiv
125,K-000125,2026-06-18,1985,Sanderau,OEPNV,aktiv
126,K-000126,2025-06-17,2004,Sanderau,BASIS,aktiv
127,K-000127,2022-10-10,1989,Grombuehl,OEPNV,aktiv
128,K-000128,2025-03-06,2006,Sanderau,STUDENT,aktiv
129,K-000129,2025-05-25,1976,Grombuehl,PREMIUM,aktiv
130,K-000130,2022-12-09,2002,Altstadt,STUDENT,aktiv
131,K-000131,2024-02-26,2003,Altstadt,STUDENT,aktiv
132,K-000132,2024-11-13,1970,Versbach,BASIS,aktiv
133,K-000133,2025-06-03,1963,Versbach,OEPNV,aktiv
134,K-000134,2025-08-26,1980,Versbach,BASIS,aktiv
135,K-000135,2025-08-12,1983,Zellerau,OEPNV,aktiv
136,K-000136,2025-04-16,1992,Frauenland,PREMIUM,aktiv
137,K-000137,2024-12-24,2007,Heidingsfeld,BASIS,aktiv
138,K-000138,2022-08-12,1959,Umland,BASIS,aktiv
139,K-000139,2022-11-09,1978,Frauenland,PREMIUM,aktiv
140,K-000140,2023-08-22,1991,Grombuehl,BASIS,aktiv
141,K-000141,2024-05-14,1962,Heidingsfeld,BASIS,aktiv
142,K-000142,2026-06-05,1960,Altstadt,BASIS,aktiv
143,K-000143,2024-05-05,1984,Grombuehl,BASIS,aktiv
144,K-000144,2025-04-16,1985,Lengfeld,BASIS,aktiv
145,K-000145,2023-03-21,1972,Frauenland,BASIS,aktiv
146,K-000146,2025-12-05,1983,Grombuehl,PREMIUM,aktiv
147,K-000147,2022-09-13,2003,Sanderau,STUDENT,aktiv
148,K-000148,2024-02-10,1998,Frauenland,STUDENT,aktiv
149,K-000149,2026-04-12,1968,Umland,BASIS,aktiv
150,K-000150,2022-12-03,1977,Altstadt,BASIS,aktiv
151,K-000151,2024-02-28,1995,Lengfeld,BASIS,aktiv
152,K-000152,2025-01-20,1996,Zellerau,BASIS,aktiv
153,K-000153,2022-09-13,1959,Altstadt,OEPNV,aktiv
154,K-000154,2024-09-19,1981,Heidingsfeld,BASIS,aktiv
155,K-000155,2022-11-15,2004,Zellerau,STUDENT,aktiv
156,K-000156,2023-04-14,2004,Lengfeld,STUDENT,aktiv
157,K-000157,2023-08-09,1976,Versbach,BASIS,aktiv
158,K-000158,2023-12-24,1997,Grombuehl,OEPNV,aktiv
159,K-000159,2023-07-19,1994,Versbach,BASIS,aktiv
160,K-000160,2023-10-19,1992,Frauenland,BASIS,aktiv
161,K-000161,2025-12-03,2005,Zellerau,STUDENT,aktiv
162,K-000162,2025-11-30,2004,Umland,BASIS,aktiv
163,K-000163,2023-07-26,1986,Zellerau,PREMIUM,aktiv
164,K-000164,2024-11-10,2000,Heidingsfeld,BASIS,aktiv
165,K-000165,2024-06-26,1998,Sanderau,STUDENT,aktiv
166,K-000166,2023-04-21,1974,Sanderau,BASIS,aktiv
167,K-000167,2023-07-17,2005,Frauenland,BASIS,aktiv
168,K-000168,2023-05-07,2007,Lengfeld,STUDENT,aktiv
169,K-000169,2024-10-21,1988,Sanderau,BASIS,aktiv
170,K-000170,2022-08-16,1977,Frauenland,PREMIUM,aktiv
171,K-000171,2024-10-27,1980,Heidingsfeld,BASIS,aktiv
172,K-000172,2022-12-15,1990,Heidingsfeld,PREMIUM,aktiv
173,K-000173,2023-06-15,1999,Grombuehl,PREMIUM,aktiv
174,K-000174,2023-08-06,1992,Heidingsfeld,OEPNV,aktiv
175,K-000175,2026-05-07,1993,Grombuehl,OEPNV,aktiv
176,K-000176,2023-04-09,2004,Zellerau,BASIS,aktiv
177,K-000177,2023-03-06,1977,Sanderau,BASIS,aktiv
178,K-000178,2024-08-23,2000,Grombuehl,STUDENT,aktiv
179,K-000179,2024-07-15,1971,Umland,BASIS,aktiv
180,K-000180,2025-08-18,2004,Heidingsfeld,STUDENT,aktiv
181,K-000181,2026-05-28,1993,Grombuehl,BASIS,aktiv
182,K-000182,2022-08-25,1976,Versbach,BASIS,aktiv
183,K-000183,2024-11-22,1980,Versbach,BASIS,aktiv
184,K-000184,2024-05-16,1988,Versbach,BASIS,gesperrt
185,K-000185,2022-09-09,1999,Heidingsfeld,PREMIUM,aktiv
186,K-000186,2023-08-25,2006,Sanderau,STUDENT,aktiv
187,K-000187,2026-01-10,1981,Heidingsfeld,PREMIUM,aktiv
188,K-000188,2024-12-07,1995,Umland,BASIS,aktiv
189,K-000189,2025-08-23,1998,Sanderau,STUDENT,aktiv
190,K-000190,2023-07-15,1997,Umland,STUDENT,aktiv
191,K-000191,2023-01-05,1987,Zellerau,BASIS,aktiv
192,K-000192,2023-02-03,1999,Zellerau,BASIS,aktiv
193,K-000193,2023-01-28,1988,Grombuehl,PREMIUM,aktiv
194,K-000194,2026-04-27,2002,Umland,BASIS,aktiv
195,K-000195,2023-02-16,2005,Heidingsfeld,BASIS,aktiv
196,K-000196,2026-01-12,1981,Sanderau,PREMIUM,aktiv
197,K-000197,2023-06-23,1999,Frauenland,STUDENT,aktiv
198,K-000198,2023-03-13,1980,Grombuehl,PREMIUM,aktiv
199,K-000199,2025-11-02,1982,Umland,BASIS,aktiv
200,K-000200,2025-11-16,1976,Altstadt,BASIS,aktiv
201,K-000201,2022-08-02,1987,Frauenland,BASIS,aktiv
202,K-000202,2024-06-05,1997,Zellerau,BASIS,aktiv
203,K-000203,2024-09-29,1974,Frauenland,BASIS,aktiv
204,K-000204,2022-09-29,1996,Altstadt,BASIS,aktiv
205,K-000205,2023-03-26,1971,Grombuehl,BASIS,aktiv
206,K-000206,2022-10-02,1963,Lengfeld,BASIS,aktiv
207,K-000207,2022-12-21,1996,Sanderau,BASIS,aktiv
208,K-000208,2025-03-31,2005,Sanderau,STUDENT,aktiv
209,K-000209,2025-10-17,1999,Versbach,BASIS,aktiv
210,K-000210,2023-05-11,1982,Lengfeld,PREMIUM,aktiv
211,K-000211,2024-09-23,1998,Altstadt,BASIS,aktiv
212,K-000212,2023-04-17,1993,Grombuehl,BASIS,aktiv
213,K-000213,2025-06-05,1955,Grombuehl,BASIS,aktiv
214,K-000214,2025-07-17,1973,Heidingsfeld,BASIS,aktiv
215,K-000215,2025-06-20,1975,Heidingsfeld,PREMIUM,aktiv
216,K-000216,2023-02-25,1977,Umland,PREMIUM,aktiv
217,K-000217,2023-05-07,1962,Heidingsfeld,BASIS,aktiv
218,K-000218,2023-10-23,1986,Heidingsfeld,OEPNV,aktiv
219,K-000219,2024-05-25,1990,Zellerau,BASIS,aktiv
220,K-000220,2023-07-10,1975,Frauenland,BASIS,aktiv
221,K-000221,2026-04-21,1987,Altstadt,BASIS,aktiv
222,K-000222,2023-03-09,2006,Frauenland,STUDENT,aktiv
223,K-000223,2024-07-07,2005,Heidingsfeld,STUDENT,aktiv
224,K-000224,2024-12-19,1957,Sanderau,BASIS,aktiv
225,K-000225,2026-05-17,1993,Altstadt,BASIS,aktiv
226,K-000226,2023-11-15,1987,Grombuehl,BASIS,aktiv
227,K-000227,2026-04-02,1997,Grombuehl,OEPNV,aktiv
228,K-000228,2022-12-24,2005,Grombuehl,STUDENT,aktiv
229,K-000229,2023-07-07,1984,Grombuehl,BASIS,aktiv
230,K-000230,2025-11-11,1974,Umland,STUDENT,aktiv
231,K-000231,2026-06-07,1964,Lengfeld,BASIS,aktiv
232,K-000232,2025-11-26,2000,Altstadt,BASIS,aktiv
233,K-000233,2023-05-30,2002,Umland,STUDENT,aktiv
234,K-000234,2024-11-25,1975,Grombuehl,BASIS,aktiv
235,K-000235,2024-01-06,1998,Umland,STUDENT,aktiv
236,K-000236,2023-07-18,1960,Umland,BASIS,aktiv
237,K-000237,2022-08-07,2002,Heidingsfeld,BASIS,aktiv
238,K-000238,2022-10-12,2004,Umland,STUDENT,aktiv
239,K-000239,2025-08-16,1983,Lengfeld,BASIS,aktiv
240,K-000240,2024-10-16,1997,Heidingsfeld,PREMIUM,aktiv
241,K-000241,2023-06-15,1977,Grombuehl,OEPNV,aktiv
242,K-000242,2025-03-25,1980,Lengfeld,OEPNV,aktiv
243,K-000243,2023-11-11,1986,Zellerau,OEPNV,aktiv
244,K-000244,2025-01-02,1996,Grombuehl,OEPNV,aktiv
245,K-000245,2023-07-14,2005,Lengfeld,BASIS,aktiv
246,K-000246,2023-11-27,1982,Lengfeld,STUDENT,aktiv
247,K-000247,2022-12-31,1964,Frauenland,BASIS,aktiv
248,K-000248,2024-08-15,1959,Heidingsfeld,BASIS,aktiv
249,K-000249,2023-05-28,1978,Altstadt,PREMIUM,aktiv
250,K-000250,2023-07-06,1975,Heidingsfeld,OEPNV,gesperrt
251,K-000251,2023-03-20,1999,Sanderau,OEPNV,aktiv
252,K-000252,2026-02-07,2003,Sanderau,BASIS,aktiv
253,K-000253,2026-04-24,2002,Zellerau,BASIS,aktiv
254,K-000254,2024-04-13,1990,Versbach,BASIS,aktiv
255,K-000255,2022-08-22,1984,Umland,OEPNV,aktiv
256,K-000256,2024-01-22,1999,Heidingsfeld,BASIS,aktiv
257,K-000257,2022-09-07,1989,Heidingsfeld,OEPNV,aktiv
258,K-000258,2023-07-05,1998,Zellerau,BASIS,aktiv
259,K-000259,2022-12-31,1963,Lengfeld,BASIS,aktiv
260,K-000260,2022-08-08,1969,Sanderau,BASIS,aktiv
261,K-000261,2024-12-23,1989,Grombuehl,PREMIUM,aktiv
262,K-000262,2026-07-22,1958,Lengfeld,BASIS,aktiv
263,K-000263,2023-08-21,1961,Altstadt,OEPNV,aktiv
264,K-000264,2026-03-27,1966,Zellerau,BASIS,aktiv
265,K-000265,2022-08-31,1985,Altstadt,BASIS,aktiv
266,K-000266,2025-12-07,2000,Heidingsfeld,OEPNV,aktiv
267,K-000267,2024-10-11,1984,Zellerau,BASIS,aktiv
268,K-000268,2023-01-23,1969,Heidingsfeld,PREMIUM,aktiv
269,K-000269,2022-10-21,1994,Zellerau,PREMIUM,aktiv
270,K-000270,2023-01-14,2000,Altstadt,STUDENT,aktiv
271,K-000271,2024-04-19,1993,Versbach,BASIS,aktiv
272,K-000272,2024-02-18,1984,Sanderau,BASIS,aktiv
273,K-000273,2022-12-21,1998,Versbach,STUDENT,aktiv
274,K-000274,2023-06-11,1987,Heidingsfeld,OEPNV,gesperrt
275,K-000275,2023-08-03,2006,Versbach,STUDENT,gesperrt
276,K-000276,2023-07-17,2001,Lengfeld,STUDENT,aktiv
277,K-000277,2025-09-26,1980,Altstadt,OEPNV,aktiv
278,K-000278,2022-12-09,1978,Zellerau,OEPNV,aktiv
279,K-000279,2026-04-17,1996,Umland,PREMIUM,aktiv
280,K-000280,2023-08-29,1982,Heidingsfeld,BASIS,aktiv
281,K-000281,2023-07-11,2003,Altstadt,STUDENT,gesperrt
282,K-000282,2022-11-15,1988,Zellerau,BASIS,aktiv
283,K-000283,2022-08-02,2003,Altstadt,STUDENT,aktiv
284,K-000284,2023-12-08,1986,Versbach,OEPNV,gesperrt
285,K-000285,2023-06-04,1996,Lengfeld,BASIS,aktiv
286,K-000286,2023-01-12,1963,Lengfeld,BASIS,aktiv
287,K-000287,2023-08-24,1995,Lengfeld,BASIS,aktiv
288,K-000288,2023-06-19,1989,Lengfeld,BASIS,aktiv
289,K-000289,2023-05-24,1997,Grombuehl,OEPNV,aktiv
290,K-000290,2022-09-22,1961,Zellerau,BASIS,aktiv
291,K-000291,2023-02-05,1966,Umland,BASIS,aktiv
292,K-000292,2024-08-20,1956,Zellerau,BASIS,aktiv
293,K-000293,2023-06-14,1980,Sanderau,BASIS,aktiv
294,K-000294,2023-03-25,1999,Grombuehl,PREMIUM,aktiv
295,K-000295,2025-10-04,1983,Lengfeld,BASIS,aktiv
296,K-000296,2026-01-13,1970,Sanderau,BASIS,aktiv
297,K-000297,2023-08-08,2003,Lengfeld,OEPNV,aktiv
298,K-000298,2026-05-02,2005,Heidingsfeld,STUDENT,aktiv
299,K-000299,2022-09-08,1990,Lengfeld,OEPNV,aktiv
300,K-000300,2026-03-13,1982,Heidingsfeld,PREMIUM,aktiv
301,K-000301,2023-02-05,1982,Zellerau,BASIS,aktiv
302,K-000302,2024-06-21,1999,Frauenland,STUDENT,aktiv
303,K-000303,2023-10-29,1999,Lengfeld,STUDENT,aktiv
304,K-000304,2022-08-29,1991,Grombuehl,OEPNV,aktiv
305,K-000305,2024-05-06,1979,Altstadt,BASIS,aktiv
306,K-000306,2023-09-19,1989,Altstadt,OEPNV,aktiv
307,K-000307,2024-02-22,2002,Frauenland,STUDENT,aktiv
308,K-000308,2024-11-16,1999,Grombuehl,PREMIUM,aktiv
309,K-000309,2022-10-06,1985,Heidingsfeld,BASIS,aktiv
310,K-000310,2023-11-09,2000,Versbach,STUDENT,aktiv
311,K-000311,2023-02-01,2005,Versbach,STUDENT,aktiv
312,K-000312,2023-07-09,1973,Altstadt,BASIS,aktiv
313,K-000313,2023-01-25,2001,Zellerau,BASIS,aktiv
314,K-000314,2023-05-20,1987,Heidingsfeld,BASIS,aktiv
315,K-000315,2026-01-01,1967,Sanderau,BASIS,aktiv
316,K-000316,2023-05-23,1955,Umland,BASIS,aktiv
317,K-000317,2024-05-20,1998,Lengfeld,STUDENT,aktiv
318,K-000318,2024-03-22,1976,Altstadt,STUDENT,aktiv
319,K-000319,2022-09-22,1986,Zellerau,OEPNV,aktiv
320,K-000320,2026-06-11,1985,Zellerau,BASIS,aktiv
321,K-000321,2023-01-30,2006,Sanderau,BASIS,aktiv
322,K-000322,2022-11-17,1969,Altstadt,BASIS,aktiv
323,K-000323,2026-06-04,1993,Zellerau,BASIS,aktiv
324,K-000324,2023-03-11,2002,Sanderau,STUDENT,aktiv
325,K-000325,2024-08-18,1998,Sanderau,OEPNV,aktiv
326,K-000326,2026-01-26,1958,Grombuehl,OEPNV,aktiv
327,K-000327,2023-03-08,2001,Sanderau,STUDENT,aktiv
328,K-000328,2023-08-10,1981,Grombuehl,PREMIUM,aktiv
329,K-000329,2023-02-07,2006,Grombuehl,STUDENT,aktiv
330,K-000330,2025-06-04,1971,Frauenland,BASIS,aktiv
331,K-000331,2023-02-27,1968,Heidingsfeld,BASIS,aktiv
332,K-000332,2022-10-02,1988,Grombuehl,BASIS,aktiv
333,K-000333,2025-05-27,2003,Frauenland,STUDENT,aktiv
334,K-000334,2026-07-17,1999,Heidingsfeld,BASIS,aktiv
335,K-000335,2023-09-25,1969,Heidingsfeld,BASIS,aktiv
336,K-000336,2023-09-16,1983,Altstadt,BASIS,aktiv
337,K-000337,2022-11-05,1998,Sanderau,STUDENT,aktiv
338,K-000338,2025-11-22,1981,Sanderau,PREMIUM,aktiv
339,K-000339,2023-05-08,1960,Versbach,BASIS,aktiv
340,K-000340,2024-10-17,1992,Umland,BASIS,aktiv
341,K-000341,2023-01-19,1962,Sanderau,PREMIUM,aktiv
342,K-000342,2022-12-05,1995,Frauenland,OEPNV,aktiv
343,K-000343,2024-11-23,1999,Lengfeld,BASIS,aktiv
344,K-000344,2023-07-29,1959,Umland,BASIS,aktiv
345,K-000345,2024-01-27,1996,Sanderau,OEPNV,aktiv
346,K-000346,2025-06-25,2002,Versbach,STUDENT,aktiv
347,K-000347,2022-08-23,1999,Altstadt,STUDENT,aktiv
348,K-000348,2023-02-26,1999,Grombuehl,STUDENT,aktiv
349,K-000349,2022-12-29,1984,Zellerau,OEPNV,aktiv
350,K-000350,2024-01-02,1986,Sanderau,BASIS,aktiv
351,K-000351,2022-12-15,1960,Grombuehl,BASIS,aktiv
352,K-000352,2024-02-25,1986,Altstadt,BASIS,aktiv
353,K-000353,2023-02-01,1991,Zellerau,PREMIUM,aktiv
354,K-000354,2026-01-01,1994,Sanderau,BASIS,aktiv
355,K-000355,2023-02-12,2004,Heidingsfeld,STUDENT,gesperrt
356,K-000356,2023-08-01,1986,Frauenland,BASIS,aktiv
357,K-000357,2025-02-18,1990,Umland,BASIS,aktiv
358,K-000358,2024-01-30,1974,Lengfeld,BASIS,aktiv
359,K-000359,2023-05-20,1986,Sanderau,BASIS,aktiv
360,K-000360,2026-03-02,2006,Lengfeld,BASIS,aktiv
361,K-000361,2022-10-14,1961,Sanderau,BASIS,aktiv
362,K-000362,2025-06-22,1988,Grombuehl,OEPNV,aktiv
363,K-000363,2023-12-01,2005,Frauenland,STUDENT,aktiv
364,K-000364,2023-05-17,2007,Heidingsfeld,STUDENT,aktiv
365,K-000365,2023-12-07,2001,Versbach,STUDENT,aktiv
366,K-000366,2023-02-09,1964,Grombuehl,OEPNV,aktiv
367,K-000367,2025-03-17,1978,Versbach,PREMIUM,aktiv
368,K-000368,2025-04-04,1961,Sanderau,BASIS,aktiv
369,K-000369,2025-11-10,2000,Grombuehl,BASIS,aktiv
370,K-000370,2023-01-01,1960,Sanderau,BASIS,aktiv
371,K-000371,2023-01-19,2004,Frauenland,BASIS,aktiv
372,K-000372,2022-09-30,1957,Frauenland,BASIS,aktiv
373,K-000373,2023-06-14,1996,Frauenland,BASIS,aktiv
374,K-000374,2022-09-18,1998,Frauenland,PREMIUM,aktiv
375,K-000375,2026-02-15,1957,Zellerau,BASIS,aktiv
376,K-000376,2022-12-03,1968,Umland,BASIS,aktiv
377,K-000377,2025-10-24,2001,Umland,STUDENT,aktiv
378,K-000378,2023-04-02,2007,Altstadt,STUDENT,aktiv
379,K-000379,2022-12-09,2003,Grombuehl,STUDENT,aktiv
380,K-000380,2025-01-01,2003,Versbach,STUDENT,aktiv
381,K-000381,2025-05-31,1958,Frauenland,BASIS,aktiv
382,K-000382,2026-02-16,1984,Grombuehl,PREMIUM,gesperrt
383,K-000383,2025-12-01,1972,Lengfeld,BASIS,aktiv
384,K-000384,2022-12-11,1997,Frauenland,BASIS,aktiv
385,K-000385,2022-10-20,1982,Grombuehl,BASIS,aktiv
386,K-000386,2022-11-24,1999,Zellerau,BASIS,aktiv
387,K-000387,2023-07-21,1998,Sanderau,STUDENT,aktiv
388,K-000388,2022-12-08,1955,Heidingsfeld,BASIS,aktiv
389,K-000389,2025-02-03,1968,Sanderau,OEPNV,aktiv
390,K-000390,2023-01-31,1997,Altstadt,OEPNV,aktiv
391,K-000391,2023-05-28,2000,Versbach,PREMIUM,aktiv
392,K-000392,2022-08-24,1982,Sanderau,PREMIUM,aktiv
393,K-000393,2026-07-23,2002,Sanderau,BASIS,aktiv
394,K-000394,2023-06-05,1977,Versbach,PREMIUM,aktiv
395,K-000395,2022-09-09,1989,Sanderau,OEPNV,aktiv
396,K-000396,2022-11-29,1999,Lengfeld,BASIS,aktiv
397,K-000397,2023-09-03,1968,Grombuehl,BASIS,aktiv
398,K-000398,2022-11-30,2007,Heidingsfeld,STUDENT,aktiv
399,K-000399,2025-10-05,1998,Umland,PREMIUM,aktiv
400,K-000400,2023-07-26,1984,Lengfeld,OEPNV,aktiv
401,K-000401,2023-04-25,2003,Frauenland,STUDENT,aktiv
402,K-000402,2025-03-06,2002,Altstadt,STUDENT,aktiv
403,K-000403,2024-05-26,1956,Frauenland,BASIS,aktiv
404,K-000404,2025-06-05,1992,Lengfeld,BASIS,aktiv
405,K-000405,2023-12-02,1999,Versbach,STUDENT,gesperrt
406,K-000406,2023-12-14,2007,Altstadt,STUDENT,aktiv
407,K-000407,2024-06-07,1997,Sanderau,PREMIUM,aktiv
408,K-000408,2024-11-28,1978,Lengfeld,BASIS,aktiv
409,K-000409,2023-04-02,1977,Grombuehl,BASIS,aktiv
410,K-000410,2023-05-26,1981,Grombuehl,OEPNV,aktiv
411,K-000411,2023-07-31,1990,Versbach,BASIS,aktiv
412,K-000412,2026-05-10,2000,Grombuehl,STUDENT,aktiv
413,K-000413,2022-12-27,2004,Heidingsfeld,BASIS,aktiv
414,K-000414,2023-03-22,1998,Versbach,STUDENT,aktiv
415,K-000415,2023-12-21,1977,Umland,OEPNV,aktiv
416,K-000416,2023-01-13,1972,Grombuehl,OEPNV,aktiv
417,K-000417,2022-10-01,1976,Sanderau,BASIS,aktiv
418,K-000418,2024-12-03,1970,Sanderau,BASIS,aktiv
419,K-000419,2022-08-04,1984,Grombuehl,BASIS,aktiv
420,K-000420,2025-06-17,1988,Lengfeld,PREMIUM,aktiv
421,K-000421,2022-08-24,1960,Frauenland,BASIS,aktiv
422,K-000422,2025-11-12,1962,Heidingsfeld,OEPNV,aktiv
423,K-000423,2024-03-02,1989,Grombuehl,BASIS,aktiv
424,K-000424,2025-10-06,2003,Lengfeld,OEPNV,aktiv
425,K-000425,2026-04-05,1992,Lengfeld,PREMIUM,aktiv
426,K-000426,2023-03-18,1988,Sanderau,PREMIUM,aktiv
427,K-000427,2022-10-27,1982,Grombuehl,BASIS,aktiv
428,K-000428,2024-10-08,1994,Grombuehl,BASIS,aktiv
429,K-000429,2025-02-16,1989,Sanderau,OEPNV,aktiv
430,K-000430,2024-02-27,2004,Frauenland,BASIS,aktiv
431,K-000431,2022-09-26,1958,Sanderau,PREMIUM,aktiv
432,K-000432,2024-06-10,1976,Versbach,PREMIUM,aktiv
433,K-000433,2022-11-20,2002,Umland,STUDENT,aktiv
434,K-000434,2024-02-08,1979,Sanderau,OEPNV,aktiv
435,K-000435,2024-12-24,2007,Versbach,STUDENT,aktiv
436,K-000436,2023-04-02,1975,Umland,PREMIUM,aktiv
437,K-000437,2025-02-12,1982,Umland,PREMIUM,aktiv
438,K-000438,2024-06-24,2007,Lengfeld,OEPNV,aktiv
439,K-000439,2025-03-14,1955,Heidingsfeld,OEPNV,aktiv
440,K-000440,2026-03-15,1986,Heidingsfeld,OEPNV,aktiv
441,K-000441,2024-02-16,2003,Umland,PREMIUM,aktiv
442,K-000442,2026-04-22,1957,Altstadt,OEPNV,aktiv
443,K-000443,2023-07-16,1993,Altstadt,BASIS,aktiv
444,K-000444,2023-04-09,1988,Frauenland,BASIS,aktiv
445,K-000445,2024-09-14,1994,Frauenland,OEPNV,aktiv
446,K-000446,2024-10-17,2006,Zellerau,OEPNV,aktiv
447,K-000447,2023-01-17,1959,Heidingsfeld,OEPNV,aktiv
448,K-000448,2022-11-28,1984,Sanderau,BASIS,aktiv
449,K-000449,2025-02-26,2003,Grombuehl,OEPNV,aktiv
450,K-000450,2023-05-23,1991,Heidingsfeld,OEPNV,gesperrt
451,K-000451,2022-11-04,1979,Grombuehl,PREMIUM,aktiv
452,K-000452,2024-10-20,1987,Zellerau,BASIS,aktiv
453,K-000453,2025-10-11,1964,Frauenland,BASIS,aktiv
454,K-000454,2023-04-20,2005,Grombuehl,BASIS,aktiv
455,K-000455,2023-04-09,1985,Lengfeld,BASIS,aktiv
456,K-000456,2023-11-24,2006,Sanderau,BASIS,aktiv
457,K-000457,2022-07-31,1971,Altstadt,BASIS,aktiv
458,K-000458,2026-07-07,1992,Sanderau,BASIS,aktiv
459,K-000459,2023-02-07,2001,Umland,BASIS,aktiv
460,K-000460,2023-07-03,1979,Sanderau,OEPNV,aktiv
461,K-000461,2023-05-26,1987,Sanderau,PREMIUM,aktiv
462,K-000462,2023-04-28,1991,Zellerau,PREMIUM,aktiv
463,K-000463,2023-05-22,1984,Altstadt,BASIS,aktiv
464,K-000464,2025-02-16,1984,Grombuehl,BASIS,aktiv
465,K-000465,2023-03-17,2004,Versbach,STUDENT,aktiv
466,K-000466,2024-01-23,2000,Grombuehl,STUDENT,aktiv
467,K-000467,2024-01-16,1970,Frauenland,STUDENT,aktiv
468,K-000468,2023-08-10,1973,Zellerau,BASIS,aktiv
469,K-000469,2022-11-08,1957,Grombuehl,BASIS,aktiv
470,K-000470,2022-12-13,1986,Lengfeld,OEPNV,aktiv
471,K-000471,2023-03-23,2000,Altstadt,PREMIUM,aktiv
472,K-000472,2024-03-28,1978,Grombuehl,BASIS,aktiv
473,K-000473,2023-07-05,1995,Umland,BASIS,aktiv
474,K-000474,2025-01-08,1973,Lengfeld,BASIS,aktiv
475,K-000475,2024-08-24,1974,Lengfeld,BASIS,aktiv
476,K-000476,2025-01-11,1961,Altstadt,OEPNV,aktiv
477,K-000477,2023-06-28,1991,Versbach,BASIS,aktiv
478,K-000478,2025-06-06,2002,Heidingsfeld,BASIS,aktiv
479,K-000479,2023-02-14,1979,Heidingsfeld,PREMIUM,aktiv
480,K-000480,2024-01-31,1958,Zellerau,BASIS,aktiv
481,K-000481,2024-01-31,1992,Grombuehl,BASIS,aktiv
482,K-000482,2023-01-15,1983,Versbach,OEPNV,aktiv
483,K-000483,2025-12-27,1980,Versbach,BASIS,aktiv
484,K-000484,2024-10-20,1971,Altstadt,BASIS,aktiv
485,K-000485,2025-09-05,2005,Umland,BASIS,aktiv
486,K-000486,2025-05-22,1990,Sanderau,OEPNV,aktiv
487,K-000487,2024-10-05,1988,Zellerau,BASIS,aktiv
488,K-000488,2024-02-17,1966,Altstadt,BASIS,aktiv
489,K-000489,2026-07-19,1998,Versbach,STUDENT,aktiv
490,K-000490,2024-09-23,1961,Frauenland,BASIS,aktiv
491,K-000491,2022-10-19,1959,Sanderau,BASIS,aktiv
492,K-000492,2024-09-25,1996,Zellerau,BASIS,aktiv
493,K-000493,2024-08-15,1986,Versbach,OEPNV,aktiv
494,K-000494,2026-07-17,1990,Umland,PREMIUM,aktiv
495,K-000495,2023-01-03,2002,Lengfeld,STUDENT,aktiv
496,K-000496,2023-02-10,1965,Altstadt,BASIS,aktiv
497,K-000497,2024-09-27,1991,Heidingsfeld,PREMIUM,aktiv
498,K-000498,2022-11-24,1991,Frauenland,OEPNV,aktiv
499,K-000499,2022-11-14,1995,Frauenland,BASIS,aktiv
500,K-000500,2023-01-24,1991,Lengfeld,OEPNV,aktiv
501,K-000501,2022-12-17,1999,Zellerau,STUDENT,aktiv
502,K-000502,2025-08-26,1993,Heidingsfeld,BASIS,aktiv
503,K-000503,2022-09-11,1978,Sanderau,BASIS,aktiv
504,K-000504,2023-07-31,1980,Altstadt,OEPNV,aktiv
505,K-000505,2022-12-21,1977,Frauenland,PREMIUM,aktiv
506,K-000506,2022-09-02,2005,Versbach,BASIS,gesperrt
507,K-000507,2025-10-09,2006,Zellerau,STUDENT,aktiv
508,K-000508,2025-03-31,2002,Versbach,STUDENT,aktiv
509,K-000509,2023-11-16,2000,Zellerau,STUDENT,aktiv
510,K-000510,2024-08-22,1958,Altstadt,BASIS,aktiv
511,K-000511,2023-06-21,1983,Sanderau,PREMIUM,aktiv
512,K-000512,2024-08-14,1978,Sanderau,OEPNV,aktiv
513,K-000513,2025-10-03,1983,Umland,STUDENT,aktiv
514,K-000514,2023-11-20,1968,Grombuehl,BASIS,aktiv
515,K-000515,2023-04-19,1983,Versbach,OEPNV,aktiv
516,K-000516,2025-03-13,1987,Grombuehl,OEPNV,aktiv
517,K-000517,2025-06-05,1978,Grombuehl,OEPNV,aktiv
518,K-000518,2024-12-15,2003,Frauenland,BASIS,aktiv
519,K-000519,2023-11-17,1991,Altstadt,PREMIUM,aktiv
520,K-000520,2023-02-12,1964,Zellerau,BASIS,aktiv
521,K-000521,2026-05-01,1990,Sanderau,BASIS,aktiv
522,K-000522,2025-04-04,1977,Frauenland,OEPNV,aktiv
523,K-000523,2023-05-12,1998,Frauenland,STUDENT,aktiv
524,K-000524,2023-12-17,2002,Umland,STUDENT,gesperrt
525,K-000525,2025-04-28,2002,Versbach,STUDENT,aktiv
526,K-000526,2025-10-11,1994,Lengfeld,BASIS,aktiv
527,K-000527,2026-04-14,2007,Frauenland,BASIS,aktiv
528,K-000528,2022-10-21,1977,Heidingsfeld,BASIS,aktiv
529,K-000529,2024-07-20,1978,Versbach,BASIS,aktiv
530,K-000530,2025-12-12,1985,Grombuehl,OEPNV,aktiv
531,K-000531,2025-03-09,2001,Lengfeld,BASIS,aktiv
532,K-000532,2023-03-19,1996,Sanderau,OEPNV,aktiv
533,K-000533,2025-02-08,2001,Heidingsfeld,STUDENT,aktiv
534,K-000534,2022-09-05,2002,Lengfeld,BASIS,aktiv
535,K-000535,2023-10-22,1957,Frauenland,PREMIUM,aktiv
536,K-000536,2022-11-24,1995,Umland,OEPNV,aktiv
537,K-000537,2023-11-05,1976,Lengfeld,BASIS,aktiv
538,K-000538,2025-07-18,1981,Heidingsfeld,BASIS,aktiv
539,K-000539,2022-12-13,1987,Zellerau,PREMIUM,aktiv
540,K-000540,2022-09-16,1966,Heidingsfeld,BASIS,aktiv
541,K-000541,2023-05-25,2002,Lengfeld,PREMIUM,aktiv
542,K-000542,2023-01-04,1999,Heidingsfeld,STUDENT,aktiv
543,K-000543,2023-10-14,1973,Umland,BASIS,aktiv
544,K-000544,2023-05-12,1977,Altstadt,PREMIUM,aktiv
545,K-000545,2024-11-27,1984,Grombuehl,BASIS,aktiv
546,K-000546,2026-07-15,2007,Grombuehl,OEPNV,aktiv
547,K-000547,2022-08-15,1981,Grombuehl,PREMIUM,aktiv
548,K-000548,2026-03-02,1976,Frauenland,BASIS,aktiv
549,K-000549,2023-01-22,1959,Heidingsfeld,BASIS,aktiv
550,K-000550,2023-01-20,2004,Versbach,BASIS,aktiv
551,K-000551,2026-02-14,1978,Versbach,BASIS,aktiv
552,K-000552,2023-08-11,1998,Sanderau,OEPNV,aktiv
553,K-000553,2022-11-02,1961,Grombuehl,OEPNV,aktiv
554,K-000554,2022-11-12,1980,Lengfeld,OEPNV,aktiv
555,K-000555,2022-09-16,1987,Umland,BASIS,aktiv
556,K-000556,2023-03-06,1967,Grombuehl,OEPNV,aktiv
557,K-000557,2023-10-15,2000,Grombuehl,STUDENT,aktiv
558,K-000558,2022-08-21,1983,Grombuehl,PREMIUM,aktiv
559,K-000559,2022-10-24,1967,Versbach,BASIS,aktiv
560,K-000560,2024-11-10,1998,Lengfeld,STUDENT,aktiv
561,K-000561,2022-11-23,1999,Umland,PREMIUM,aktiv
562,K-000562,2022-08-28,1958,Versbach,PREMIUM,aktiv
563,K-000563,2022-08-26,2007,Sanderau,STUDENT,aktiv
564,K-000564,2023-03-12,2001,Grombuehl,STUDENT,aktiv
565,K-000565,2026-07-07,2002,Versbach,STUDENT,aktiv
566,K-000566,2022-10-16,1961,Sanderau,BASIS,aktiv
567,K-000567,2022-10-29,2005,Versbach,STUDENT,aktiv
568,K-000568,2023-07-15,1999,Heidingsfeld,BASIS,aktiv
569,K-000569,2025-03-19,1985,Sanderau,BASIS,aktiv
570,K-000570,2024-10-28,1970,Versbach,BASIS,aktiv
571,K-000571,2026-01-08,1960,Altstadt,BASIS,aktiv
572,K-000572,2024-05-30,1995,Umland,BASIS,aktiv
573,K-000573,2026-03-01,1993,Sanderau,BASIS,aktiv
574,K-000574,2023-02-17,1989,Zellerau,BASIS,aktiv
575,K-000575,2022-09-27,2004,Heidingsfeld,STUDENT,aktiv
576,K-000576,2026-03-16,2003,Heidingsfeld,OEPNV,aktiv
577,K-000577,2022-11-26,1978,Lengfeld,OEPNV,aktiv
578,K-000578,2023-03-05,1967,Umland,BASIS,gesperrt
579,K-000579,2023-06-30,2005,Lengfeld,STUDENT,aktiv
580,K-000580,2023-01-28,1988,Frauenland,OEPNV,aktiv
581,K-000581,2026-05-16,1996,Zellerau,BASIS,aktiv
582,K-000582,2025-05-18,1975,Altstadt,BASIS,aktiv
583,K-000583,2025-07-05,1958,Sanderau,BASIS,aktiv
584,K-000584,2026-03-28,1975,Umland,OEPNV,aktiv
585,K-000585,2022-08-06,1996,Grombuehl,PREMIUM,aktiv
586,K-000586,2023-05-18,1988,Frauenland,OEPNV,aktiv
587,K-000587,2023-03-29,1957,Umland,BASIS,aktiv
588,K-000588,2025-11-07,2001,Zellerau,STUDENT,aktiv
589,K-000589,2023-06-19,1992,Heidingsfeld,PREMIUM,aktiv
590,K-000590,2025-03-01,1994,Sanderau,BASIS,aktiv
591,K-000591,2025-03-27,1987,Heidingsfeld,BASIS,aktiv
592,K-000592,2022-10-27,1996,Zellerau,BASIS,aktiv
593,K-000593,2022-10-11,2005,Grombuehl,BASIS,gesperrt
594,K-000594,2023-05-14,1986,Sanderau,BASIS,aktiv
595,K-000595,2024-10-07,1998,Heidingsfeld,BASIS,aktiv
596,K-000596,2022-09-18,2004,Versbach,BASIS,aktiv
597,K-000597,2023-02-19,1998,Versbach,PREMIUM,aktiv
598,K-000598,2025-02-27,2007,Sanderau,BASIS,aktiv
599,K-000599,2023-06-03,1999,Umland,STUDENT,aktiv
600,K-000600,2024-12-08,1988,Zellerau,BASIS,aktiv
601,K-000601,2022-10-03,1960,Lengfeld,BASIS,aktiv
602,K-000602,2023-03-09,1956,Altstadt,OEPNV,aktiv
603,K-000603,2023-04-16,2006,Frauenland,STUDENT,gesperrt
604,K-000604,2022-08-20,1958,Heidingsfeld,BASIS,aktiv
605,K-000605,2026-04-28,1983,Heidingsfeld,PREMIUM,aktiv
606,K-000606,2024-08-18,1974,Zellerau,BASIS,aktiv
607,K-000607,2025-02-08,2001,Altstadt,STUDENT,aktiv
608,K-000608,2024-02-23,1976,Grombuehl,OEPNV,gesperrt
609,K-000609,2025-04-17,1986,Heidingsfeld,PREMIUM,aktiv
610,K-000610,2023-03-19,1997,Grombuehl,PREMIUM,aktiv
611,K-000611,2025-08-31,1991,Sanderau,BASIS,aktiv
612,K-000612,2023-07-27,1996,Heidingsfeld,OEPNV,aktiv
613,K-000613,2022-10-19,1987,Zellerau,BASIS,aktiv
614,K-000614,2025-02-06,1977,Zellerau,PREMIUM,aktiv
615,K-000615,2024-08-13,2007,Grombuehl,STUDENT,aktiv
616,K-000616,2023-08-18,2006,Lengfeld,STUDENT,aktiv
617,K-000617,2026-04-30,1993,Umland,BASIS,aktiv
618,K-000618,2023-03-04,1982,Lengfeld,PREMIUM,aktiv
619,K-000619,2025-04-08,1985,Altstadt,PREMIUM,aktiv
620,K-000620,2022-09-18,1992,Lengfeld,STUDENT,aktiv
621,K-000621,2023-02-25,1984,Umland,OEPNV,aktiv
622,K-000622,2022-10-17,2004,Sanderau,OEPNV,aktiv
623,K-000623,2025-02-19,2004,Altstadt,STUDENT,aktiv
624,K-000624,2024-05-24,1974,Umland,OEPNV,gesperrt
625,K-000625,2022-08-23,2003,Heidingsfeld,STUDENT,aktiv
626,K-000626,2023-02-12,1959,Umland,BASIS,aktiv
627,K-000627,2022-09-20,1960,Zellerau,BASIS,aktiv
628,K-000628,2022-11-26,1971,Zellerau,BASIS,aktiv
629,K-000629,2026-02-06,1981,Sanderau,BASIS,aktiv
630,K-000630,2023-07-31,1979,Umland,BASIS,aktiv
631,K-000631,2024-01-11,1982,Lengfeld,OEPNV,aktiv
632,K-000632,2025-05-07,1981,Altstadt,BASIS,aktiv
633,K-000633,2023-05-14,1998,Heidingsfeld,PREMIUM,aktiv
634,K-000634,2023-11-18,1976,Grombuehl,BASIS,aktiv
635,K-000635,2025-03-06,2002,Heidingsfeld,BASIS,aktiv
636,K-000636,2026-06-10,2002,Frauenland,STUDENT,aktiv
637,K-000637,2026-03-11,1983,Zellerau,BASIS,aktiv
638,K-000638,2025-01-28,2004,Sanderau,OEPNV,aktiv
639,K-000639,2026-03-28,1986,Zellerau,BASIS,aktiv
640,K-000640,2022-12-28,1990,Frauenland,BASIS,aktiv
641,K-000641,2025-12-23,1960,Versbach,BASIS,aktiv
642,K-000642,2026-01-14,2000,Umland,STUDENT,aktiv
643,K-000643,2022-08-06,1987,Zellerau,BASIS,aktiv
644,K-000644,2025-01-17,2007,Umland,STUDENT,aktiv
645,K-000645,2023-08-29,1994,Frauenland,BASIS,aktiv
646,K-000646,2025-12-11,1998,Heidingsfeld,STUDENT,aktiv
647,K-000647,2023-04-12,1987,Umland,BASIS,aktiv
648,K-000648,2023-04-12,1980,Versbach,PREMIUM,aktiv
649,K-000649,2022-07-30,1978,Heidingsfeld,PREMIUM,aktiv
650,K-000650,2024-09-20,2002,Heidingsfeld,BASIS,aktiv
651,K-000651,2023-01-02,2007,Frauenland,STUDENT,aktiv
652,K-000652,2023-06-07,1996,Heidingsfeld,BASIS,aktiv
653,K-000653,2023-07-25,1974,Umland,OEPNV,aktiv
654,K-000654,2023-11-10,1999,Sanderau,STUDENT,aktiv
655,K-000655,2023-04-27,1993,Grombuehl,BASIS,aktiv
656,K-000656,2023-12-28,2004,Lengfeld,BASIS,aktiv
657,K-000657,2025-09-02,1978,Zellerau,BASIS,aktiv
658,K-000658,2026-02-05,1991,Umland,BASIS,aktiv
659,K-000659,2023-07-24,1992,Lengfeld,BASIS,aktiv
660,K-000660,2024-06-21,1996,Frauenland,OEPNV,aktiv
661,K-000661,2023-03-15,1975,Grombuehl,BASIS,aktiv
662,K-000662,2025-09-18,2005,Zellerau,STUDENT,aktiv
663,K-000663,2024-05-07,2001,Altstadt,BASIS,aktiv
664,K-000664,2026-05-04,1994,Altstadt,PREMIUM,aktiv
665,K-000665,2023-01-27,1974,Heidingsfeld,BASIS,gesperrt
666,K-000666,2022-10-01,2005,Umland,STUDENT,aktiv
667,K-000667,2023-05-05,1980,Frauenland,BASIS,aktiv
668,K-000668,2023-02-08,1968,Heidingsfeld,BASIS,aktiv
669,K-000669,2023-01-31,1983,Sanderau,BASIS,aktiv
670,K-000670,2022-12-27,2007,Altstadt,STUDENT,aktiv
671,K-000671,2023-08-31,1965,Umland,BASIS,aktiv
672,K-000672,2023-04-02,1958,Heidingsfeld,BASIS,aktiv
673,K-000673,2025-06-24,2004,Heidingsfeld,STUDENT,aktiv
674,K-000674,2023-03-18,1993,Heidingsfeld,BASIS,aktiv
675,K-000675,2026-02-11,2005,Sanderau,BASIS,aktiv
676,K-000676,2023-03-18,1980,Altstadt,BASIS,aktiv
677,K-000677,2024-07-08,1994,Frauenland,BASIS,aktiv
678,K-000678,2024-04-06,1964,Lengfeld,BASIS,aktiv
679,K-000679,2023-07-11,2002,Frauenland,BASIS,aktiv
680,K-000680,2023-05-25,1968,Sanderau,BASIS,aktiv
681,K-000681,2025-11-12,2003,Grombuehl,STUDENT,aktiv
682,K-000682,2024-06-18,1973,Umland,BASIS,aktiv
683,K-000683,2022-08-13,1970,Umland,BASIS,aktiv
684,K-000684,2023-04-06,1989,Heidingsfeld,OEPNV,aktiv
685,K-000685,2022-09-13,1983,Versbach,BASIS,aktiv
686,K-000686,2026-01-11,1961,Versbach,BASIS,aktiv
687,K-000687,2024-08-13,1965,Sanderau,BASIS,aktiv
688,K-000688,2026-01-27,2006,Versbach,STUDENT,aktiv
689,K-000689,2022-10-18,1971,Grombuehl,BASIS,aktiv
690,K-000690,2026-05-13,2003,Umland,STUDENT,aktiv
691,K-000691,2023-08-24,1994,Altstadt,BASIS,aktiv
692,K-000692,2023-06-27,1998,Heidingsfeld,STUDENT,aktiv
693,K-000693,2025-01-26,1955,Zellerau,BASIS,aktiv
694,K-000694,2023-07-17,1973,Frauenland,OEPNV,aktiv
695,K-000695,2024-02-14,1984,Zellerau,PREMIUM,aktiv
696,K-000696,2025-01-25,1981,Lengfeld,PREMIUM,aktiv
697,K-000697,2022-09-11,1987,Umland,BASIS,aktiv
698,K-000698,2023-06-04,1960,Heidingsfeld,BASIS,aktiv
699,K-000699,2023-12-12,2007,Grombuehl,STUDENT,gesperrt
700,K-000700,2023-08-20,1995,Heidingsfeld,BASIS,aktiv
701,K-000701,2024-08-31,1990,Zellerau,PREMIUM,aktiv
702,K-000702,2023-06-20,1960,Umland,BASIS,aktiv
703,K-000703,2023-08-28,1959,Heidingsfeld,BASIS,aktiv
704,K-000704,2022-11-11,1969,Lengfeld,BASIS,aktiv
705,K-000705,2023-03-01,1990,Sanderau,BASIS,aktiv
706,K-000706,2026-07-13,2001,Grombuehl,STUDENT,aktiv
707,K-000707,2023-05-17,1976,Altstadt,BASIS,aktiv
708,K-000708,2023-04-08,1996,Versbach,OEPNV,aktiv
709,K-000709,2025-07-06,1976,Frauenland,BASIS,aktiv
710,K-000710,2026-03-25,2004,Lengfeld,PREMIUM,aktiv
711,K-000711,2025-05-02,1991,Altstadt,OEPNV,aktiv
712,K-000712,2024-02-22,1956,Umland,BASIS,aktiv
713,K-000713,2023-12-02,1979,Versbach,BASIS,aktiv
714,K-000714,2024-01-19,1972,Lengfeld,BASIS,aktiv
715,K-000715,2024-04-26,1978,Sanderau,PREMIUM,aktiv
716,K-000716,2023-01-31,1998,Lengfeld,BASIS,aktiv
717,K-000717,2023-04-01,1959,Lengfeld,BASIS,aktiv
718,K-000718,2025-01-21,2002,Sanderau,STUDENT,aktiv
719,K-000719,2023-03-31,1965,Frauenland,BASIS,aktiv
720,K-000720,2025-06-20,1968,Lengfeld,BASIS,aktiv
721,K-000721,2022-12-05,1968,Frauenland,BASIS,aktiv
722,K-000722,2025-10-03,1998,Grombuehl,BASIS,aktiv
723,K-000723,2023-07-18,2007,Heidingsfeld,STUDENT,aktiv
724,K-000724,2025-08-03,1959,Zellerau,BASIS,aktiv
725,K-000725,2026-07-03,1991,Grombuehl,BASIS,aktiv
726,K-000726,2024-04-29,1990,Sanderau,BASIS,aktiv
727,K-000727,2023-05-19,1980,Heidingsfeld,PREMIUM,aktiv
728,K-000728,2025-08-07,1979,Heidingsfeld,OEPNV,aktiv
729,K-000729,2025-08-28,2000,Altstadt,STUDENT,aktiv
730,K-000730,2024-11-26,1955,Umland,OEPNV,aktiv
731,K-000731,2024-10-21,1995,Sanderau,BASIS,aktiv
732,K-000732,2023-12-12,1984,Zellerau,BASIS,aktiv
733,K-000733,2023-09-05,1974,Zellerau,BASIS,aktiv
734,K-000734,2023-03-21,1982,Heidingsfeld,BASIS,aktiv
735,K-000735,2023-05-11,1993,Heidingsfeld,BASIS,aktiv
736,K-000736,2023-05-25,1974,Zellerau,BASIS,aktiv
737,K-000737,2024-05-26,1988,Altstadt,BASIS,aktiv
738,K-000738,2023-09-06,1999,Lengfeld,STUDENT,aktiv
739,K-000739,2024-04-17,2003,Frauenland,BASIS,gesperrt
740,K-000740,2024-07-22,2002,Sanderau,BASIS,aktiv
741,K-000741,2023-05-13,1995,Sanderau,OEPNV,aktiv
742,K-000742,2023-06-13,1976,Sanderau,BASIS,aktiv
743,K-000743,2025-08-03,2004,Umland,BASIS,aktiv
744,K-000744,2024-10-19,1972,Grombuehl,BASIS,aktiv
745,K-000745,2022-10-05,2000,Altstadt,STUDENT,aktiv
746,K-000746,2025-09-15,1991,Umland,OEPNV,aktiv
747,K-000747,2024-04-26,2003,Sanderau,BASIS,aktiv
748,K-000748,2022-10-17,2002,Heidingsfeld,STUDENT,aktiv
749,K-000749,2023-03-12,2006,Versbach,BASIS,aktiv
750,K-000750,2026-04-11,1992,Versbach,BASIS,aktiv
751,K-000751,2026-01-31,2000,Frauenland,BASIS,aktiv
752,K-000752,2024-03-31,2000,Sanderau,STUDENT,aktiv
753,K-000753,2023-06-10,1955,Grombuehl,BASIS,aktiv
754,K-000754,2025-02-04,1989,Altstadt,PREMIUM,aktiv
755,K-000755,2023-03-29,1981,Frauenland,PREMIUM,aktiv
756,K-000756,2023-02-12,1997,Sanderau,PREMIUM,aktiv
757,K-000757,2023-03-02,1999,Grombuehl,BASIS,aktiv
758,K-000758,2022-09-22,2002,Sanderau,BASIS,aktiv
759,K-000759,2022-08-16,1979,Sanderau,BASIS,aktiv
760,K-000760,2024-07-15,1993,Versbach,BASIS,aktiv
761,K-000761,2023-06-26,2003,Lengfeld,BASIS,aktiv
762,K-000762,2024-12-04,1961,Versbach,BASIS,aktiv
763,K-000763,2024-10-08,2003,Sanderau,STUDENT,aktiv
764,K-000764,2026-03-07,2002,Zellerau,STUDENT,aktiv
765,K-000765,2023-06-15,2006,Altstadt,STUDENT,aktiv
766,K-000766,2025-01-28,2002,Altstadt,STUDENT,aktiv
767,K-000767,2024-07-18,1980,Heidingsfeld,PREMIUM,aktiv
768,K-000768,2023-07-27,1998,Grombuehl,BASIS,aktiv
769,K-000769,2023-05-16,1979,Zellerau,OEPNV,aktiv
770,K-000770,2026-01-16,1956,Umland,BASIS,aktiv
771,K-000771,2024-05-03,1979,Zellerau,BASIS,aktiv
772,K-000772,2024-11-02,1979,Sanderau,PREMIUM,aktiv
773,K-000773,2026-03-09,1959,Umland,BASIS,aktiv
774,K-000774,2023-03-01,1978,Heidingsfeld,OEPNV,aktiv
775,K-000775,2026-06-16,1998,Heidingsfeld,STUDENT,aktiv
776,K-000776,2022-12-10,2001,Versbach,STUDENT,aktiv
777,K-000777,2024-06-09,1958,Altstadt,BASIS,aktiv
778,K-000778,2024-02-14,2002,Heidingsfeld,STUDENT,aktiv
779,K-000779,2022-08-15,1992,Altstadt,BASIS,aktiv
780,K-000780,2024-04-23,1983,Grombuehl,OEPNV,aktiv
781,K-000781,2024-09-02,2005,Heidingsfeld,STUDENT,aktiv
782,K-000782,2022-12-08,1977,Frauenland,OEPNV,aktiv
783,K-000783,2024-11-26,2001,Umland,OEPNV,aktiv
784,K-000784,2025-08-10,1957,Altstadt,BASIS,gesperrt
785,K-000785,2023-07-03,1988,Heidingsfeld,PREMIUM,aktiv
786,K-000786,2023-02-13,1962,Sanderau,BASIS,aktiv
787,K-000787,2024-12-25,1961,Heidingsfeld,PREMIUM,aktiv
788,K-000788,2026-05-07,1971,Umland,BASIS,aktiv
789,K-000789,2025-11-26,1995,Altstadt,BASIS,aktiv
790,K-000790,2024-04-07,1980,Frauenland,PREMIUM,aktiv
791,K-000791,2022-10-06,2000,Frauenland,STUDENT,aktiv
792,K-000792,2025-11-26,1995,Sanderau,STUDENT,aktiv
793,K-000793,2022-09-15,1963,Zellerau,BASIS,aktiv
794,K-000794,2025-08-25,1984,Grombuehl,BASIS,aktiv
795,K-000795,2024-03-27,1957,Frauenland,BASIS,aktiv
796,K-000796,2026-04-24,1975,Grombuehl,PREMIUM,aktiv
797,K-000797,2025-04-26,1976,Umland,PREMIUM,aktiv
798,K-000798,2024-08-03,2004,Versbach,BASIS,aktiv
799,K-000799,2025-05-19,2002,Sanderau,STUDENT,aktiv
800,K-000800,2025-05-04,1966,Sanderau,BASIS,aktiv
801,K-000801,2023-01-29,2003,Frauenland,STUDENT,aktiv
802,K-000802,2022-12-08,2000,Sanderau,BASIS,aktiv
803,K-000803,2023-08-28,2003,Zellerau,STUDENT,aktiv
804,K-000804,2023-11-03,1963,Sanderau,BASIS,aktiv
805,K-000805,2025-12-15,1959,Lengfeld,BASIS,aktiv
806,K-000806,2025-11-03,1973,Altstadt,BASIS,aktiv
807,K-000807,2024-10-12,1988,Versbach,PREMIUM,aktiv
808,K-000808,2025-07-03,2004,Frauenland,BASIS,aktiv
809,K-000809,2022-11-23,1960,Sanderau,STUDENT,aktiv
810,K-000810,2023-08-16,1999,Altstadt,STUDENT,aktiv
811,K-000811,2024-09-23,2006,Frauenland,BASIS,aktiv
812,K-000812,2023-01-12,1966,Grombuehl,BASIS,aktiv
813,K-000813,2023-09-18,2003,Sanderau,BASIS,aktiv
814,K-000814,2023-09-21,1991,Heidingsfeld,BASIS,aktiv
815,K-000815,2023-08-22,1983,Versbach,BASIS,aktiv
816,K-000816,2025-10-05,2000,Versbach,STUDENT,aktiv
817,K-000817,2023-03-30,1983,Sanderau,PREMIUM,aktiv
818,K-000818,2023-03-11,1990,Zellerau,BASIS,aktiv
819,K-000819,2025-08-31,1999,Zellerau,STUDENT,aktiv
820,K-000820,2023-03-25,1972,Heidingsfeld,BASIS,aktiv
821,K-000821,2022-11-23,1993,Heidingsfeld,PREMIUM,aktiv
822,K-000822,2023-10-02,1996,Heidingsfeld,BASIS,aktiv
823,K-000823,2022-11-11,2001,Zellerau,BASIS,aktiv
824,K-000824,2023-06-26,2000,Grombuehl,BASIS,aktiv
825,K-000825,2026-01-22,2000,Frauenland,OEPNV,aktiv
826,K-000826,2023-08-24,2006,Heidingsfeld,STUDENT,aktiv
827,K-000827,2022-12-28,1999,Umland,BASIS,aktiv
828,K-000828,2024-01-06,1976,Zellerau,OEPNV,aktiv
829,K-000829,2026-02-03,1996,Versbach,OEPNV,aktiv
830,K-000830,2023-05-12,1990,Heidingsfeld,OEPNV,aktiv
831,K-000831,2024-11-27,2003,Umland,STUDENT,aktiv
832,K-000832,2023-08-23,1973,Grombuehl,BASIS,aktiv
833,K-000833,2024-10-02,1964,Frauenland,BASIS,aktiv
834,K-000834,2023-11-10,2006,Sanderau,STUDENT,gesperrt
835,K-000835,2022-10-06,1982,Versbach,PREMIUM,aktiv
836,K-000836,2023-12-09,1974,Versbach,PREMIUM,aktiv
837,K-000837,2022-11-01,1990,Sanderau,BASIS,aktiv
838,K-000838,2024-09-24,1966,Altstadt,BASIS,aktiv
839,K-000839,2025-10-20,2004,Heidingsfeld,BASIS,aktiv
840,K-000840,2023-03-30,1990,Lengfeld,OEPNV,aktiv
841,K-000841,2026-01-14,1973,Altstadt,BASIS,aktiv
842,K-000842,2022-10-12,2004,Grombuehl,BASIS,aktiv
843,K-000843,2026-04-21,1974,Grombuehl,BASIS,aktiv
844,K-000844,2025-09-15,1960,Zellerau,BASIS,aktiv
845,K-000845,2024-02-27,1988,Sanderau,BASIS,aktiv
846,K-000846,2025-02-22,1990,Grombuehl,PREMIUM,aktiv
847,K-000847,2023-05-04,1970,Altstadt,OEPNV,aktiv
848,K-000848,2025-03-15,1967,Altstadt,BASIS,aktiv
849,K-000849,2023-12-23,2005,Heidingsfeld,BASIS,aktiv
850,K-000850,2023-08-26,2007,Zellerau,STUDENT,aktiv
851,K-000851,2024-03-19,2002,Versbach,STUDENT,aktiv
852,K-000852,2023-03-24,2005,Lengfeld,STUDENT,aktiv
853,K-000853,2022-09-26,1958,Versbach,PREMIUM,aktiv
854,K-000854,2026-04-08,1999,Heidingsfeld,STUDENT,aktiv
855,K-000855,2024-04-18,1972,Versbach,BASIS,aktiv
856,K-000856,2022-09-30,1994,Frauenland,BASIS,aktiv
857,K-000857,2023-01-29,1977,Lengfeld,BASIS,aktiv
858,K-000858,2022-09-17,1993,Frauenland,OEPNV,aktiv
859,K-000859,2023-09-22,1999,Umland,BASIS,aktiv
860,K-000860,2022-10-27,1975,Heidingsfeld,PREMIUM,aktiv
861,K-000861,2024-10-09,1970,Grombuehl,BASIS,aktiv
862,K-000862,2025-07-14,1955,Zellerau,BASIS,aktiv
863,K-000863,2023-09-03,2002,Frauenland,BASIS,aktiv
864,K-000864,2024-05-05,1988,Zellerau,OEPNV,aktiv
865,K-000865,2023-05-06,1998,Grombuehl,STUDENT,aktiv
866,K-000866,2022-10-03,1998,Sanderau,BASIS,aktiv
867,K-000867,2022-12-19,1981,Umland,PREMIUM,aktiv
868,K-000868,2024-05-21,1960,Frauenland,BASIS,aktiv
869,K-000869,2023-05-25,1978,Frauenland,PREMIUM,aktiv
870,K-000870,2022-08-29,1994,Lengfeld,BASIS,aktiv
871,K-000871,2024-05-18,2006,Zellerau,STUDENT,aktiv
872,K-000872,2023-11-10,1983,Lengfeld,OEPNV,aktiv
873,K-000873,2024-09-14,1993,Zellerau,PREMIUM,aktiv
874,K-000874,2024-04-04,1960,Sanderau,BASIS,aktiv
875,K-000875,2023-04-06,1960,Grombuehl,BASIS,aktiv
876,K-000876,2023-04-19,1999,Lengfeld,STUDENT,aktiv
877,K-000877,2025-03-11,2003,Umland,OEPNV,aktiv
878,K-000878,2022-11-26,1962,Grombuehl,BASIS,aktiv
879,K-000879,2023-04-23,1955,Sanderau,BASIS,aktiv
880,K-000880,2024-10-02,1980,Sanderau,BASIS,aktiv
881,K-000881,2022-12-14,1992,Altstadt,PREMIUM,aktiv
882,K-000882,2025-09-06,1994,Zellerau,PREMIUM,aktiv
883,K-000883,2022-12-13,1977,Sanderau,OEPNV,aktiv
884,K-000884,2024-02-29,2001,Zellerau,BASIS,aktiv
885,K-000885,2022-09-08,1997,Zellerau,BASIS,aktiv
886,K-000886,2025-05-30,2003,Frauenland,STUDENT,aktiv
887,K-000887,2023-06-16,2001,Umland,OEPNV,aktiv
888,K-000888,2025-03-16,1957,Versbach,BASIS,aktiv
889,K-000889,2024-10-26,1982,Grombuehl,OEPNV,aktiv
890,K-000890,2022-09-29,2006,Altstadt,STUDENT,aktiv
891,K-000891,2025-10-28,2001,Heidingsfeld,STUDENT,aktiv
892,K-000892,2025-09-12,2000,Umland,STUDENT,aktiv
893,K-000893,2024-05-27,1956,Lengfeld,BASIS,aktiv
894,K-000894,2022-09-25,1965,Altstadt,BASIS,aktiv
895,K-000895,2026-03-26,1971,Heidingsfeld,BASIS,aktiv
896,K-000896,2024-12-11,1999,Zellerau,PREMIUM,aktiv
897,K-000897,2026-04-26,1983,Grombuehl,PREMIUM,aktiv
898,K-000898,2023-03-24,1976,Heidingsfeld,OEPNV,aktiv
899,K-000899,2023-01-16,1993,Grombuehl,PREMIUM,aktiv
900,K-000900,2022-11-05,1987,Lengfeld,BASIS,aktiv
901,K-000901,2023-06-09,2003,Altstadt,STUDENT,aktiv
902,K-000902,2023-04-07,1981,Versbach,PREMIUM,aktiv
903,K-000903,2024-11-21,1965,Altstadt,BASIS,aktiv
904,K-000904,2023-04-14,2004,Versbach,BASIS,aktiv
905,K-000905,2023-06-21,1969,Heidingsfeld,STUDENT,aktiv
906,K-000906,2024-03-13,1982,Grombuehl,BASIS,aktiv
907,K-000907,2022-10-09,2001,Versbach,STUDENT,aktiv
908,K-000908,2024-04-02,2002,Sanderau,STUDENT,aktiv
909,K-000909,2023-10-05,1981,Sanderau,BASIS,aktiv
910,K-000910,2024-09-21,1987,Lengfeld,BASIS,aktiv
911,K-000911,2025-10-14,2005,Zellerau,BASIS,aktiv
912,K-000912,2023-05-31,2001,Sanderau,STUDENT,aktiv
913,K-000913,2022-12-07,1999,Altstadt,STUDENT,aktiv
914,K-000914,2022-08-29,1957,Grombuehl,BASIS,aktiv
915,K-000915,2024-03-11,1964,Altstadt,BASIS,aktiv
916,K-000916,2022-09-13,1973,Umland,BASIS,aktiv
917,K-000917,2024-03-29,2001,Zellerau,BASIS,aktiv
918,K-000918,2023-06-26,1977,Versbach,BASIS,aktiv
919,K-000919,2025-01-19,1978,Sanderau,PREMIUM,aktiv
920,K-000920,2026-04-22,1998,Lengfeld,BASIS,aktiv
921,K-000921,2022-12-25,1987,Zellerau,PREMIUM,aktiv
922,K-000922,2022-10-01,1985,Zellerau,BASIS,aktiv
923,K-000923,2024-07-22,1998,Frauenland,STUDENT,aktiv
924,K-000924,2023-08-14,2003,Heidingsfeld,STUDENT,aktiv
925,K-000925,2023-04-18,1988,Lengfeld,PREMIUM,aktiv
926,K-000926,2025-12-08,1966,Heidingsfeld,BASIS,aktiv
927,K-000927,2025-09-25,1991,Sanderau,OEPNV,aktiv
928,K-000928,2022-12-28,1975,Heidingsfeld,BASIS,aktiv
929,K-000929,2022-09-06,1979,Umland,BASIS,aktiv
930,K-000930,2023-02-05,2004,Versbach,BASIS,aktiv
931,K-000931,2022-12-04,1998,Umland,STUDENT,aktiv
932,K-000932,2022-12-20,1971,Altstadt,BASIS,aktiv
933,K-000933,2023-08-11,1998,Grombuehl,BASIS,aktiv
934,K-000934,2023-11-06,1998,Zellerau,BASIS,aktiv
935,K-000935,2026-07-13,1966,Umland,BASIS,aktiv
936,K-000936,2023-03-22,1992,Versbach,BASIS,aktiv
937,K-000937,2022-09-08,1995,Umland,OEPNV,aktiv
938,K-000938,2022-08-29,1970,Heidingsfeld,BASIS,aktiv
939,K-000939,2022-08-09,1989,Heidingsfeld,OEPNV,aktiv
940,K-000940,2024-05-07,2006,Umland,STUDENT,aktiv
941,K-000941,2022-10-12,1970,Umland,OEPNV,aktiv
942,K-000942,2023-05-15,2007,Frauenland,STUDENT,aktiv
943,K-000943,2023-11-16,2003,Grombuehl,STUDENT,aktiv
944,K-000944,2024-03-05,1998,Frauenland,OEPNV,aktiv
945,K-000945,2022-12-17,1971,Heidingsfeld,BASIS,aktiv
946,K-000946,2023-01-23,1993,Zellerau,PREMIUM,aktiv
947,K-000947,2023-02-27,1983,Zellerau,STUDENT,aktiv
948,K-000948,2025-03-20,2007,Zellerau,BASIS,aktiv
949,K-000949,2023-03-11,1988,Frauenland,PREMIUM,aktiv
950,K-000950,2023-10-20,1974,Umland,BASIS,aktiv
951,K-000951,2023-01-14,1977,Sanderau,BASIS,aktiv
952,K-000952,2025-08-18,1984,Versbach,OEPNV,aktiv
953,K-000953,2022-11-16,1967,Lengfeld,BASIS,aktiv
954,K-000954,2026-03-02,1958,Frauenland,BASIS,aktiv
955,K-000955,2023-07-16,2004,Heidingsfeld,STUDENT,aktiv
956,K-000956,2026-01-10,1998,Heidingsfeld,BASIS,aktiv
957,K-000957,2025-09-04,2001,Umland,STUDENT,gesperrt
958,K-000958,2022-11-09,1970,Versbach,PREMIUM,aktiv
959,K-000959,2023-05-13,1962,Versbach,OEPNV,aktiv
960,K-000960,2025-08-29,1979,Zellerau,OEPNV,aktiv
961,K-000961,2026-03-27,1989,Frauenland,OEPNV,aktiv
962,K-000962,2022-12-05,1962,Grombuehl,OEPNV,aktiv
963,K-000963,2025-08-12,2000,Versbach,BASIS,aktiv
964,K-000964,2025-06-03,2007,Lengfeld,STUDENT,aktiv
965,K-000965,2022-12-14,1978,Frauenland,BASIS,aktiv
966,K-000966,2022-12-18,1974,Altstadt,OEPNV,aktiv
967,K-000967,2024-04-30,1987,Frauenland,OEPNV,aktiv
968,K-000968,2024-10-26,1964,Heidingsfeld,OEPNV,aktiv
969,K-000969,2025-11-09,2002,Heidingsfeld,BASIS,aktiv
970,K-000970,2025-04-18,1955,Sanderau,OEPNV,aktiv
971,K-000971,2025-05-22,1993,Sanderau,BASIS,aktiv
972,K-000972,2024-04-10,2005,Frauenland,STUDENT,aktiv
973,K-000973,2023-09-13,2000,Sanderau,STUDENT,aktiv
974,K-000974,2022-10-10,1966,Versbach,BASIS,aktiv
975,K-000975,2025-01-25,1973,Heidingsfeld,BASIS,aktiv
976,K-000976,2024-07-22,2004,Lengfeld,OEPNV,aktiv
977,K-000977,2025-06-05,2004,Lengfeld,STUDENT,aktiv
978,K-000978,2022-11-23,1983,Umland,BASIS,aktiv
979,K-000979,2024-08-24,1993,Heidingsfeld,BASIS,aktiv
980,K-000980,2025-05-10,1968,Umland,BASIS,aktiv
981,K-000981,2024-04-06,1986,Versbach,PREMIUM,aktiv
982,K-000982,2022-08-15,1978,Versbach,BASIS,aktiv
983,K-000983,2025-09-02,1998,Frauenland,BASIS,aktiv
984,K-000984,2024-04-09,1972,Sanderau,BASIS,aktiv
985,K-000985,2023-07-03,1958,Zellerau,OEPNV,aktiv
986,K-000986,2024-10-11,2005,Altstadt,STUDENT,aktiv
987,K-000987,2022-10-28,1971,Altstadt,PREMIUM,aktiv
988,K-000988,2023-04-21,1996,Heidingsfeld,STUDENT,aktiv
989,K-000989,2025-03-02,1998,Zellerau,STUDENT,aktiv
990,K-000990,2024-10-27,1961,Heidingsfeld,BASIS,aktiv
991,K-000991,2023-03-13,2007,Sanderau,OEPNV,aktiv
992,K-000992,2023-07-29,1961,Zellerau,OEPNV,aktiv
993,K-000993,2025-04-05,1997,Frauenland,BASIS,aktiv
994,K-000994,2024-06-29,1971,Sanderau,BASIS,aktiv
995,K-000995,2023-03-15,2003,Versbach,STUDENT,aktiv
996,K-000996,2023-07-15,2001,Versbach,STUDENT,aktiv
997,K-000997,2023-11-23,1982,Lengfeld,BASIS,aktiv
998,K-000998,2026-05-16,1996,Lengfeld,STUDENT,aktiv
999,K-000999,2023-08-04,1998,Altstadt,BASIS,aktiv
1000,K-001000,2026-02-26,2007,Grombuehl,STUDENT,aktiv
1001,K-001001,2022-12-14,1971,Altstadt,BASIS,aktiv
1002,K-001002,2023-12-24,1981,Umland,PREMIUM,aktiv
1003,K-001003,2023-06-22,1991,Heidingsfeld,BASIS,aktiv
1004,K-001004,2023-10-26,2005,Umland,BASIS,aktiv
1005,K-001005,2026-05-06,1999,Sanderau,PREMIUM,aktiv
1006,K-001006,2024-06-05,1964,Zellerau,BASIS,aktiv
1007,K-001007,2023-07-03,1955,Umland,BASIS,aktiv
1008,K-001008,2025-09-07,1983,Umland,PREMIUM,aktiv
1009,K-001009,2025-07-21,1991,Lengfeld,BASIS,aktiv
1010,K-001010,2026-02-09,1977,Versbach,BASIS,aktiv
1011,K-001011,2023-02-24,2003,Grombuehl,STUDENT,aktiv
1012,K-001012,2024-11-15,1985,Zellerau,PREMIUM,aktiv
1013,K-001013,2024-11-17,2001,Frauenland,STUDENT,aktiv
1014,K-001014,2023-01-02,1976,Umland,STUDENT,aktiv
1015,K-001015,2022-09-30,1997,Zellerau,BASIS,aktiv
1016,K-001016,2023-06-10,1982,Versbach,OEPNV,aktiv
1017,K-001017,2024-02-25,1964,Versbach,PREMIUM,aktiv
1018,K-001018,2023-08-14,1989,Umland,BASIS,aktiv
1019,K-001019,2023-07-18,1985,Sanderau,OEPNV,aktiv
1020,K-001020,2022-12-13,1984,Umland,BASIS,aktiv
1021,K-001021,2023-12-07,1990,Sanderau,BASIS,aktiv
1022,K-001022,2024-02-02,1994,Sanderau,PREMIUM,aktiv
1023,K-001023,2022-09-09,2000,Sanderau,STUDENT,aktiv
1024,K-001024,2024-06-24,2001,Grombuehl,STUDENT,aktiv
1025,K-001025,2024-10-12,1996,Versbach,BASIS,aktiv
1026,K-001026,2025-08-04,1999,Frauenland,BASIS,aktiv
1027,K-001027,2023-02-23,1992,Lengfeld,BASIS,aktiv
1028,K-001028,2025-02-09,1992,Grombuehl,OEPNV,aktiv
1029,K-001029,2023-01-12,1964,Frauenland,OEPNV,aktiv
1030,K-001030,2023-06-10,1997,Versbach,BASIS,aktiv
1031,K-001031,2023-06-16,1964,Versbach,BASIS,aktiv
1032,K-001032,2023-05-24,1971,Heidingsfeld,BASIS,aktiv
1033,K-001033,2024-04-22,2007,Zellerau,STUDENT,aktiv
1034,K-001034,2023-06-15,1981,Sanderau,BASIS,aktiv
1035,K-001035,2022-08-24,1979,Lengfeld,BASIS,aktiv
1036,K-001036,2026-07-06,2001,Zellerau,BASIS,aktiv
1037,K-001037,2023-02-20,1996,Versbach,BASIS,aktiv
1038,K-001038,2023-02-21,1965,Frauenland,BASIS,aktiv
1039,K-001039,2023-09-01,1969,Umland,OEPNV,aktiv
1040,K-001040,2023-06-23,1985,Umland,PREMIUM,aktiv
1041,K-001041,2026-05-06,1988,Grombuehl,BASIS,aktiv
1042,K-001042,2025-02-15,1999,Heidingsfeld,BASIS,aktiv
1043,K-001043,2023-08-15,2003,Sanderau,STUDENT,aktiv
1044,K-001044,2022-10-08,1985,Zellerau,BASIS,aktiv
1045,K-001045,2023-02-22,1971,Sanderau,BASIS,aktiv
1046,K-001046,2024-04-22,1983,Lengfeld,BASIS,aktiv
1047,K-001047,2026-01-30,1992,Sanderau,BASIS,aktiv
1048,K-001048,2022-07-29,1990,Zellerau,BASIS,aktiv
1049,K-001049,2024-08-07,1969,Umland,BASIS,aktiv
1050,K-001050,2024-09-19,1969,Grombuehl,BASIS,aktiv
1051,K-001051,2023-01-26,2007,Zellerau,STUDENT,aktiv
1052,K-001052,2023-07-26,1973,Altstadt,BASIS,aktiv
1053,K-001053,2024-04-16,1975,Altstadt,BASIS,aktiv
1054,K-001054,2024-10-07,2005,Zellerau,PREMIUM,aktiv
1055,K-001055,2025-09-12,1956,Altstadt,BASIS,aktiv
1056,K-001056,2025-05-27,1992,Versbach,BASIS,aktiv
1057,K-001057,2026-03-24,1990,Frauenland,BASIS,aktiv
1058,K-001058,2025-07-18,2002,Versbach,OEPNV,aktiv
1059,K-001059,2025-03-25,1981,Altstadt,PREMIUM,aktiv
1060,K-001060,2023-04-27,1969,Grombuehl,BASIS,aktiv
1061,K-001061,2024-08-13,1980,Versbach,BASIS,aktiv
1062,K-001062,2025-03-20,1955,Grombuehl,BASIS,aktiv
1063,K-001063,2023-01-03,1955,Frauenland,BASIS,aktiv
1064,K-001064,2026-06-26,1988,Sanderau,BASIS,aktiv
1065,K-001065,2023-02-11,1983,Lengfeld,BASIS,aktiv
1066,K-001066,2023-04-29,1998,Altstadt,STUDENT,aktiv
1067,K-001067,2023-03-28,1998,Zellerau,OEPNV,aktiv
1068,K-001068,2023-05-12,1980,Zellerau,OEPNV,aktiv
1069,K-001069,2022-08-08,2005,Lengfeld,STUDENT,aktiv
1070,K-001070,2026-06-17,2001,Versbach,STUDENT,aktiv
1071,K-001071,2023-07-18,1960,Lengfeld,BASIS,aktiv
1072,K-001072,2023-09-03,1983,Lengfeld,STUDENT,aktiv
1073,K-001073,2023-10-07,1992,Versbach,PREMIUM,aktiv
1074,K-001074,2022-08-14,1975,Frauenland,BASIS,aktiv
1075,K-001075,2025-02-10,1958,Altstadt,BASIS,aktiv
1076,K-001076,2023-11-23,1961,Altstadt,PREMIUM,aktiv
1077,K-001077,2023-02-17,1984,Umland,PREMIUM,aktiv
1078,K-001078,2022-09-26,2006,Lengfeld,STUDENT,aktiv
1079,K-001079,2023-04-09,2002,Lengfeld,STUDENT,aktiv
1080,K-001080,2023-08-15,2003,Altstadt,STUDENT,aktiv
1081,K-001081,2024-07-14,1965,Umland,BASIS,aktiv
1082,K-001082,2025-02-20,1992,Grombuehl,OEPNV,aktiv
1083,K-001083,2022-09-25,1956,Umland,BASIS,aktiv
1084,K-001084,2023-04-21,1958,Umland,BASIS,aktiv
1085,K-001085,2022-11-18,1987,Umland,BASIS,aktiv
1086,K-001086,2024-05-06,1980,Zellerau,BASIS,aktiv
1087,K-001087,2025-05-12,1978,Grombuehl,BASIS,aktiv
1088,K-001088,2022-10-07,1967,Frauenland,PREMIUM,aktiv
1089,K-001089,2024-02-27,1999,Altstadt,STUDENT,aktiv
1090,K-001090,2026-07-16,2005,Versbach,BASIS,aktiv
1091,K-001091,2025-08-18,1991,Sanderau,STUDENT,aktiv
1092,K-001092,2024-06-14,1992,Zellerau,PREMIUM,aktiv
1093,K-001093,2023-06-19,1968,Lengfeld,BASIS,aktiv
1094,K-001094,2024-02-04,2000,Versbach,BASIS,aktiv
1095,K-001095,2023-06-15,2006,Umland,STUDENT,aktiv
1096,K-001096,2023-01-12,1955,Umland,BASIS,aktiv
1097,K-001097,2023-06-18,1962,Altstadt,BASIS,aktiv
1098,K-001098,2025-04-22,1971,Umland,BASIS,aktiv
1099,K-001099,2022-09-18,1973,Zellerau,PREMIUM,aktiv
1100,K-001100,2023-02-25,1977,Frauenland,BASIS,aktiv
1101,K-001101,2023-08-08,1984,Sanderau,PREMIUM,aktiv
1102,K-001102,2024-02-16,1971,Zellerau,OEPNV,aktiv
1103,K-001103,2025-03-25,2001,Altstadt,STUDENT,aktiv
1104,K-001104,2024-05-02,1964,Frauenland,OEPNV,aktiv
1105,K-001105,2023-05-28,1990,Lengfeld,PREMIUM,aktiv
1106,K-001106,2024-12-10,1986,Grombuehl,BASIS,aktiv
1107,K-001107,2023-08-02,1968,Umland,BASIS,aktiv
1108,K-001108,2022-09-19,2004,Frauenland,BASIS,aktiv
1109,K-001109,2024-11-16,1976,Sanderau,BASIS,aktiv
1110,K-001110,2023-06-11,1988,Altstadt,BASIS,aktiv
1111,K-001111,2022-08-13,1985,Versbach,BASIS,aktiv
1112,K-001112,2024-08-24,2007,Umland,OEPNV,aktiv
1113,K-001113,2022-07-29,1987,Grombuehl,BASIS,aktiv
1114,K-001114,2023-06-26,1988,Frauenland,OEPNV,aktiv
1115,K-001115,2023-08-18,1981,Heidingsfeld,BASIS,aktiv
1116,K-001116,2022-08-03,1985,Altstadt,OEPNV,aktiv
1117,K-001117,2023-03-19,1991,Sanderau,BASIS,aktiv
1118,K-001118,2026-02-13,1999,Umland,STUDENT,aktiv
1119,K-001119,2025-09-28,1983,Sanderau,BASIS,aktiv
1120,K-001120,2025-08-20,1992,Lengfeld,BASIS,aktiv
1121,K-001121,2023-12-12,1975,Heidingsfeld,OEPNV,aktiv
1122,K-001122,2023-02-08,2004,Altstadt,STUDENT,aktiv
1123,K-001123,2024-09-28,1981,Sanderau,BASIS,aktiv
1124,K-001124,2025-11-12,1964,Lengfeld,BASIS,aktiv
1125,K-001125,2023-04-30,1977,Lengfeld,BASIS,aktiv
1126,K-001126,2023-11-10,1999,Grombuehl,BASIS,aktiv
1127,K-001127,2024-06-09,1999,Umland,STUDENT,aktiv
1128,K-001128,2025-12-01,1986,Grombuehl,BASIS,aktiv
1129,K-001129,2022-12-08,2006,Lengfeld,STUDENT,aktiv
1130,K-001130,2025-12-19,1989,Sanderau,PREMIUM,aktiv
1131,K-001131,2024-11-24,1994,Versbach,PREMIUM,aktiv
1132,K-001132,2023-08-31,2002,Umland,STUDENT,aktiv
1133,K-001133,2025-03-16,1968,Sanderau,BASIS,aktiv
1134,K-001134,2023-04-18,2002,Zellerau,STUDENT,aktiv
1135,K-001135,2023-02-08,1999,Umland,STUDENT,aktiv
1136,K-001136,2025-11-16,1961,Zellerau,BASIS,aktiv
1137,K-001137,2025-09-19,2000,Zellerau,BASIS,aktiv
1138,K-001138,2022-09-05,1977,Altstadt,OEPNV,aktiv
1139,K-001139,2025-09-01,1977,Lengfeld,BASIS,aktiv
1140,K-001140,2025-08-17,1987,Umland,OEPNV,aktiv
1141,K-001141,2025-09-22,1985,Sanderau,BASIS,aktiv
1142,K-001142,2024-10-24,1996,Grombuehl,PREMIUM,aktiv
1143,K-001143,2026-01-23,1994,Grombuehl,BASIS,aktiv
1144,K-001144,2026-03-21,1979,Versbach,BASIS,aktiv
1145,K-001145,2024-11-02,2003,Heidingsfeld,OEPNV,aktiv
1146,K-001146,2023-12-01,1978,Umland,BASIS,aktiv
1147,K-001147,2024-05-02,2007,Versbach,STUDENT,aktiv
1148,K-001148,2026-02-20,2001,Lengfeld,BASIS,aktiv
1149,K-001149,2024-12-02,1991,Zellerau,OEPNV,aktiv
1150,K-001150,2025-07-17,1984,Lengfeld,PREMIUM,aktiv
1151,K-001151,2024-02-01,1996,Umland,BASIS,aktiv
1152,K-001152,2022-12-06,1982,Altstadt,PREMIUM,aktiv
1153,K-001153,2025-01-19,1979,Versbach,BASIS,aktiv
1154,K-001154,2026-01-19,2003,Lengfeld,BASIS,aktiv
1155,K-001155,2026-06-03,1979,Lengfeld,BASIS,aktiv
1156,K-001156,2024-03-27,1998,Umland,BASIS,gesperrt
1157,K-001157,2024-01-28,1993,Heidingsfeld,BASIS,aktiv
1158,K-001158,2024-03-08,2006,Frauenland,OEPNV,aktiv
1159,K-001159,2023-04-10,1988,Heidingsfeld,BASIS,aktiv
1160,K-001160,2023-06-23,1971,Versbach,PREMIUM,aktiv
1161,K-001161,2025-07-21,1999,Grombuehl,OEPNV,aktiv
1162,K-001162,2024-02-27,1968,Sanderau,OEPNV,aktiv
1163,K-001163,2022-10-23,1988,Sanderau,PREMIUM,aktiv
1164,K-001164,2024-07-15,1999,Altstadt,STUDENT,aktiv
1165,K-001165,2022-12-05,1970,Frauenland,BASIS,aktiv
1166,K-001166,2023-05-12,1989,Frauenland,OEPNV,aktiv
1167,K-001167,2025-03-12,1969,Altstadt,PREMIUM,aktiv
1168,K-001168,2022-10-05,1990,Lengfeld,BASIS,aktiv
1169,K-001169,2023-03-04,1989,Heidingsfeld,OEPNV,aktiv
1170,K-001170,2023-06-28,2001,Versbach,STUDENT,aktiv
1171,K-001171,2023-02-14,1957,Zellerau,BASIS,aktiv
1172,K-001172,2022-10-15,1991,Grombuehl,PREMIUM,aktiv
1173,K-001173,2025-05-16,1998,Grombuehl,STUDENT,aktiv
1174,K-001174,2026-06-09,1979,Umland,BASIS,aktiv
1175,K-001175,2026-06-14,1999,Zellerau,BASIS,aktiv
1176,K-001176,2023-07-27,1991,Lengfeld,BASIS,aktiv
1177,K-001177,2025-08-07,2002,Umland,STUDENT,aktiv
1178,K-001178,2023-01-06,1987,Sanderau,PREMIUM,aktiv
1179,K-001179,2023-03-09,1959,Grombuehl,BASIS,aktiv
1180,K-001180,2023-07-27,1989,Grombuehl,OEPNV,aktiv
1181,K-001181,2022-12-14,2000,Umland,STUDENT,aktiv
1182,K-001182,2024-12-15,1994,Zellerau,BASIS,aktiv
1183,K-001183,2022-12-14,2002,Sanderau,STUDENT,aktiv
1184,K-001184,2022-12-09,1978,Zellerau,STUDENT,aktiv
1185,K-001185,2023-11-02,2001,Sanderau,BASIS,aktiv
1186,K-001186,2026-02-19,1986,Heidingsfeld,BASIS,aktiv
1187,K-001187,2023-01-19,1998,Umland,STUDENT,aktiv
1188,K-001188,2023-03-24,2005,Heidingsfeld,PREMIUM,aktiv
1189,K-001189,2022-12-08,2002,Sanderau,STUDENT,aktiv
1190,K-001190,2023-07-24,1995,Sanderau,BASIS,aktiv
1191,K-001191,2023-01-19,1999,Umland,STUDENT,aktiv
1192,K-001192,2023-04-10,1986,Zellerau,BASIS,aktiv
1193,K-001193,2022-08-01,1986,Zellerau,OEPNV,aktiv
1194,K-001194,2024-11-15,1971,Umland,BASIS,aktiv
1195,K-001195,2025-04-04,1999,Heidingsfeld,STUDENT,aktiv
1196,K-001196,2024-04-24,1989,Heidingsfeld,BASIS,aktiv
1197,K-001197,2026-07-10,1998,Altstadt,BASIS,aktiv
1198,K-001198,2024-09-30,1975,Heidingsfeld,PREMIUM,aktiv
1199,K-001199,2024-03-24,2004,Altstadt,BASIS,aktiv
1200,K-001200,2023-01-20,1959,Sanderau,BASIS,aktiv
1201,K-001201,2026-05-10,1987,Versbach,BASIS,aktiv
1202,K-001202,2026-03-02,1969,Heidingsfeld,PREMIUM,aktiv
1203,K-001203,2023-12-10,1958,Grombuehl,BASIS,aktiv
1204,K-001204,2023-06-12,1978,Umland,BASIS,aktiv
1205,K-001205,2023-08-30,1967,Sanderau,PREMIUM,aktiv
1206,K-001206,2026-03-13,1995,Lengfeld,PREMIUM,aktiv
1207,K-001207,2025-11-25,2003,Lengfeld,BASIS,aktiv
1208,K-001208,2025-09-21,1985,Lengfeld,BASIS,aktiv
1209,K-001209,2025-08-22,1985,Zellerau,OEPNV,aktiv
1210,K-001210,2026-01-08,1998,Umland,PREMIUM,aktiv
1211,K-001211,2025-03-02,1981,Versbach,BASIS,aktiv
1212,K-001212,2023-06-22,1988,Heidingsfeld,BASIS,aktiv
1213,K-001213,2023-01-01,1999,Frauenland,BASIS,aktiv
1214,K-001214,2022-11-05,1971,Heidingsfeld,BASIS,aktiv
1215,K-001215,2023-09-17,2001,Versbach,BASIS,aktiv
1216,K-001216,2022-09-07,1979,Versbach,STUDENT,aktiv
1217,K-001217,2024-07-17,2000,Zellerau,STUDENT,aktiv
1218,K-001218,2025-01-01,1994,Grombuehl,BASIS,aktiv
1219,K-001219,2023-08-14,1956,Versbach,BASIS,aktiv
1220,K-001220,2022-10-04,1979,Altstadt,BASIS,aktiv
1221,K-001221,2023-02-28,1987,Heidingsfeld,BASIS,aktiv
1222,K-001222,2023-04-04,1973,Sanderau,BASIS,aktiv
1223,K-001223,2023-10-20,2001,Heidingsfeld,STUDENT,aktiv
1224,K-001224,2022-11-07,1997,Umland,BASIS,aktiv
1225,K-001225,2025-10-31,2005,Grombuehl,PREMIUM,aktiv
1226,K-001226,2023-03-19,2002,Versbach,BASIS,aktiv
1227,K-001227,2023-05-15,1990,Frauenland,BASIS,aktiv
1228,K-001228,2023-11-01,2004,Lengfeld,STUDENT,aktiv
1229,K-001229,2023-01-07,2001,Sanderau,BASIS,aktiv
1230,K-001230,2023-12-05,2004,Altstadt,STUDENT,aktiv
1231,K-001231,2024-12-21,1958,Lengfeld,BASIS,aktiv
1232,K-001232,2023-06-03,1992,Altstadt,OEPNV,aktiv
1233,K-001233,2024-05-22,1996,Versbach,BASIS,aktiv
1234,K-001234,2023-08-16,2002,Versbach,BASIS,aktiv
1235,K-001235,2026-06-07,2001,Umland,STUDENT,aktiv
1236,K-001236,2025-11-01,1964,Frauenland,BASIS,aktiv
1237,K-001237,2025-02-05,2004,Altstadt,OEPNV,aktiv
1238,K-001238,2026-06-27,1960,Zellerau,BASIS,aktiv
1239,K-001239,2025-01-24,1994,Altstadt,PREMIUM,aktiv
1240,K-001240,2023-10-22,1983,Versbach,BASIS,aktiv
1241,K-001241,2023-09-15,1960,Zellerau,BASIS,aktiv
1242,K-001242,2024-04-14,2003,Lengfeld,OEPNV,aktiv
1243,K-001243,2024-03-25,1992,Altstadt,PREMIUM,aktiv
1244,K-001244,2023-08-08,2002,Altstadt,BASIS,aktiv
1245,K-001245,2026-02-09,1988,Versbach,BASIS,aktiv
1246,K-001246,2025-09-20,1983,Versbach,BASIS,aktiv
1247,K-001247,2024-01-12,2004,Umland,BASIS,aktiv
1248,K-001248,2023-05-05,2000,Frauenland,STUDENT,gesperrt
1249,K-001249,2023-12-01,1979,Zellerau,BASIS,aktiv
1250,K-001250,2023-02-02,1999,Versbach,BASIS,aktiv
1251,K-001251,2025-08-01,1995,Versbach,OEPNV,aktiv
1252,K-001252,2023-07-28,1991,Sanderau,PREMIUM,aktiv
1253,K-001253,2024-07-31,1979,Grombuehl,OEPNV,aktiv
1254,K-001254,2025-07-08,1976,Frauenland,PREMIUM,aktiv
1255,K-001255,2023-01-07,1983,Lengfeld,BASIS,aktiv
1256,K-001256,2025-11-15,1979,Versbach,BASIS,aktiv
1257,K-001257,2025-04-19,1979,Sanderau,BASIS,aktiv
1258,K-001258,2024-09-24,1955,Sanderau,BASIS,aktiv
1259,K-001259,2023-05-20,2000,Versbach,BASIS,aktiv
1260,K-001260,2023-04-13,1983,Heidingsfeld,OEPNV,aktiv
1261,K-001261,2023-01-22,1984,Grombuehl,BASIS,aktiv
1262,K-001262,2022-08-19,1999,Altstadt,STUDENT,aktiv
1263,K-001263,2026-07-12,2000,Grombuehl,PREMIUM,aktiv
1264,K-001264,2023-09-29,1958,Altstadt,BASIS,aktiv
1265,K-001265,2026-06-23,2007,Lengfeld,BASIS,aktiv
1266,K-001266,2023-03-30,1971,Zellerau,BASIS,aktiv
1267,K-001267,2024-05-21,1961,Heidingsfeld,BASIS,aktiv
1268,K-001268,2024-01-19,1998,Sanderau,OEPNV,aktiv
1269,K-001269,2023-08-18,2003,Versbach,STUDENT,aktiv
1270,K-001270,2026-02-11,1998,Heidingsfeld,BASIS,aktiv
1271,K-001271,2023-10-10,2003,Versbach,STUDENT,aktiv
1272,K-001272,2023-03-23,2002,Frauenland,BASIS,aktiv
1273,K-001273,2023-06-10,2003,Altstadt,STUDENT,aktiv
1274,K-001274,2022-11-13,1999,Grombuehl,STUDENT,aktiv
1275,K-001275,2026-03-21,1985,Umland,BASIS,aktiv
1276,K-001276,2024-11-03,1995,Sanderau,OEPNV,aktiv
1277,K-001277,2024-03-18,1999,Altstadt,BASIS,aktiv
1278,K-001278,2023-05-26,1998,Versbach,STUDENT,aktiv
1279,K-001279,2023-02-17,2004,Frauenland,STUDENT,aktiv
1280,K-001280,2024-04-18,2006,Frauenland,STUDENT,aktiv
1281,K-001281,2022-11-18,2002,Grombuehl,BASIS,aktiv
1282,K-001282,2023-02-17,2002,Sanderau,BASIS,aktiv
1283,K-001283,2022-10-06,1958,Grombuehl,BASIS,aktiv
1284,K-001284,2024-09-20,1975,Altstadt,BASIS,aktiv
1285,K-001285,2022-08-03,1997,Sanderau,OEPNV,aktiv
1286,K-001286,2023-05-16,1963,Umland,BASIS,aktiv
1287,K-001287,2022-08-25,1991,Frauenland,OEPNV,aktiv
1288,K-001288,2023-07-17,1982,Altstadt,PREMIUM,aktiv
1289,K-001289,2023-12-08,1994,Zellerau,BASIS,aktiv
1290,K-001290,2024-03-03,1979,Sanderau,OEPNV,aktiv
1291,K-001291,2022-09-14,1970,Versbach,PREMIUM,aktiv
1292,K-001292,2025-11-17,1999,Zellerau,OEPNV,aktiv
1293,K-001293,2025-05-27,1996,Heidingsfeld,PREMIUM,aktiv
1294,K-001294,2024-01-23,1999,Versbach,BASIS,aktiv
1295,K-001295,2023-06-07,1984,Zellerau,BASIS,aktiv
1296,K-001296,2023-01-31,1994,Zellerau,PREMIUM,aktiv
1297,K-001297,2022-11-21,1960,Umland,BASIS,aktiv
1298,K-001298,2026-03-07,1960,Zellerau,BASIS,aktiv
1299,K-001299,2023-08-07,1991,Umland,BASIS,aktiv
1300,K-001300,2022-10-01,1993,Versbach,OEPNV,aktiv
1301,K-001301,2023-07-13,2003,Versbach,STUDENT,aktiv
1302,K-001302,2025-10-05,1978,Sanderau,BASIS,aktiv
1303,K-001303,2023-06-24,1960,Frauenland,BASIS,aktiv
1304,K-001304,2026-05-02,2002,Versbach,BASIS,aktiv
1305,K-001305,2023-02-07,1962,Lengfeld,BASIS,aktiv
1306,K-001306,2025-12-05,1977,Lengfeld,BASIS,gesperrt
1307,K-001307,2025-09-29,1989,Altstadt,OEPNV,aktiv
1308,K-001308,2025-07-30,2002,Umland,BASIS,aktiv
1309,K-001309,2022-12-13,2000,Versbach,STUDENT,aktiv
1310,K-001310,2022-08-25,2004,Umland,STUDENT,aktiv
1311,K-001311,2022-11-27,1984,Zellerau,PREMIUM,aktiv
1312,K-001312,2022-12-12,1967,Frauenland,BASIS,aktiv
1313,K-001313,2025-06-14,1996,Lengfeld,BASIS,aktiv
1314,K-001314,2023-02-01,1958,Versbach,BASIS,aktiv
1315,K-001315,2025-08-09,1980,Umland,BASIS,aktiv
1316,K-001316,2023-02-20,1983,Zellerau,OEPNV,aktiv
1317,K-001317,2024-06-09,2002,Umland,STUDENT,aktiv
1318,K-001318,2023-07-08,1987,Frauenland,BASIS,aktiv
1319,K-001319,2024-03-26,2000,Grombuehl,BASIS,aktiv
1320,K-001320,2025-07-05,1998,Zellerau,STUDENT,aktiv
1321,K-001321,2022-09-07,1955,Grombuehl,BASIS,aktiv
1322,K-001322,2023-01-03,1995,Heidingsfeld,PREMIUM,aktiv
1323,K-001323,2025-07-23,1995,Heidingsfeld,BASIS,aktiv
1324,K-001324,2023-03-24,2000,Lengfeld,STUDENT,aktiv
1325,K-001325,2026-01-20,1987,Sanderau,STUDENT,aktiv
1326,K-001326,2022-09-13,1984,Umland,BASIS,aktiv
1327,K-001327,2023-07-30,1998,Versbach,STUDENT,aktiv
1328,K-001328,2023-01-13,1982,Zellerau,BASIS,aktiv
1329,K-001329,2022-08-22,1968,Umland,BASIS,aktiv
1330,K-001330,2022-10-07,2003,Umland,OEPNV,aktiv
1331,K-001331,2023-02-08,2003,Umland,BASIS,aktiv
1332,K-001332,2026-05-07,2002,Grombuehl,BASIS,aktiv
1333,K-001333,2022-12-30,1961,Sanderau,BASIS,aktiv
1334,K-001334,2024-11-21,1996,Lengfeld,PREMIUM,aktiv
1335,K-001335,2024-10-13,1972,Grombuehl,BASIS,aktiv
1336,K-001336,2022-08-12,1965,Grombuehl,BASIS,aktiv
1337,K-001337,2026-06-23,2006,Frauenland,STUDENT,aktiv
1338,K-001338,2022-12-01,1982,Versbach,OEPNV,aktiv
1339,K-001339,2023-10-08,1962,Lengfeld,BASIS,aktiv
1340,K-001340,2023-03-21,1995,Sanderau,BASIS,aktiv
1341,K-001341,2022-11-28,1982,Altstadt,BASIS,aktiv
1342,K-001342,2023-09-16,1999,Grombuehl,BASIS,aktiv
1343,K-001343,2023-06-27,1976,Heidingsfeld,BASIS,aktiv
1344,K-001344,2023-02-13,2000,Grombuehl,STUDENT,aktiv
1345,K-001345,2023-07-02,1995,Altstadt,OEPNV,aktiv
1346,K-001346,2023-06-19,1983,Zellerau,OEPNV,aktiv
1347,K-001347,2023-11-27,2005,Altstadt,BASIS,aktiv
1348,K-001348,2023-06-12,1995,Altstadt,BASIS,aktiv
1349,K-001349,2024-08-05,1997,Versbach,BASIS,aktiv
1350,K-001350,2025-01-30,1993,Umland,BASIS,aktiv
1351,K-001351,2025-09-27,1989,Sanderau,BASIS,aktiv
1352,K-001352,2025-08-05,1958,Altstadt,PREMIUM,aktiv
1353,K-001353,2025-02-28,1980,Zellerau,BASIS,aktiv
1354,K-001354,2023-07-11,1964,Versbach,BASIS,aktiv
1355,K-001355,2025-11-09,2000,Altstadt,BASIS,aktiv
1356,K-001356,2023-07-11,2001,Umland,STUDENT,aktiv
1357,K-001357,2026-07-25,1992,Frauenland,OEPNV,aktiv
1358,K-001358,2023-08-11,2004,Grombuehl,BASIS,aktiv
1359,K-001359,2024-10-08,1998,Zellerau,STUDENT,aktiv
1360,K-001360,2024-11-23,1973,Grombuehl,BASIS,aktiv
1361,K-001361,2026-06-04,1986,Versbach,OEPNV,aktiv
1362,K-001362,2024-01-02,2002,Zellerau,BASIS,aktiv
1363,K-001363,2025-11-30,2000,Heidingsfeld,BASIS,aktiv
1364,K-001364,2025-04-29,1980,Frauenland,PREMIUM,aktiv
1365,K-001365,2023-03-20,1967,Altstadt,BASIS,aktiv
1366,K-001366,2025-08-25,1992,Lengfeld,OEPNV,aktiv
1367,K-001367,2024-09-17,1975,Altstadt,OEPNV,aktiv
1368,K-001368,2024-02-05,2003,Altstadt,STUDENT,aktiv
1369,K-001369,2022-11-16,1992,Altstadt,OEPNV,aktiv
1370,K-001370,2024-11-23,1990,Frauenland,BASIS,aktiv
1371,K-001371,2026-01-10,1998,Versbach,PREMIUM,aktiv
1372,K-001372,2022-08-12,1999,Sanderau,STUDENT,aktiv
1373,K-001373,2026-05-23,1960,Lengfeld,BASIS,aktiv
1374,K-001374,2026-03-09,1955,Grombuehl,BASIS,aktiv
1375,K-001375,2023-01-22,1957,Umland,BASIS,aktiv
1376,K-001376,2025-10-19,2007,Frauenland,STUDENT,aktiv
1377,K-001377,2023-04-01,2005,Altstadt,BASIS,aktiv
1378,K-001378,2024-05-30,1957,Zellerau,BASIS,aktiv
1379,K-001379,2024-10-31,1973,Lengfeld,BASIS,aktiv
1380,K-001380,2026-01-17,1979,Altstadt,PREMIUM,aktiv
1381,K-001381,2025-07-15,1962,Frauenland,BASIS,aktiv
1382,K-001382,2023-06-01,1981,Lengfeld,OEPNV,aktiv
1383,K-001383,2024-08-01,2003,Umland,STUDENT,aktiv
1384,K-001384,2025-03-04,1964,Frauenland,BASIS,aktiv
1385,K-001385,2026-03-06,1956,Zellerau,OEPNV,aktiv
1386,K-001386,2023-10-14,2005,Umland,BASIS,aktiv
1387,K-001387,2023-08-12,1981,Grombuehl,BASIS,aktiv
1388,K-001388,2023-01-31,1999,Versbach,PREMIUM,aktiv
1389,K-001389,2026-05-04,1959,Zellerau,PREMIUM,aktiv
1390,K-001390,2026-03-16,1973,Lengfeld,BASIS,aktiv
1391,K-001391,2022-10-08,1958,Grombuehl,OEPNV,aktiv
1392,K-001392,2026-04-09,1996,Altstadt,OEPNV,aktiv
1393,K-001393,2023-01-30,1998,Frauenland,STUDENT,aktiv
1394,K-001394,2022-12-07,2000,Sanderau,STUDENT,aktiv
1395,K-001395,2026-07-19,1972,Heidingsfeld,PREMIUM,aktiv
1396,K-001396,2022-07-30,1990,Umland,OEPNV,aktiv
1397,K-001397,2025-04-14,1976,Zellerau,BASIS,aktiv
1398,K-001398,2023-07-25,1997,Zellerau,BASIS,aktiv
1399,K-001399,2023-05-30,1984,Grombuehl,BASIS,aktiv
1400,K-001400,2023-09-06,2004,Lengfeld,BASIS,aktiv
1401,K-001401,2024-04-11,2007,Versbach,STUDENT,aktiv
1402,K-001402,2023-10-04,1984,Frauenland,PREMIUM,aktiv
1403,K-001403,2022-10-05,1972,Altstadt,PREMIUM,aktiv
1404,K-001404,2024-07-01,1962,Zellerau,BASIS,aktiv
1405,K-001405,2026-05-18,2002,Heidingsfeld,BASIS,gesperrt
1406,K-001406,2023-04-28,2000,Versbach,BASIS,aktiv
1407,K-001407,2022-09-10,1999,Umland,STUDENT,aktiv
1408,K-001408,2023-12-05,1988,Lengfeld,BASIS,aktiv
1409,K-001409,2023-06-25,2003,Zellerau,STUDENT,aktiv
1410,K-001410,2024-02-03,1987,Heidingsfeld,OEPNV,aktiv
1411,K-001411,2022-08-30,2007,Lengfeld,STUDENT,aktiv
1412,K-001412,2022-09-20,1997,Grombuehl,OEPNV,aktiv
1413,K-001413,2024-10-03,1966,Versbach,OEPNV,aktiv
1414,K-001414,2025-10-18,2006,Umland,STUDENT,aktiv
1415,K-001415,2026-05-20,1999,Grombuehl,BASIS,aktiv
1416,K-001416,2026-01-26,1984,Umland,BASIS,aktiv
1417,K-001417,2023-07-31,1981,Versbach,PREMIUM,aktiv
1418,K-001418,2023-02-23,1993,Frauenland,OEPNV,aktiv
1419,K-001419,2022-09-20,2001,Lengfeld,BASIS,aktiv
1420,K-001420,2024-12-17,2003,Altstadt,STUDENT,aktiv
1421,K-001421,2023-02-08,1981,Zellerau,BASIS,aktiv
1422,K-001422,2022-12-16,2005,Versbach,STUDENT,aktiv
1423,K-001423,2022-08-10,1999,Frauenland,OEPNV,aktiv
1424,K-001424,2022-11-07,1990,Lengfeld,PREMIUM,aktiv
1425,K-001425,2023-04-15,1999,Grombuehl,STUDENT,aktiv
1426,K-001426,2023-02-24,1999,Sanderau,STUDENT,aktiv
1427,K-001427,2022-10-01,1983,Grombuehl,BASIS,aktiv
1428,K-001428,2022-08-09,1994,Altstadt,BASIS,gesperrt
1429,K-001429,2023-03-02,1964,Heidingsfeld,BASIS,aktiv
1430,K-001430,2023-05-15,1967,Frauenland,PREMIUM,aktiv
1431,K-001431,2024-06-12,1996,Heidingsfeld,BASIS,aktiv
1432,K-001432,2026-04-26,1982,Frauenland,PREMIUM,aktiv
1433,K-001433,2023-08-26,1997,Frauenland,BASIS,aktiv
1434,K-001434,2025-07-08,2007,Versbach,STUDENT,aktiv
1435,K-001435,2023-07-09,2005,Zellerau,STUDENT,aktiv
1436,K-001436,2023-11-24,1960,Lengfeld,BASIS,aktiv
1437,K-001437,2022-09-08,2004,Frauenland,STUDENT,aktiv
1438,K-001438,2023-08-28,1963,Frauenland,PREMIUM,aktiv
1439,K-001439,2025-03-25,1998,Umland,OEPNV,aktiv
1440,K-001440,2022-11-11,1995,Grombuehl,BASIS,aktiv
1441,K-001441,2022-12-30,1986,Grombuehl,PREMIUM,aktiv
1442,K-001442,2022-11-20,1966,Grombuehl,BASIS,aktiv
1443,K-001443,2026-07-21,2004,Frauenland,STUDENT,aktiv
1444,K-001444,2023-12-29,1966,Sanderau,BASIS,aktiv
1445,K-001445,2024-03-21,1989,Grombuehl,PREMIUM,gesperrt
1446,K-001446,2025-11-02,1979,Heidingsfeld,BASIS,aktiv
1447,K-001447,2024-01-06,1999,Altstadt,BASIS,aktiv
1448,K-001448,2023-06-08,1991,Versbach,OEPNV,aktiv
1449,K-001449,2023-06-04,1967,Versbach,BASIS,aktiv
1450,K-001450,2023-01-14,1991,Frauenland,BASIS,aktiv
1451,K-001451,2026-03-22,1985,Sanderau,OEPNV,aktiv
1452,K-001452,2022-10-18,1976,Lengfeld,BASIS,aktiv
1453,K-001453,2023-11-29,1999,Altstadt,BASIS,aktiv
1454,K-001454,2023-05-07,1962,Frauenland,BASIS,aktiv
1455,K-001455,2023-06-02,1977,Sanderau,BASIS,aktiv
1456,K-001456,2023-07-10,1992,Lengfeld,BASIS,aktiv
1457,K-001457,2023-08-07,1971,Umland,BASIS,aktiv
1458,K-001458,2022-12-11,1960,Altstadt,BASIS,aktiv
1459,K-001459,2026-04-04,1973,Frauenland,BASIS,aktiv
1460,K-001460,2023-06-13,1960,Heidingsfeld,BASIS,aktiv
1461,K-001461,2024-08-13,1980,Sanderau,BASIS,aktiv
1462,K-001462,2026-04-18,1986,Versbach,OEPNV,aktiv
1463,K-001463,2022-09-29,1977,Grombuehl,BASIS,aktiv
1464,K-001464,2023-01-18,1976,Umland,BASIS,aktiv
1465,K-001465,2025-01-21,1964,Umland,BASIS,aktiv
1466,K-001466,2024-07-07,1970,Grombuehl,BASIS,aktiv
1467,K-001467,2023-05-07,2005,Heidingsfeld,BASIS,aktiv
1468,K-001468,2026-02-20,1996,Heidingsfeld,OEPNV,aktiv
1469,K-001469,2026-01-19,1988,Zellerau,BASIS,aktiv
1470,K-001470,2022-12-22,1999,Heidingsfeld,BASIS,aktiv
1471,K-001471,2023-05-30,2000,Grombuehl,BASIS,aktiv
1472,K-001472,2022-08-23,1998,Grombuehl,BASIS,aktiv
1473,K-001473,2022-11-14,2000,Frauenland,BASIS,aktiv
1474,K-001474,2023-06-12,1987,Umland,STUDENT,aktiv
1475,K-001475,2026-07-08,1987,Frauenland,PREMIUM,aktiv
1476,K-001476,2025-10-28,1999,Sanderau,BASIS,aktiv
1477,K-001477,2024-08-03,2001,Heidingsfeld,BASIS,aktiv
1478,K-001478,2023-07-16,1990,Umland,BASIS,aktiv
1479,K-001479,2024-11-22,1995,Heidingsfeld,STUDENT,aktiv
1480,K-001480,2026-06-25,1969,Versbach,BASIS,aktiv
1481,K-001481,2022-10-24,1963,Zellerau,BASIS,aktiv
1482,K-001482,2022-10-21,2001,Grombuehl,STUDENT,aktiv
1483,K-001483,2023-05-19,1995,Heidingsfeld,BASIS,aktiv
1484,K-001484,2023-05-04,1995,Versbach,OEPNV,aktiv
1485,K-001485,2022-11-03,2002,Zellerau,STUDENT,aktiv
1486,K-001486,2024-07-05,1986,Sanderau,BASIS,aktiv
1487,K-001487,2023-11-19,1955,Frauenland,BASIS,aktiv
1488,K-001488,2022-09-21,2001,Frauenland,BASIS,aktiv
1489,K-001489,2025-02-06,1982,Zellerau,OEPNV,aktiv
1490,K-001490,2024-03-19,1963,Lengfeld,BASIS,aktiv
1491,K-001491,2026-01-21,2001,Versbach,STUDENT,aktiv
1492,K-001492,2022-10-24,2001,Heidingsfeld,STUDENT,aktiv
1493,K-001493,2026-06-03,1988,Heidingsfeld,BASIS,aktiv
1494,K-001494,2025-02-04,1974,Altstadt,BASIS,aktiv
1495,K-001495,2023-09-17,2003,Zellerau,STUDENT,aktiv
1496,K-001496,2024-06-13,1998,Grombuehl,BASIS,aktiv
1497,K-001497,2026-01-27,1979,Altstadt,PREMIUM,aktiv
1498,K-001498,2022-11-14,2006,Versbach,STUDENT,aktiv
1499,K-001499,2024-02-01,1986,Lengfeld,BASIS,aktiv
1500,K-001500,2022-11-28,2006,Altstadt,BASIS,aktiv
1501,K-001501,2025-05-29,1967,Grombuehl,BASIS,aktiv
1502,K-001502,2022-08-17,1991,Sanderau,OEPNV,aktiv
1503,K-001503,2024-12-19,1989,Umland,OEPNV,aktiv
1504,K-001504,2023-04-24,1969,Umland,BASIS,aktiv
1505,K-001505,2026-05-01,1995,Frauenland,BASIS,aktiv
1506,K-001506,2023-03-11,2005,Versbach,STUDENT,aktiv
1507,K-001507,2024-04-21,1978,Zellerau,BASIS,aktiv
1508,K-001508,2023-11-03,1989,Versbach,BASIS,aktiv
1509,K-001509,2024-01-11,1999,Zellerau,BASIS,aktiv
1510,K-001510,2025-01-12,1970,Altstadt,PREMIUM,aktiv
1511,K-001511,2022-07-31,2000,Versbach,STUDENT,aktiv
1512,K-001512,2022-10-06,1983,Sanderau,BASIS,aktiv
1513,K-001513,2023-02-11,1994,Lengfeld,BASIS,aktiv
1514,K-001514,2022-11-21,2003,Umland,BASIS,aktiv
1515,K-001515,2023-03-10,1973,Zellerau,OEPNV,aktiv
1516,K-001516,2022-10-23,2006,Altstadt,STUDENT,aktiv
1517,K-001517,2022-12-24,1971,Grombuehl,BASIS,aktiv
1518,K-001518,2025-10-15,1996,Umland,BASIS,aktiv
1519,K-001519,2023-01-03,1989,Sanderau,OEPNV,aktiv
1520,K-001520,2022-11-13,1981,Heidingsfeld,BASIS,aktiv
1521,K-001521,2023-07-27,1959,Umland,BASIS,aktiv
1522,K-001522,2023-02-01,1978,Zellerau,BASIS,aktiv
1523,K-001523,2022-10-13,1992,Heidingsfeld,BASIS,aktiv
1524,K-001524,2023-01-15,1998,Sanderau,BASIS,aktiv
1525,K-001525,2024-12-31,1979,Grombuehl,PREMIUM,aktiv
1526,K-001526,2022-11-14,2005,Umland,BASIS,aktiv
1527,K-001527,2023-10-19,2004,Altstadt,BASIS,aktiv
1528,K-001528,2025-06-18,1973,Frauenland,BASIS,aktiv
1529,K-001529,2023-06-08,2004,Umland,BASIS,aktiv
1530,K-001530,2023-04-01,2001,Sanderau,BASIS,aktiv
1531,K-001531,2024-02-15,1974,Altstadt,BASIS,aktiv
1532,K-001532,2025-08-25,1974,Versbach,BASIS,aktiv
1533,K-001533,2022-08-15,2001,Frauenland,STUDENT,aktiv
1534,K-001534,2022-11-15,1983,Heidingsfeld,BASIS,aktiv
1535,K-001535,2023-01-16,1990,Versbach,BASIS,aktiv
1536,K-001536,2023-12-20,1993,Heidingsfeld,BASIS,aktiv
1537,K-001537,2025-11-08,1965,Versbach,BASIS,aktiv
1538,K-001538,2023-01-02,2005,Umland,BASIS,aktiv
1539,K-001539,2025-05-20,1995,Zellerau,BASIS,aktiv
1540,K-001540,2025-07-15,1984,Zellerau,BASIS,aktiv
1541,K-001541,2025-01-18,1998,Umland,STUDENT,aktiv
1542,K-001542,2024-04-08,2004,Versbach,STUDENT,aktiv
1543,K-001543,2023-03-26,1997,Grombuehl,BASIS,aktiv
1544,K-001544,2023-07-12,1958,Lengfeld,BASIS,aktiv
1545,K-001545,2024-01-09,1988,Altstadt,OEPNV,aktiv
1546,K-001546,2022-11-11,1980,Zellerau,OEPNV,aktiv
1547,K-001547,2026-01-15,2001,Zellerau,BASIS,aktiv
1548,K-001548,2023-03-24,1995,Zellerau,BASIS,aktiv
1549,K-001549,2025-05-08,1991,Frauenland,PREMIUM,aktiv
1550,K-001550,2025-11-21,1989,Altstadt,BASIS,aktiv
1551,K-001551,2025-06-30,1969,Grombuehl,BASIS,aktiv
1552,K-001552,2023-04-07,1997,Heidingsfeld,OEPNV,aktiv
1553,K-001553,2025-06-08,1980,Zellerau,PREMIUM,aktiv
1554,K-001554,2026-01-08,1973,Versbach,BASIS,aktiv
1555,K-001555,2025-05-23,1974,Zellerau,BASIS,aktiv
1556,K-001556,2026-05-31,1992,Grombuehl,PREMIUM,aktiv
1557,K-001557,2024-06-01,1978,Umland,PREMIUM,aktiv
1558,K-001558,2026-06-22,2003,Grombuehl,STUDENT,aktiv
1559,K-001559,2022-09-08,1992,Versbach,BASIS,aktiv
1560,K-001560,2022-11-26,1997,Lengfeld,BASIS,aktiv
1561,K-001561,2022-10-14,2004,Sanderau,STUDENT,aktiv
1562,K-001562,2023-03-23,1957,Heidingsfeld,BASIS,aktiv
1563,K-001563,2024-10-19,1959,Heidingsfeld,BASIS,aktiv
1564,K-001564,2026-01-20,2005,Zellerau,OEPNV,aktiv
1565,K-001565,2025-06-17,1981,Altstadt,BASIS,aktiv
1566,K-001566,2026-02-13,1979,Umland,BASIS,aktiv
1567,K-001567,2022-08-13,1979,Umland,BASIS,aktiv
1568,K-001568,2024-09-08,1987,Umland,OEPNV,aktiv
1569,K-001569,2023-04-12,1975,Grombuehl,PREMIUM,aktiv
1570,K-001570,2026-01-23,1988,Heidingsfeld,BASIS,aktiv
1571,K-001571,2024-09-23,1979,Umland,PREMIUM,aktiv
1572,K-001572,2023-04-28,1989,Versbach,STUDENT,aktiv
1573,K-001573,2024-06-09,1980,Altstadt,BASIS,aktiv
1574,K-001574,2024-04-11,1992,Zellerau,PREMIUM,aktiv
1575,K-001575,2026-02-27,1961,Versbach,STUDENT,aktiv
1576,K-001576,2022-10-01,1960,Frauenland,OEPNV,aktiv
1577,K-001577,2023-01-25,1997,Versbach,PREMIUM,aktiv
1578,K-001578,2026-07-25,1987,Zellerau,OEPNV,aktiv
1579,K-001579,2026-01-28,1959,Umland,BASIS,aktiv
1580,K-001580,2026-05-11,1990,Umland,PREMIUM,aktiv
1581,K-001581,2023-06-26,1983,Umland,BASIS,aktiv
1582,K-001582,2023-09-02,2007,Umland,STUDENT,aktiv
1583,K-001583,2025-12-06,1984,Umland,OEPNV,aktiv
1584,K-001584,2024-04-07,1974,Zellerau,BASIS,aktiv
1585,K-001585,2025-09-29,1994,Versbach,PREMIUM,aktiv
1586,K-001586,2023-01-24,2004,Heidingsfeld,STUDENT,aktiv
1587,K-001587,2024-07-21,1982,Frauenland,PREMIUM,aktiv
1588,K-001588,2023-11-28,1988,Heidingsfeld,OEPNV,aktiv
1589,K-001589,2022-08-24,1959,Lengfeld,BASIS,aktiv
1590,K-001590,2026-07-06,1991,Sanderau,OEPNV,aktiv
1591,K-001591,2022-08-19,1993,Sanderau,BASIS,aktiv
1592,K-001592,2024-05-14,1978,Altstadt,BASIS,aktiv
1593,K-001593,2024-03-11,1988,Altstadt,BASIS,aktiv
1594,K-001594,2026-02-20,1986,Grombuehl,PREMIUM,aktiv
1595,K-001595,2025-02-18,1970,Lengfeld,BASIS,aktiv
1596,K-001596,2025-09-22,2000,Zellerau,BASIS,aktiv
1597,K-001597,2023-11-10,1976,Lengfeld,OEPNV,aktiv
1598,K-001598,2023-03-13,1961,Altstadt,BASIS,aktiv
1599,K-001599,2025-08-12,1981,Altstadt,STUDENT,aktiv
1600,K-001600,2025-06-25,2000,Versbach,STUDENT,aktiv
1601,K-001601,2025-07-31,1981,Versbach,BASIS,aktiv
1602,K-001602,2023-10-19,1983,Umland,PREMIUM,aktiv
1603,K-001603,2022-08-09,1960,Grombuehl,BASIS,aktiv
1604,K-001604,2025-03-20,2004,Grombuehl,STUDENT,gesperrt
1605,K-001605,2025-09-20,1971,Lengfeld,BASIS,aktiv
1606,K-001606,2022-09-08,1970,Frauenland,BASIS,aktiv
1607,K-001607,2023-12-16,1979,Umland,BASIS,aktiv
1608,K-001608,2023-07-08,1980,Altstadt,BASIS,aktiv
1609,K-001609,2023-11-11,1976,Heidingsfeld,OEPNV,aktiv
1610,K-001610,2024-08-29,1971,Frauenland,BASIS,aktiv
1611,K-001611,2025-11-03,1970,Heidingsfeld,BASIS,aktiv
1612,K-001612,2023-01-18,1972,Umland,BASIS,aktiv
1613,K-001613,2026-06-16,2003,Grombuehl,BASIS,aktiv
1614,K-001614,2023-06-08,1988,Lengfeld,PREMIUM,aktiv
1615,K-001615,2022-09-24,1992,Umland,PREMIUM,aktiv
1616,K-001616,2023-08-21,2000,Umland,BASIS,aktiv
1617,K-001617,2023-08-05,1956,Versbach,BASIS,aktiv
1618,K-001618,2024-08-25,2002,Grombuehl,STUDENT,aktiv
1619,K-001619,2023-04-10,1980,Lengfeld,BASIS,aktiv
1620,K-001620,2025-08-02,1981,Lengfeld,BASIS,aktiv
1621,K-001621,2025-02-24,2005,Frauenland,BASIS,aktiv
1622,K-001622,2023-09-28,1959,Heidingsfeld,BASIS,aktiv
1623,K-001623,2023-02-07,1982,Versbach,BASIS,aktiv
1624,K-001624,2024-09-30,2002,Umland,STUDENT,aktiv
1625,K-001625,2024-06-11,2001,Heidingsfeld,STUDENT,aktiv
1626,K-001626,2025-12-02,1998,Umland,BASIS,aktiv
1627,K-001627,2024-04-01,1967,Heidingsfeld,BASIS,aktiv
1628,K-001628,2025-06-08,2002,Zellerau,BASIS,aktiv
1629,K-001629,2023-03-27,1999,Versbach,STUDENT,aktiv
1630,K-001630,2024-05-23,1956,Frauenland,PREMIUM,aktiv
1631,K-001631,2022-12-03,1958,Lengfeld,PREMIUM,aktiv
1632,K-001632,2026-06-27,2005,Heidingsfeld,STUDENT,aktiv
1633,K-001633,2023-03-06,1990,Umland,BASIS,aktiv
1634,K-001634,2025-02-02,1990,Sanderau,BASIS,aktiv
1635,K-001635,2023-08-19,1988,Altstadt,BASIS,aktiv
1636,K-001636,2023-05-25,1966,Grombuehl,BASIS,aktiv
1637,K-001637,2022-10-13,2007,Altstadt,STUDENT,aktiv
1638,K-001638,2023-08-15,1997,Versbach,BASIS,aktiv
1639,K-001639,2023-10-16,1999,Sanderau,OEPNV,aktiv
1640,K-001640,2025-05-28,1966,Lengfeld,PREMIUM,aktiv
1641,K-001641,2026-03-09,2005,Zellerau,BASIS,aktiv
1642,K-001642,2022-09-22,1978,Altstadt,PREMIUM,aktiv
1643,K-001643,2023-07-31,2000,Zellerau,STUDENT,aktiv
1644,K-001644,2023-08-19,1980,Umland,PREMIUM,aktiv
1645,K-001645,2024-10-16,1996,Lengfeld,OEPNV,aktiv
1646,K-001646,2025-09-17,2002,Frauenland,STUDENT,gesperrt
1647,K-001647,2025-11-08,1995,Sanderau,OEPNV,aktiv
1648,K-001648,2023-12-21,2001,Zellerau,BASIS,aktiv
1649,K-001649,2023-01-17,1984,Umland,OEPNV,aktiv
1650,K-001650,2023-03-27,1966,Versbach,BASIS,aktiv
1651,K-001651,2025-03-30,1993,Sanderau,PREMIUM,aktiv
1652,K-001652,2023-11-10,1965,Sanderau,BASIS,aktiv
1653,K-001653,2023-01-14,1982,Umland,PREMIUM,aktiv
1654,K-001654,2023-05-15,1983,Heidingsfeld,PREMIUM,gesperrt
1655,K-001655,2023-02-17,1976,Grombuehl,OEPNV,aktiv
1656,K-001656,2024-11-07,1983,Versbach,OEPNV,aktiv
1657,K-001657,2023-03-15,1964,Altstadt,BASIS,aktiv
1658,K-001658,2024-01-11,1963,Sanderau,OEPNV,aktiv
1659,K-001659,2023-02-05,1955,Grombuehl,BASIS,aktiv
1660,K-001660,2025-08-25,1964,Lengfeld,BASIS,aktiv
1661,K-001661,2026-02-22,2003,Versbach,STUDENT,aktiv
1662,K-001662,2025-01-25,1990,Frauenland,BASIS,aktiv
1663,K-001663,2023-10-22,2007,Sanderau,STUDENT,aktiv
1664,K-001664,2024-12-03,2000,Sanderau,STUDENT,aktiv
1665,K-001665,2025-03-20,1990,Sanderau,BASIS,aktiv
1666,K-001666,2023-03-04,2004,Grombuehl,BASIS,aktiv
1667,K-001667,2024-09-17,2001,Zellerau,STUDENT,aktiv
1668,K-001668,2023-03-19,1989,Heidingsfeld,BASIS,aktiv
1669,K-001669,2023-05-28,1977,Heidingsfeld,BASIS,aktiv
1670,K-001670,2023-05-03,1966,Zellerau,STUDENT,aktiv
1671,K-001671,2024-03-12,1987,Altstadt,BASIS,aktiv
1672,K-001672,2025-06-14,1955,Versbach,BASIS,aktiv
1673,K-001673,2023-02-17,1981,Zellerau,BASIS,aktiv
1674,K-001674,2026-06-07,2000,Sanderau,STUDENT,aktiv
1675,K-001675,2024-12-10,1996,Zellerau,BASIS,aktiv
1676,K-001676,2026-07-05,1998,Sanderau,BASIS,aktiv
1677,K-001677,2025-11-14,2004,Umland,BASIS,aktiv
1678,K-001678,2023-07-12,2001,Umland,OEPNV,aktiv
1679,K-001679,2022-09-04,2004,Grombuehl,BASIS,aktiv
1680,K-001680,2026-04-10,1971,Zellerau,OEPNV,aktiv
1681,K-001681,2025-12-02,1981,Altstadt,BASIS,aktiv
1682,K-001682,2022-11-10,1998,Lengfeld,STUDENT,aktiv
1683,K-001683,2023-02-01,1999,Heidingsfeld,BASIS,aktiv
1684,K-001684,2023-03-12,1993,Altstadt,PREMIUM,aktiv
1685,K-001685,2023-12-02,1959,Frauenland,BASIS,aktiv
1686,K-001686,2024-08-19,1955,Grombuehl,BASIS,aktiv
1687,K-001687,2025-02-12,1999,Zellerau,OEPNV,aktiv
1688,K-001688,2024-11-12,2007,Altstadt,STUDENT,aktiv
1689,K-001689,2026-05-26,2005,Heidingsfeld,STUDENT,aktiv
1690,K-001690,2023-07-09,1980,Lengfeld,BASIS,aktiv
1691,K-001691,2023-02-23,1992,Versbach,BASIS,aktiv
1692,K-001692,2025-07-07,2006,Lengfeld,STUDENT,aktiv
1693,K-001693,2023-09-26,1955,Umland,BASIS,aktiv
1694,K-001694,2024-02-13,2004,Versbach,BASIS,aktiv
1695,K-001695,2024-08-10,1998,Versbach,BASIS,gesperrt
1696,K-001696,2023-11-24,1995,Umland,PREMIUM,aktiv
1697,K-001697,2026-06-20,1990,Frauenland,PREMIUM,aktiv
1698,K-001698,2024-08-29,1958,Sanderau,BASIS,aktiv
1699,K-001699,2026-05-13,1999,Versbach,STUDENT,aktiv
1700,K-001700,2022-12-13,1977,Sanderau,BASIS,aktiv
1701,K-001701,2022-08-10,1961,Lengfeld,BASIS,aktiv
1702,K-001702,2023-04-28,2000,Heidingsfeld,BASIS,aktiv
1703,K-001703,2025-05-17,2002,Frauenland,STUDENT,aktiv
1704,K-001704,2023-04-07,1993,Versbach,BASIS,aktiv
1705,K-001705,2022-10-26,2004,Grombuehl,STUDENT,aktiv
1706,K-001706,2024-04-23,1986,Lengfeld,PREMIUM,aktiv
1707,K-001707,2023-08-01,1961,Frauenland,BASIS,aktiv
1708,K-001708,2025-01-22,1973,Altstadt,BASIS,aktiv
1709,K-001709,2024-07-06,1975,Versbach,BASIS,aktiv
1710,K-001710,2025-08-23,1961,Heidingsfeld,BASIS,aktiv
1711,K-001711,2026-03-20,1983,Sanderau,PREMIUM,aktiv
1712,K-001712,2022-12-02,1969,Lengfeld,BASIS,gesperrt
1713,K-001713,2023-07-19,1999,Grombuehl,BASIS,aktiv
1714,K-001714,2024-04-01,1984,Grombuehl,BASIS,aktiv
1715,K-001715,2026-07-05,2005,Altstadt,STUDENT,aktiv
1716,K-001716,2023-03-31,1994,Sanderau,BASIS,aktiv
1717,K-001717,2024-04-24,1988,Grombuehl,OEPNV,aktiv
1718,K-001718,2025-06-23,1977,Sanderau,PREMIUM,aktiv
1719,K-001719,2023-04-01,1984,Versbach,OEPNV,aktiv
1720,K-001720,2026-05-20,1988,Frauenland,PREMIUM,aktiv
1721,K-001721,2026-04-02,1984,Heidingsfeld,STUDENT,aktiv
1722,K-001722,2022-09-21,1975,Heidingsfeld,OEPNV,aktiv
1723,K-001723,2023-05-13,1980,Lengfeld,PREMIUM,aktiv
1724,K-001724,2024-04-19,1970,Lengfeld,PREMIUM,aktiv
1725,K-001725,2025-06-25,1980,Heidingsfeld,PREMIUM,aktiv
1726,K-001726,2026-05-27,2005,Sanderau,STUDENT,aktiv
1727,K-001727,2023-04-17,1980,Grombuehl,OEPNV,aktiv
1728,K-001728,2023-01-12,2000,Sanderau,BASIS,aktiv
1729,K-001729,2025-07-22,1987,Grombuehl,BASIS,aktiv
1730,K-001730,2022-12-09,1971,Altstadt,BASIS,aktiv
1731,K-001731,2026-02-10,1961,Versbach,BASIS,aktiv
1732,K-001732,2023-05-09,2004,Sanderau,OEPNV,aktiv
1733,K-001733,2023-07-16,1975,Sanderau,BASIS,aktiv
1734,K-001734,2022-12-27,2001,Lengfeld,STUDENT,aktiv
1735,K-001735,2023-08-08,2004,Versbach,PREMIUM,aktiv
1736,K-001736,2022-12-24,1965,Frauenland,BASIS,aktiv
1737,K-001737,2023-09-01,2002,Grombuehl,BASIS,aktiv
1738,K-001738,2024-12-20,1976,Versbach,OEPNV,aktiv
1739,K-001739,2023-03-07,1976,Altstadt,OEPNV,aktiv
1740,K-001740,2022-11-30,1977,Grombuehl,PREMIUM,aktiv
1741,K-001741,2024-10-16,1955,Frauenland,BASIS,aktiv
1742,K-001742,2025-08-16,1985,Versbach,BASIS,aktiv
1743,K-001743,2024-12-18,2007,Heidingsfeld,STUDENT,aktiv
1744,K-001744,2025-11-29,1981,Versbach,BASIS,aktiv
1745,K-001745,2025-03-23,1991,Frauenland,OEPNV,aktiv
1746,K-001746,2024-06-23,1967,Umland,BASIS,aktiv
1747,K-001747,2026-06-07,1995,Altstadt,PREMIUM,aktiv
1748,K-001748,2025-10-19,1972,Grombuehl,BASIS,aktiv
1749,K-001749,2025-07-14,1979,Zellerau,PREMIUM,aktiv
1750,K-001750,2023-06-09,1973,Altstadt,BASIS,aktiv
1751,K-001751,2025-12-31,2004,Versbach,STUDENT,aktiv
1752,K-001752,2023-08-10,1994,Umland,BASIS,aktiv
1753,K-001753,2024-08-11,2002,Altstadt,BASIS,aktiv
1754,K-001754,2023-10-25,1968,Versbach,PREMIUM,aktiv
1755,K-001755,2022-10-17,1981,Zellerau,OEPNV,aktiv
1756,K-001756,2024-09-11,2006,Lengfeld,STUDENT,aktiv
1757,K-001757,2024-06-28,1968,Zellerau,BASIS,aktiv
1758,K-001758,2025-08-29,1987,Umland,PREMIUM,aktiv
1759,K-001759,2023-03-03,1956,Umland,BASIS,aktiv
1760,K-001760,2026-05-22,1993,Lengfeld,BASIS,aktiv
1761,K-001761,2024-12-02,1982,Versbach,PREMIUM,aktiv
1762,K-001762,2024-11-24,1977,Altstadt,OEPNV,aktiv
1763,K-001763,2024-03-23,2001,Versbach,STUDENT,aktiv
1764,K-001764,2023-08-11,1976,Sanderau,BASIS,aktiv
1765,K-001765,2026-01-16,1972,Frauenland,BASIS,gesperrt
1766,K-001766,2024-08-12,2006,Lengfeld,BASIS,aktiv
1767,K-001767,2022-07-30,2002,Altstadt,BASIS,aktiv
1768,K-001768,2024-04-20,1959,Umland,BASIS,aktiv
1769,K-001769,2022-11-25,1976,Frauenland,BASIS,aktiv
1770,K-001770,2022-08-22,1982,Heidingsfeld,BASIS,aktiv
1771,K-001771,2023-10-24,1999,Heidingsfeld,STUDENT,aktiv
1772,K-001772,2022-08-18,1994,Altstadt,OEPNV,aktiv
1773,K-001773,2025-01-09,1982,Lengfeld,PREMIUM,aktiv
1774,K-001774,2022-12-01,1985,Lengfeld,BASIS,aktiv
1775,K-001775,2024-08-06,1967,Zellerau,OEPNV,aktiv
1776,K-001776,2026-02-09,2004,Umland,STUDENT,aktiv
1777,K-001777,2025-07-28,1989,Altstadt,PREMIUM,aktiv
1778,K-001778,2024-03-02,1966,Lengfeld,OEPNV,aktiv
1779,K-001779,2023-02-05,1998,Frauenland,STUDENT,aktiv
1780,K-001780,2025-02-04,1967,Umland,BASIS,aktiv
1781,K-001781,2025-03-11,1966,Frauenland,BASIS,aktiv
1782,K-001782,2023-04-27,1978,Altstadt,PREMIUM,aktiv
1783,K-001783,2025-01-27,1978,Altstadt,BASIS,aktiv
1784,K-001784,2024-03-13,1983,Sanderau,PREMIUM,aktiv
1785,K-001785,2023-07-16,1999,Grombuehl,PREMIUM,aktiv
1786,K-001786,2025-07-03,2004,Altstadt,STUDENT,aktiv
1787,K-001787,2024-02-07,1979,Frauenland,BASIS,aktiv
1788,K-001788,2023-10-31,1966,Sanderau,BASIS,aktiv
1789,K-001789,2023-03-02,1989,Frauenland,BASIS,aktiv
1790,K-001790,2025-11-20,1974,Grombuehl,BASIS,aktiv
1791,K-001791,2022-10-21,1995,Zellerau,BASIS,aktiv
1792,K-001792,2023-12-26,2007,Frauenland,STUDENT,aktiv
1793,K-001793,2025-11-08,1998,Lengfeld,STUDENT,aktiv
1794,K-001794,2024-02-27,1999,Zellerau,STUDENT,aktiv
1795,K-001795,2025-10-23,1981,Grombuehl,PREMIUM,aktiv
1796,K-001796,2023-04-06,2005,Lengfeld,BASIS,aktiv
1797,K-001797,2025-08-26,2007,Altstadt,STUDENT,aktiv
1798,K-001798,2025-03-20,1988,Versbach,STUDENT,aktiv
1799,K-001799,2026-02-01,1965,Grombuehl,BASIS,aktiv
1800,K-001800,2022-09-21,1957,Umland,BASIS,aktiv
1801,K-001801,2025-01-13,2004,Lengfeld,STUDENT,aktiv
1802,K-001802,2024-11-24,1999,Frauenland,STUDENT,aktiv
1803,K-001803,2025-05-16,1968,Zellerau,BASIS,aktiv
1804,K-001804,2023-01-04,1980,Altstadt,PREMIUM,aktiv
1805,K-001805,2024-02-12,2000,Umland,STUDENT,aktiv
1806,K-001806,2023-08-27,1999,Sanderau,PREMIUM,aktiv
1807,K-001807,2023-06-06,1994,Zellerau,BASIS,aktiv
1808,K-001808,2024-07-01,1992,Sanderau,BASIS,aktiv
1809,K-001809,2022-09-14,1974,Zellerau,BASIS,aktiv
1810,K-001810,2025-05-15,1997,Lengfeld,PREMIUM,aktiv
1811,K-001811,2025-08-01,1977,Zellerau,BASIS,aktiv
1812,K-001812,2022-09-30,1975,Zellerau,PREMIUM,aktiv
1813,K-001813,2022-08-17,1969,Umland,BASIS,aktiv
1814,K-001814,2022-11-07,1995,Grombuehl,BASIS,aktiv
1815,K-001815,2025-03-16,2004,Heidingsfeld,BASIS,aktiv
1816,K-001816,2023-03-09,1976,Heidingsfeld,BASIS,aktiv
1817,K-001817,2025-07-31,1957,Sanderau,BASIS,aktiv
1818,K-001818,2023-05-02,1970,Sanderau,OEPNV,aktiv
1819,K-001819,2025-04-23,1988,Altstadt,OEPNV,aktiv
1820,K-001820,2024-01-01,2002,Lengfeld,BASIS,aktiv
1821,K-001821,2023-07-31,1980,Lengfeld,PREMIUM,aktiv
1822,K-001822,2024-08-02,2001,Frauenland,BASIS,aktiv
1823,K-001823,2025-05-18,1992,Frauenland,PREMIUM,aktiv
1824,K-001824,2023-07-25,1978,Umland,OEPNV,aktiv
1825,K-001825,2026-03-22,1968,Sanderau,BASIS,aktiv
1826,K-001826,2024-03-26,2007,Lengfeld,STUDENT,aktiv
1827,K-001827,2023-06-17,1981,Sanderau,OEPNV,aktiv
1828,K-001828,2022-09-04,1967,Zellerau,BASIS,aktiv
1829,K-001829,2024-06-11,1964,Zellerau,BASIS,aktiv
1830,K-001830,2024-06-28,1993,Umland,BASIS,aktiv
1831,K-001831,2022-09-13,2005,Altstadt,STUDENT,aktiv
1832,K-001832,2023-08-19,1986,Versbach,BASIS,aktiv
1833,K-001833,2025-03-08,2004,Umland,BASIS,aktiv
1834,K-001834,2022-11-15,2002,Frauenland,STUDENT,aktiv
1835,K-001835,2024-04-29,2003,Heidingsfeld,BASIS,aktiv
1836,K-001836,2022-12-10,1988,Sanderau,BASIS,aktiv
1837,K-001837,2024-08-03,1999,Zellerau,BASIS,aktiv
1838,K-001838,2026-02-27,1959,Altstadt,BASIS,aktiv
1839,K-001839,2022-11-23,1975,Lengfeld,BASIS,aktiv
1840,K-001840,2023-10-19,2000,Sanderau,STUDENT,aktiv
1841,K-001841,2025-06-24,1989,Altstadt,PREMIUM,aktiv
1842,K-001842,2023-03-15,1985,Versbach,PREMIUM,aktiv
1843,K-001843,2022-08-18,1975,Versbach,OEPNV,aktiv
1844,K-001844,2026-03-13,1988,Lengfeld,PREMIUM,aktiv
1845,K-001845,2023-08-30,1990,Frauenland,OEPNV,aktiv
1846,K-001846,2023-07-26,1985,Umland,BASIS,aktiv
1847,K-001847,2024-03-08,1967,Sanderau,BASIS,aktiv
1848,K-001848,2025-01-16,2004,Lengfeld,STUDENT,aktiv
1849,K-001849,2023-06-15,1981,Frauenland,BASIS,aktiv
1850,K-001850,2025-08-23,2005,Versbach,BASIS,aktiv
1851,K-001851,2024-10-12,2002,Versbach,BASIS,aktiv
1852,K-001852,2024-05-18,2000,Lengfeld,BASIS,aktiv
1853,K-001853,2024-03-21,1974,Umland,BASIS,aktiv
1854,K-001854,2023-07-06,1985,Frauenland,PREMIUM,aktiv
1855,K-001855,2025-06-27,1987,Grombuehl,BASIS,aktiv
1856,K-001856,2023-06-23,2006,Heidingsfeld,STUDENT,aktiv
1857,K-001857,2025-01-18,1985,Grombuehl,BASIS,gesperrt
1858,K-001858,2022-08-05,2002,Versbach,STUDENT,aktiv
1859,K-001859,2024-08-01,2002,Versbach,BASIS,aktiv
1860,K-001860,2025-03-13,2004,Grombuehl,STUDENT,aktiv
1861,K-001861,2025-09-28,1978,Frauenland,PREMIUM,aktiv
1862,K-001862,2022-08-05,1969,Altstadt,BASIS,aktiv
1863,K-001863,2025-04-25,2003,Frauenland,BASIS,aktiv
1864,K-001864,2026-02-14,2001,Altstadt,OEPNV,aktiv
1865,K-001865,2023-01-14,1981,Altstadt,BASIS,aktiv
1866,K-001866,2025-11-13,1992,Versbach,PREMIUM,aktiv
1867,K-001867,2023-02-25,2004,Grombuehl,STUDENT,aktiv
1868,K-001868,2023-02-26,2002,Versbach,STUDENT,aktiv
1869,K-001869,2023-06-26,1998,Sanderau,STUDENT,aktiv
1870,K-001870,2023-04-14,1985,Altstadt,BASIS,aktiv
1871,K-001871,2025-09-02,1983,Sanderau,OEPNV,aktiv
1872,K-001872,2023-02-25,1969,Zellerau,BASIS,aktiv
1873,K-001873,2023-06-28,1978,Grombuehl,PREMIUM,aktiv
1874,K-001874,2025-11-06,1999,Heidingsfeld,STUDENT,aktiv
1875,K-001875,2026-01-16,2005,Heidingsfeld,STUDENT,aktiv
1876,K-001876,2026-04-25,2003,Umland,BASIS,aktiv
1877,K-001877,2025-05-12,1987,Zellerau,BASIS,aktiv
1878,K-001878,2023-06-06,1970,Sanderau,BASIS,aktiv
1879,K-001879,2022-09-24,1981,Frauenland,OEPNV,aktiv
1880,K-001880,2022-12-13,1974,Versbach,BASIS,aktiv
1881,K-001881,2023-03-19,1995,Frauenland,BASIS,aktiv
1882,K-001882,2022-10-15,1979,Heidingsfeld,PREMIUM,aktiv
1883,K-001883,2024-06-18,1969,Altstadt,BASIS,aktiv
1884,K-001884,2025-04-27,2000,Frauenland,STUDENT,aktiv
1885,K-001885,2025-05-07,1980,Lengfeld,BASIS,aktiv
1886,K-001886,2024-01-15,1958,Versbach,BASIS,aktiv
1887,K-001887,2024-04-12,1958,Zellerau,BASIS,aktiv
1888,K-001888,2024-02-27,1997,Sanderau,OEPNV,aktiv
1889,K-001889,2023-03-28,1967,Heidingsfeld,BASIS,aktiv
1890,K-001890,2025-12-22,1998,Altstadt,STUDENT,aktiv
1891,K-001891,2023-05-31,2004,Versbach,BASIS,aktiv
1892,K-001892,2026-02-03,2001,Versbach,STUDENT,aktiv
1893,K-001893,2023-04-27,2005,Altstadt,BASIS,aktiv
1894,K-001894,2024-06-09,2006,Zellerau,STUDENT,aktiv
1895,K-001895,2023-04-14,1992,Altstadt,OEPNV,aktiv
1896,K-001896,2022-12-15,1968,Lengfeld,BASIS,aktiv
1897,K-001897,2026-03-17,2002,Lengfeld,BASIS,aktiv
1898,K-001898,2022-10-30,1980,Versbach,BASIS,aktiv
1899,K-001899,2025-10-09,1966,Umland,BASIS,aktiv
1900,K-001900,2024-10-06,1962,Lengfeld,BASIS,aktiv
1901,K-001901,2022-09-20,1972,Altstadt,OEPNV,gesperrt
1902,K-001902,2025-02-09,1998,Sanderau,BASIS,aktiv
1903,K-001903,2023-06-18,1997,Versbach,STUDENT,aktiv
1904,K-001904,2023-10-08,2001,Altstadt,STUDENT,aktiv
1905,K-001905,2024-02-10,1964,Versbach,BASIS,aktiv
1906,K-001906,2023-01-23,1960,Grombuehl,OEPNV,aktiv
1907,K-001907,2022-08-09,1965,Heidingsfeld,BASIS,aktiv
1908,K-001908,2024-06-24,1982,Umland,BASIS,aktiv
1909,K-001909,2022-08-16,1998,Frauenland,OEPNV,aktiv
1910,K-001910,2026-03-17,2003,Heidingsfeld,STUDENT,aktiv
1911,K-001911,2026-07-04,1969,Heidingsfeld,PREMIUM,aktiv
1912,K-001912,2023-06-21,1957,Lengfeld,BASIS,aktiv
1913,K-001913,2023-01-17,1977,Altstadt,BASIS,aktiv
1914,K-001914,2025-03-11,1982,Sanderau,OEPNV,aktiv
1915,K-001915,2024-09-03,2000,Lengfeld,BASIS,aktiv
1916,K-001916,2026-01-14,1976,Altstadt,PREMIUM,aktiv
1917,K-001917,2024-06-21,1957,Grombuehl,BASIS,aktiv
1918,K-001918,2024-05-09,1978,Lengfeld,BASIS,aktiv
1919,K-001919,2025-11-21,1970,Heidingsfeld,PREMIUM,aktiv
1920,K-001920,2024-01-20,1978,Sanderau,OEPNV,aktiv
1921,K-001921,2026-06-23,1975,Sanderau,BASIS,aktiv
1922,K-001922,2023-05-16,1965,Sanderau,BASIS,aktiv
1923,K-001923,2025-06-20,1966,Frauenland,BASIS,aktiv
1924,K-001924,2022-08-11,1987,Sanderau,BASIS,aktiv
1925,K-001925,2024-05-04,1996,Zellerau,PREMIUM,aktiv
1926,K-001926,2025-04-27,1975,Versbach,PREMIUM,aktiv
1927,K-001927,2023-05-12,1986,Lengfeld,OEPNV,aktiv
1928,K-001928,2025-02-22,2000,Heidingsfeld,STUDENT,aktiv
1929,K-001929,2023-04-21,1965,Heidingsfeld,BASIS,aktiv
1930,K-001930,2022-07-30,1965,Altstadt,BASIS,aktiv
1931,K-001931,2026-04-16,1997,Lengfeld,PREMIUM,aktiv
1932,K-001932,2023-04-21,1998,Zellerau,OEPNV,aktiv
1933,K-001933,2025-05-07,1969,Zellerau,BASIS,aktiv
1934,K-001934,2025-06-07,1978,Altstadt,BASIS,aktiv
1935,K-001935,2023-01-18,2000,Heidingsfeld,BASIS,aktiv
1936,K-001936,2023-01-20,1985,Lengfeld,OEPNV,aktiv
1937,K-001937,2023-04-06,1969,Sanderau,BASIS,aktiv
1938,K-001938,2024-05-05,2004,Versbach,STUDENT,aktiv
1939,K-001939,2023-08-10,2003,Sanderau,BASIS,aktiv
1940,K-001940,2023-12-19,1969,Grombuehl,BASIS,aktiv
1941,K-001941,2023-07-12,1982,Lengfeld,BASIS,aktiv
1942,K-001942,2023-05-09,1988,Versbach,BASIS,aktiv
1943,K-001943,2024-01-18,2003,Sanderau,STUDENT,aktiv
1944,K-001944,2022-11-05,1974,Grombuehl,BASIS,aktiv
1945,K-001945,2024-01-25,1977,Sanderau,OEPNV,aktiv
1946,K-001946,2023-02-05,1999,Sanderau,PREMIUM,gesperrt
1947,K-001947,2023-06-24,2005,Heidingsfeld,BASIS,aktiv
1948,K-001948,2025-03-25,2001,Grombuehl,STUDENT,aktiv
1949,K-001949,2022-10-26,2005,Umland,STUDENT,aktiv
1950,K-001950,2024-02-13,1976,Versbach,BASIS,aktiv
1951,K-001951,2023-08-13,1963,Altstadt,BASIS,aktiv
1952,K-001952,2023-02-13,1981,Frauenland,BASIS,aktiv
1953,K-001953,2025-08-24,2005,Lengfeld,STUDENT,aktiv
1954,K-001954,2023-10-16,1984,Lengfeld,OEPNV,aktiv
1955,K-001955,2023-05-26,1982,Umland,PREMIUM,aktiv
1956,K-001956,2022-09-23,1996,Grombuehl,BASIS,aktiv
1957,K-001957,2022-08-30,1999,Lengfeld,PREMIUM,aktiv
1958,K-001958,2023-01-20,2005,Lengfeld,STUDENT,aktiv
1959,K-001959,2023-07-07,1995,Zellerau,STUDENT,aktiv
1960,K-001960,2025-01-16,1957,Zellerau,BASIS,aktiv
1961,K-001961,2024-10-19,1981,Heidingsfeld,OEPNV,aktiv
1962,K-001962,2025-07-21,1969,Frauenland,OEPNV,aktiv
1963,K-001963,2024-11-22,2006,Umland,BASIS,aktiv
1964,K-001964,2022-07-31,2001,Versbach,STUDENT,aktiv
1965,K-001965,2024-10-04,1958,Heidingsfeld,BASIS,aktiv
1966,K-001966,2026-06-03,1997,Frauenland,BASIS,aktiv
1967,K-001967,2023-08-21,1967,Altstadt,BASIS,aktiv
1968,K-001968,2023-12-07,1998,Grombuehl,PREMIUM,aktiv
1969,K-001969,2023-06-19,1998,Versbach,STUDENT,aktiv
1970,K-001970,2024-12-15,2003,Lengfeld,BASIS,aktiv
1971,K-001971,2022-12-26,2001,Versbach,STUDENT,aktiv
1972,K-001972,2023-08-31,2002,Versbach,STUDENT,aktiv
1973,K-001973,2024-09-17,1979,Umland,OEPNV,aktiv
1974,K-001974,2023-07-21,1982,Heidingsfeld,BASIS,aktiv
1975,K-001975,2023-05-21,1978,Zellerau,BASIS,aktiv
1976,K-001976,2022-09-16,1999,Heidingsfeld,PREMIUM,aktiv
1977,K-001977,2024-01-03,1992,Zellerau,OEPNV,aktiv
1978,K-001978,2023-01-31,1985,Sanderau,BASIS,aktiv
1979,K-001979,2024-02-01,2004,Altstadt,STUDENT,gesperrt
1980,K-001980,2025-08-18,1999,Lengfeld,STUDENT,aktiv
1981,K-001981,2023-11-16,1967,Grombuehl,STUDENT,aktiv
1982,K-001982,2022-09-13,2004,Versbach,BASIS,aktiv
1983,K-001983,2023-01-19,1968,Altstadt,BASIS,aktiv
1984,K-001984,2022-08-22,1999,Sanderau,STUDENT,aktiv
1985,K-001985,2025-12-15,2001,Grombuehl,STUDENT,aktiv
1986,K-001986,2022-10-29,2000,Frauenland,BASIS,aktiv
1987,K-001987,2025-01-26,1956,Heidingsfeld,BASIS,aktiv
1988,K-001988,2023-07-12,1997,Heidingsfeld,OEPNV,aktiv
1989,K-001989,2023-07-02,1993,Frauenland,STUDENT,aktiv
1990,K-001990,2025-12-13,1999,Grombuehl,STUDENT,aktiv
1991,K-001991,2024-01-16,1998,Grombuehl,STUDENT,aktiv
1992,K-001992,2022-10-28,1999,Grombuehl,STUDENT,aktiv
1993,K-001993,2025-05-29,1969,Frauenland,BASIS,aktiv
1994,K-001994,2024-11-17,2004,Lengfeld,BASIS,aktiv
1995,K-001995,2023-05-07,1975,Grombuehl,BASIS,aktiv
1996,K-001996,2024-09-04,1956,Heidingsfeld,BASIS,aktiv
1997,K-001997,2025-11-24,1994,Versbach,BASIS,aktiv
1998,K-001998,2023-04-06,1976,Heidingsfeld,PREMIUM,aktiv
1999,K-001999,2023-04-05,2000,Frauenland,STUDENT,aktiv
2000,K-002000,2024-12-11,1984,Lengfeld,PREMIUM,aktiv
2001,K-002001,2023-05-12,1990,Heidingsfeld,BASIS,aktiv
2002,K-002002,2025-01-12,1968,Grombuehl,BASIS,aktiv
2003,K-002003,2025-06-29,2006,Zellerau,BASIS,aktiv
2004,K-002004,2025-04-09,2002,Grombuehl,BASIS,aktiv
2005,K-002005,2023-08-20,1986,Umland,OEPNV,aktiv
2006,K-002006,2023-07-29,2002,Lengfeld,STUDENT,aktiv
2007,K-002007,2024-06-25,1985,Altstadt,STUDENT,aktiv
2008,K-002008,2023-09-05,2000,Altstadt,STUDENT,aktiv
2009,K-002009,2026-03-22,1988,Frauenland,BASIS,aktiv
2010,K-002010,2023-10-18,1998,Frauenland,STUDENT,aktiv
2011,K-002011,2023-02-23,1963,Lengfeld,PREMIUM,gesperrt
2012,K-002012,2023-03-09,2001,Altstadt,BASIS,aktiv
2013,K-002013,2024-08-18,2006,Lengfeld,STUDENT,aktiv
2014,K-002014,2022-08-10,2000,Umland,STUDENT,aktiv
2015,K-002015,2025-09-04,1988,Grombuehl,BASIS,aktiv
2016,K-002016,2023-03-08,1957,Grombuehl,BASIS,aktiv
2017,K-002017,2023-10-05,1999,Sanderau,STUDENT,aktiv
2018,K-002018,2026-06-12,2003,Heidingsfeld,STUDENT,aktiv
2019,K-002019,2023-10-08,2006,Grombuehl,STUDENT,aktiv
2020,K-002020,2025-09-29,1959,Versbach,BASIS,aktiv
2021,K-002021,2023-03-01,1984,Zellerau,BASIS,aktiv
2022,K-002022,2024-02-07,1968,Altstadt,BASIS,aktiv
2023,K-002023,2023-07-21,2005,Grombuehl,STUDENT,aktiv
2024,K-002024,2026-04-07,2005,Versbach,STUDENT,aktiv
2025,K-002025,2022-10-19,1958,Umland,BASIS,aktiv
2026,K-002026,2022-12-21,1996,Umland,BASIS,aktiv
2027,K-002027,2023-10-19,2001,Zellerau,BASIS,aktiv
2028,K-002028,2023-08-13,1998,Sanderau,STUDENT,aktiv
2029,K-002029,2026-04-12,1978,Lengfeld,BASIS,aktiv
2030,K-002030,2025-02-27,1984,Grombuehl,STUDENT,aktiv
2031,K-002031,2023-05-21,1999,Frauenland,BASIS,aktiv
2032,K-002032,2023-02-10,1971,Sanderau,BASIS,aktiv
2033,K-002033,2023-12-08,1994,Grombuehl,BASIS,aktiv
2034,K-002034,2024-10-20,1983,Heidingsfeld,BASIS,aktiv
2035,K-002035,2023-06-03,1991,Zellerau,BASIS,aktiv
2036,K-002036,2023-04-21,1998,Heidingsfeld,STUDENT,aktiv
2037,K-002037,2025-09-14,1969,Lengfeld,PREMIUM,aktiv
2038,K-002038,2024-09-01,1990,Grombuehl,BASIS,aktiv
2039,K-002039,2026-06-21,1993,Lengfeld,BASIS,aktiv
2040,K-002040,2023-07-01,1956,Frauenland,BASIS,aktiv
2041,K-002041,2022-12-08,1986,Heidingsfeld,BASIS,aktiv
2042,K-002042,2024-07-23,2005,Zellerau,BASIS,aktiv
2043,K-002043,2022-12-05,1998,Versbach,BASIS,aktiv
2044,K-002044,2023-02-27,1995,Sanderau,PREMIUM,aktiv
2045,K-002045,2023-04-07,1981,Umland,BASIS,aktiv
2046,K-002046,2025-01-16,1976,Umland,BASIS,aktiv
2047,K-002047,2025-09-29,2001,Heidingsfeld,STUDENT,aktiv
2048,K-002048,2024-08-28,1969,Altstadt,BASIS,aktiv
2049,K-002049,2023-07-11,1999,Umland,PREMIUM,aktiv
2050,K-002050,2026-03-17,1996,Sanderau,BASIS,aktiv
2051,K-002051,2026-01-20,1991,Altstadt,PREMIUM,aktiv
2052,K-002052,2025-01-13,2000,Versbach,BASIS,aktiv
2053,K-002053,2023-12-04,1998,Altstadt,OEPNV,aktiv
2054,K-002054,2023-03-07,1986,Heidingsfeld,OEPNV,aktiv
2055,K-002055,2025-10-16,2002,Versbach,STUDENT,aktiv
2056,K-002056,2023-08-07,1991,Grombuehl,BASIS,aktiv
2057,K-002057,2023-11-03,1978,Altstadt,OEPNV,aktiv
2058,K-002058,2023-01-31,1975,Lengfeld,BASIS,aktiv
2059,K-002059,2025-11-18,1966,Grombuehl,BASIS,aktiv
2060,K-002060,2023-01-18,1999,Lengfeld,STUDENT,aktiv
2061,K-002061,2026-04-27,1986,Heidingsfeld,BASIS,aktiv
2062,K-002062,2026-02-05,2000,Grombuehl,STUDENT,aktiv
2063,K-002063,2024-04-01,1979,Versbach,OEPNV,aktiv
2064,K-002064,2023-04-07,1991,Grombuehl,BASIS,aktiv
2065,K-002065,2025-08-15,2003,Zellerau,STUDENT,aktiv
2066,K-002066,2024-11-10,2003,Sanderau,BASIS,aktiv
2067,K-002067,2023-01-09,1959,Frauenland,BASIS,aktiv
2068,K-002068,2025-04-06,2005,Lengfeld,STUDENT,aktiv
2069,K-002069,2023-07-31,2000,Umland,STUDENT,aktiv
2070,K-002070,2024-04-07,1986,Lengfeld,PREMIUM,aktiv
2071,K-002071,2026-06-27,1956,Sanderau,BASIS,aktiv
2072,K-002072,2024-03-14,1961,Umland,BASIS,aktiv
2073,K-002073,2023-07-23,1991,Frauenland,BASIS,aktiv
2074,K-002074,2024-08-09,1969,Altstadt,BASIS,aktiv
2075,K-002075,2024-09-07,1959,Heidingsfeld,BASIS,aktiv
2076,K-002076,2025-12-06,1999,Altstadt,BASIS,aktiv
2077,K-002077,2024-06-06,1988,Lengfeld,STUDENT,aktiv
2078,K-002078,2024-09-16,1976,Sanderau,PREMIUM,aktiv
2079,K-002079,2026-03-15,1985,Versbach,PREMIUM,aktiv
2080,K-002080,2022-11-24,1958,Heidingsfeld,BASIS,aktiv
2081,K-002081,2025-06-06,2003,Umland,BASIS,aktiv
2082,K-002082,2023-07-04,1991,Umland,BASIS,aktiv
2083,K-002083,2025-03-18,1963,Versbach,PREMIUM,aktiv
2084,K-002084,2024-09-20,1981,Grombuehl,BASIS,aktiv
2085,K-002085,2023-05-03,1986,Zellerau,BASIS,aktiv
2086,K-002086,2023-01-08,1967,Altstadt,BASIS,aktiv
2087,K-002087,2024-11-21,1984,Sanderau,PREMIUM,aktiv
2088,K-002088,2022-09-12,1984,Sanderau,BASIS,aktiv
2089,K-002089,2023-12-15,1993,Sanderau,BASIS,aktiv
2090,K-002090,2023-12-18,1963,Altstadt,OEPNV,aktiv
2091,K-002091,2023-02-07,1996,Frauenland,OEPNV,aktiv
2092,K-002092,2025-12-22,2003,Umland,STUDENT,aktiv
2093,K-002093,2023-08-25,2001,Versbach,OEPNV,aktiv
2094,K-002094,2024-09-26,1991,Sanderau,BASIS,aktiv
2095,K-002095,2022-11-10,1998,Grombuehl,BASIS,aktiv
2096,K-002096,2023-04-20,1963,Grombuehl,BASIS,aktiv
2097,K-002097,2025-10-31,1992,Sanderau,OEPNV,aktiv
2098,K-002098,2022-09-20,1969,Zellerau,BASIS,aktiv
2099,K-002099,2025-01-18,1994,Umland,OEPNV,aktiv
2100,K-002100,2026-03-27,1998,Grombuehl,PREMIUM,aktiv
2101,K-002101,2023-06-09,1955,Versbach,BASIS,aktiv
2102,K-002102,2022-10-18,2005,Frauenland,STUDENT,aktiv
2103,K-002103,2024-09-28,2000,Versbach,PREMIUM,aktiv
2104,K-002104,2024-03-16,1986,Altstadt,BASIS,aktiv
2105,K-002105,2024-07-05,1982,Heidingsfeld,BASIS,aktiv
2106,K-002106,2026-05-11,1990,Grombuehl,OEPNV,aktiv
2107,K-002107,2026-04-19,1996,Sanderau,BASIS,aktiv
2108,K-002108,2026-05-18,2001,Lengfeld,BASIS,aktiv
2109,K-002109,2026-05-07,1998,Heidingsfeld,STUDENT,aktiv
2110,K-002110,2023-06-28,1988,Versbach,BASIS,aktiv
2111,K-002111,2024-04-24,1984,Heidingsfeld,OEPNV,aktiv
2112,K-002112,2023-07-28,1980,Versbach,BASIS,aktiv
2113,K-002113,2023-04-20,2000,Altstadt,STUDENT,aktiv
2114,K-002114,2025-10-11,1992,Frauenland,PREMIUM,aktiv
2115,K-002115,2026-03-12,2003,Zellerau,BASIS,aktiv
2116,K-002116,2025-07-16,1991,Altstadt,OEPNV,aktiv
2117,K-002117,2024-12-22,1990,Frauenland,BASIS,aktiv
2118,K-002118,2023-02-23,2000,Altstadt,OEPNV,aktiv
2119,K-002119,2022-12-25,1994,Versbach,BASIS,aktiv
2120,K-002120,2022-10-12,1999,Heidingsfeld,STUDENT,aktiv
2121,K-002121,2024-05-16,1997,Sanderau,BASIS,aktiv
2122,K-002122,2025-08-17,1990,Zellerau,PREMIUM,aktiv
2123,K-002123,2023-07-11,2007,Grombuehl,STUDENT,aktiv
2124,K-002124,2025-01-01,1991,Zellerau,BASIS,aktiv
2125,K-002125,2024-06-26,1961,Frauenland,BASIS,aktiv
2126,K-002126,2022-10-08,1970,Frauenland,BASIS,aktiv
2127,K-002127,2023-01-11,1970,Umland,BASIS,aktiv
2128,K-002128,2022-08-07,1975,Altstadt,BASIS,aktiv
2129,K-002129,2023-03-23,1962,Altstadt,BASIS,aktiv
2130,K-002130,2025-02-04,1993,Zellerau,BASIS,aktiv
2131,K-002131,2025-05-22,1971,Umland,BASIS,gesperrt
2132,K-002132,2026-01-22,1998,Heidingsfeld,BASIS,aktiv
2133,K-002133,2023-08-17,2005,Lengfeld,STUDENT,aktiv
2134,K-002134,2024-07-15,1986,Zellerau,BASIS,aktiv
2135,K-002135,2023-02-25,1968,Altstadt,BASIS,aktiv
2136,K-002136,2022-11-09,1980,Lengfeld,BASIS,aktiv
2137,K-002137,2024-11-21,1993,Sanderau,BASIS,aktiv
2138,K-002138,2023-06-10,1978,Zellerau,BASIS,aktiv
2139,K-002139,2023-04-08,1998,Umland,STUDENT,aktiv
2140,K-002140,2022-09-14,2003,Sanderau,OEPNV,aktiv
2141,K-002141,2023-06-27,2001,Sanderau,STUDENT,aktiv
2142,K-002142,2023-05-09,1997,Umland,PREMIUM,aktiv
2143,K-002143,2026-07-23,1958,Grombuehl,BASIS,aktiv
2144,K-002144,2022-08-18,1989,Umland,PREMIUM,aktiv
2145,K-002145,2022-10-25,1975,Umland,BASIS,aktiv
2146,K-002146,2023-05-09,2003,Umland,OEPNV,aktiv
2147,K-002147,2023-11-05,2000,Grombuehl,STUDENT,aktiv
2148,K-002148,2026-02-22,1988,Grombuehl,BASIS,aktiv
2149,K-002149,2023-01-06,1995,Frauenland,PREMIUM,aktiv
2150,K-002150,2023-03-13,1968,Zellerau,BASIS,aktiv
2151,K-002151,2023-07-18,1978,Sanderau,BASIS,aktiv
2152,K-002152,2025-05-17,1985,Sanderau,BASIS,aktiv
2153,K-002153,2022-12-15,2000,Lengfeld,STUDENT,aktiv
2154,K-002154,2025-05-09,1982,Grombuehl,BASIS,aktiv
2155,K-002155,2024-02-28,1990,Zellerau,PREMIUM,aktiv
2156,K-002156,2023-08-13,2005,Umland,BASIS,aktiv
2157,K-002157,2026-03-30,1980,Frauenland,PREMIUM,aktiv
2158,K-002158,2023-07-21,1955,Altstadt,BASIS,aktiv
2159,K-002159,2023-07-07,1959,Heidingsfeld,BASIS,aktiv
2160,K-002160,2025-04-20,2004,Frauenland,BASIS,aktiv
2161,K-002161,2024-08-25,2007,Lengfeld,STUDENT,aktiv
2162,K-002162,2023-04-22,1961,Zellerau,OEPNV,aktiv
2163,K-002163,2024-07-27,1988,Umland,OEPNV,aktiv
2164,K-002164,2022-09-16,1988,Altstadt,PREMIUM,aktiv
2165,K-002165,2023-04-14,1992,Umland,BASIS,aktiv
2166,K-002166,2024-11-15,1991,Frauenland,BASIS,aktiv
2167,K-002167,2025-03-02,2005,Versbach,BASIS,aktiv
2168,K-002168,2023-08-20,1983,Heidingsfeld,OEPNV,aktiv
2169,K-002169,2023-01-28,2001,Versbach,BASIS,aktiv
2170,K-002170,2023-07-07,1965,Altstadt,BASIS,aktiv
2171,K-002171,2022-11-10,1992,Altstadt,PREMIUM,aktiv
2172,K-002172,2026-04-18,1966,Versbach,BASIS,aktiv
2173,K-002173,2025-09-11,2007,Heidingsfeld,STUDENT,aktiv
2174,K-002174,2024-01-22,1980,Sanderau,BASIS,aktiv
2175,K-002175,2022-11-09,1976,Sanderau,OEPNV,aktiv
2176,K-002176,2023-12-23,1984,Altstadt,BASIS,aktiv
2177,K-002177,2023-01-02,1959,Heidingsfeld,PREMIUM,aktiv
2178,K-002178,2024-08-10,1974,Frauenland,BASIS,aktiv
2179,K-002179,2023-09-21,1999,Versbach,BASIS,aktiv
2180,K-002180,2023-08-11,1956,Lengfeld,BASIS,aktiv
2181,K-002181,2026-07-23,1997,Sanderau,BASIS,aktiv
2182,K-002182,2024-05-29,2003,Umland,OEPNV,aktiv
2183,K-002183,2026-01-03,1992,Altstadt,BASIS,aktiv
2184,K-002184,2022-12-09,2007,Heidingsfeld,BASIS,aktiv
2185,K-002185,2023-07-06,2001,Lengfeld,OEPNV,aktiv
2186,K-002186,2024-03-09,1999,Sanderau,STUDENT,aktiv
2187,K-002187,2023-08-05,1963,Umland,PREMIUM,aktiv
2188,K-002188,2023-02-14,1996,Sanderau,BASIS,aktiv
2189,K-002189,2023-05-27,1976,Sanderau,PREMIUM,aktiv
2190,K-002190,2025-04-20,1998,Altstadt,STUDENT,aktiv
2191,K-002191,2025-04-26,1990,Grombuehl,PREMIUM,gesperrt
2192,K-002192,2023-07-19,1984,Versbach,PREMIUM,aktiv
2193,K-002193,2025-06-04,1962,Frauenland,BASIS,aktiv
2194,K-002194,2023-04-08,2004,Grombuehl,BASIS,aktiv
2195,K-002195,2023-05-28,1985,Zellerau,BASIS,aktiv
2196,K-002196,2023-04-01,1961,Sanderau,BASIS,gesperrt
2197,K-002197,2026-01-31,1991,Zellerau,BASIS,aktiv
2198,K-002198,2023-11-29,1968,Grombuehl,BASIS,aktiv
2199,K-002199,2023-04-21,1969,Lengfeld,BASIS,aktiv
2200,K-002200,2025-07-01,1984,Umland,BASIS,aktiv
2201,K-002201,2022-08-28,1974,Zellerau,BASIS,aktiv
2202,K-002202,2024-04-07,2000,Versbach,STUDENT,aktiv
2203,K-002203,2026-01-20,1992,Frauenland,BASIS,aktiv
2204,K-002204,2023-03-20,1978,Frauenland,BASIS,aktiv
2205,K-002205,2025-12-08,2003,Heidingsfeld,STUDENT,aktiv
2206,K-002206,2026-02-13,1986,Altstadt,BASIS,aktiv
2207,K-002207,2023-08-18,1968,Heidingsfeld,BASIS,aktiv
2208,K-002208,2024-07-04,2001,Lengfeld,BASIS,aktiv
2209,K-002209,2023-05-20,1966,Umland,BASIS,aktiv
2210,K-002210,2024-02-02,1987,Grombuehl,OEPNV,aktiv
2211,K-002211,2023-10-03,1963,Altstadt,BASIS,aktiv
2212,K-002212,2023-03-14,1995,Umland,PREMIUM,aktiv
2213,K-002213,2026-02-03,1979,Sanderau,PREMIUM,aktiv
2214,K-002214,2022-10-16,1995,Versbach,OEPNV,aktiv
2215,K-002215,2022-12-05,2002,Altstadt,PREMIUM,aktiv
2216,K-002216,2024-02-07,1997,Umland,BASIS,aktiv
2217,K-002217,2025-12-24,1998,Versbach,STUDENT,aktiv
2218,K-002218,2024-01-15,1996,Versbach,BASIS,aktiv
2219,K-002219,2025-05-13,1979,Lengfeld,BASIS,aktiv
2220,K-002220,2024-10-27,2002,Umland,STUDENT,aktiv
2221,K-002221,2023-06-03,1975,Altstadt,BASIS,aktiv
2222,K-002222,2025-04-09,1974,Frauenland,STUDENT,aktiv
2223,K-002223,2023-03-12,1982,Zellerau,BASIS,aktiv
2224,K-002224,2025-12-28,1996,Zellerau,BASIS,aktiv
2225,K-002225,2023-04-25,1964,Altstadt,BASIS,aktiv
2226,K-002226,2026-05-04,2000,Zellerau,STUDENT,aktiv
2227,K-002227,2025-12-14,2000,Altstadt,STUDENT,aktiv
2228,K-002228,2022-08-01,1965,Altstadt,BASIS,aktiv
2229,K-002229,2023-12-13,1989,Frauenland,BASIS,aktiv
2230,K-002230,2023-01-26,1995,Grombuehl,OEPNV,aktiv
2231,K-002231,2024-04-21,1989,Umland,PREMIUM,aktiv
2232,K-002232,2023-08-05,2004,Frauenland,STUDENT,aktiv
2233,K-002233,2023-05-01,1988,Sanderau,BASIS,aktiv
2234,K-002234,2024-10-02,1985,Lengfeld,BASIS,aktiv
2235,K-002235,2023-05-26,1992,Frauenland,OEPNV,aktiv
2236,K-002236,2025-03-23,2005,Grombuehl,STUDENT,aktiv
2237,K-002237,2023-01-04,2000,Sanderau,STUDENT,aktiv
2238,K-002238,2025-06-22,1982,Versbach,BASIS,aktiv
2239,K-002239,2022-11-11,1963,Versbach,BASIS,aktiv
2240,K-002240,2022-10-27,1997,Zellerau,OEPNV,gesperrt
2241,K-002241,2023-03-25,1992,Lengfeld,PREMIUM,aktiv
2242,K-002242,2023-07-30,1971,Umland,STUDENT,gesperrt
2243,K-002243,2022-10-02,1985,Lengfeld,BASIS,aktiv
2244,K-002244,2024-04-14,1973,Altstadt,BASIS,aktiv
2245,K-002245,2025-04-20,1990,Grombuehl,BASIS,aktiv
2246,K-002246,2023-04-28,1960,Lengfeld,OEPNV,aktiv
2247,K-002247,2024-11-02,1978,Umland,BASIS,aktiv
2248,K-002248,2024-03-30,1970,Frauenland,PREMIUM,aktiv
2249,K-002249,2025-11-22,1998,Altstadt,BASIS,aktiv
2250,K-002250,2023-06-03,2007,Lengfeld,STUDENT,aktiv
2251,K-002251,2022-12-08,1998,Sanderau,STUDENT,aktiv
2252,K-002252,2024-06-22,1982,Grombuehl,OEPNV,aktiv
2253,K-002253,2023-05-07,1999,Versbach,STUDENT,aktiv
2254,K-002254,2025-12-21,1960,Sanderau,BASIS,aktiv
2255,K-002255,2022-08-31,1998,Zellerau,BASIS,aktiv
2256,K-002256,2024-05-21,1976,Lengfeld,BASIS,aktiv
2257,K-002257,2024-05-24,1964,Versbach,BASIS,aktiv
2258,K-002258,2025-09-02,2000,Heidingsfeld,STUDENT,aktiv
2259,K-002259,2025-05-02,1983,Zellerau,BASIS,aktiv
2260,K-002260,2025-08-08,1979,Sanderau,OEPNV,aktiv
2261,K-002261,2023-12-09,2006,Heidingsfeld,STUDENT,aktiv
2262,K-002262,2024-12-10,1966,Sanderau,BASIS,aktiv
2263,K-002263,2026-01-01,1960,Sanderau,OEPNV,aktiv
2264,K-002264,2022-12-01,2000,Heidingsfeld,STUDENT,aktiv
2265,K-002265,2024-10-13,1973,Umland,BASIS,aktiv
2266,K-002266,2026-06-05,2003,Versbach,BASIS,gesperrt
2267,K-002267,2023-09-12,1975,Grombuehl,BASIS,aktiv
2268,K-002268,2024-04-22,1994,Versbach,BASIS,aktiv
2269,K-002269,2024-03-15,1991,Umland,BASIS,aktiv
2270,K-002270,2024-08-22,1998,Zellerau,BASIS,aktiv
2271,K-002271,2026-05-31,1981,Grombuehl,OEPNV,aktiv
2272,K-002272,2022-11-14,1994,Grombuehl,OEPNV,aktiv
2273,K-002273,2023-08-27,1983,Frauenland,BASIS,aktiv
2274,K-002274,2023-01-03,1981,Frauenland,BASIS,aktiv
2275,K-002275,2023-12-17,1981,Sanderau,OEPNV,aktiv
2276,K-002276,2025-03-01,2003,Frauenland,STUDENT,aktiv
2277,K-002277,2023-06-27,1985,Altstadt,BASIS,aktiv
2278,K-002278,2022-11-14,2007,Heidingsfeld,STUDENT,aktiv
2279,K-002279,2022-09-19,1984,Versbach,BASIS,aktiv
2280,K-002280,2025-04-15,2001,Frauenland,BASIS,aktiv
2281,K-002281,2024-08-15,1971,Lengfeld,BASIS,aktiv
2282,K-002282,2024-03-22,2003,Heidingsfeld,BASIS,aktiv
2283,K-002283,2023-05-24,1989,Umland,PREMIUM,aktiv
2284,K-002284,2023-02-04,1998,Lengfeld,PREMIUM,aktiv
2285,K-002285,2025-10-14,1982,Grombuehl,PREMIUM,aktiv
2286,K-002286,2023-06-07,1999,Zellerau,BASIS,aktiv
2287,K-002287,2023-08-04,1969,Frauenland,BASIS,aktiv
2288,K-002288,2025-07-13,1963,Altstadt,PREMIUM,aktiv
2289,K-002289,2024-02-14,1974,Grombuehl,BASIS,aktiv
2290,K-002290,2026-03-06,2002,Versbach,STUDENT,aktiv
2291,K-002291,2026-05-19,1983,Frauenland,OEPNV,aktiv
2292,K-002292,2025-05-08,1966,Heidingsfeld,BASIS,aktiv
2293,K-002293,2023-08-01,1994,Altstadt,OEPNV,aktiv
2294,K-002294,2025-08-04,2003,Umland,STUDENT,aktiv
2295,K-002295,2024-07-20,1976,Umland,BASIS,aktiv
2296,K-002296,2025-12-03,1971,Lengfeld,BASIS,aktiv
2297,K-002297,2024-08-23,2004,Versbach,STUDENT,aktiv
2298,K-002298,2023-07-29,1977,Umland,PREMIUM,aktiv
2299,K-002299,2023-02-05,1991,Frauenland,BASIS,aktiv
2300,K-002300,2022-07-29,2000,Versbach,STUDENT,aktiv
2301,K-002301,2025-03-20,1993,Frauenland,OEPNV,aktiv
2302,K-002302,2023-05-20,2003,Zellerau,BASIS,aktiv
2303,K-002303,2022-08-27,1979,Altstadt,PREMIUM,aktiv
2304,K-002304,2026-03-14,1990,Lengfeld,OEPNV,aktiv
2305,K-002305,2023-03-07,1981,Zellerau,PREMIUM,aktiv
2306,K-002306,2022-08-02,1989,Versbach,BASIS,aktiv
2307,K-002307,2022-09-30,2000,Lengfeld,STUDENT,aktiv
2308,K-002308,2025-12-27,2006,Umland,STUDENT,aktiv
2309,K-002309,2023-06-16,1959,Zellerau,BASIS,aktiv
2310,K-002310,2023-07-08,1999,Heidingsfeld,STUDENT,aktiv
2311,K-002311,2026-04-01,2001,Frauenland,BASIS,aktiv
2312,K-002312,2022-12-23,1992,Grombuehl,OEPNV,aktiv
2313,K-002313,2025-08-19,1990,Heidingsfeld,PREMIUM,aktiv
2314,K-002314,2022-09-05,1987,Umland,OEPNV,aktiv
2315,K-002315,2025-03-08,2006,Versbach,STUDENT,aktiv
2316,K-002316,2024-12-18,1969,Heidingsfeld,BASIS,aktiv
2317,K-002317,2024-07-22,1961,Lengfeld,BASIS,aktiv
2318,K-002318,2023-10-14,1961,Grombuehl,BASIS,aktiv
2319,K-002319,2025-02-03,1973,Versbach,BASIS,aktiv
2320,K-002320,2022-08-20,1973,Frauenland,BASIS,aktiv
2321,K-002321,2022-11-07,1977,Sanderau,OEPNV,aktiv
2322,K-002322,2023-11-01,1999,Umland,BASIS,aktiv
2323,K-002323,2024-05-22,1998,Lengfeld,STUDENT,aktiv
2324,K-002324,2023-08-31,1991,Altstadt,OEPNV,aktiv
2325,K-002325,2022-10-14,1966,Umland,BASIS,aktiv
2326,K-002326,2022-08-11,1970,Umland,BASIS,aktiv
2327,K-002327,2026-05-14,1967,Grombuehl,BASIS,aktiv
2328,K-002328,2022-09-01,1998,Grombuehl,STUDENT,aktiv
2329,K-002329,2025-06-13,1966,Altstadt,BASIS,aktiv
2330,K-002330,2023-02-20,1973,Umland,BASIS,aktiv
2331,K-002331,2024-01-08,1994,Umland,STUDENT,aktiv
2332,K-002332,2023-06-15,2001,Altstadt,STUDENT,aktiv
2333,K-002333,2024-06-06,1999,Frauenland,OEPNV,aktiv
2334,K-002334,2022-08-15,1979,Lengfeld,BASIS,aktiv
2335,K-002335,2026-06-25,2005,Umland,STUDENT,aktiv
2336,K-002336,2025-02-19,1964,Heidingsfeld,BASIS,aktiv
2337,K-002337,2026-02-14,1979,Umland,BASIS,aktiv
2338,K-002338,2025-01-18,2003,Grombuehl,OEPNV,aktiv
2339,K-002339,2025-01-30,1973,Versbach,BASIS,aktiv
2340,K-002340,2025-06-06,1992,Umland,PREMIUM,aktiv
2341,K-002341,2024-11-08,1983,Versbach,PREMIUM,aktiv
2342,K-002342,2023-04-21,2001,Sanderau,OEPNV,aktiv
2343,K-002343,2026-05-05,1960,Zellerau,BASIS,aktiv
2344,K-002344,2024-10-20,1970,Altstadt,BASIS,aktiv
2345,K-002345,2023-05-10,1964,Umland,BASIS,aktiv
2346,K-002346,2023-02-20,1963,Umland,OEPNV,aktiv
2347,K-002347,2022-11-26,2003,Frauenland,BASIS,aktiv
2348,K-002348,2024-04-23,1998,Zellerau,STUDENT,aktiv
2349,K-002349,2025-08-25,1984,Lengfeld,PREMIUM,aktiv
2350,K-002350,2023-10-15,1971,Versbach,BASIS,aktiv
2351,K-002351,2023-07-26,1989,Zellerau,OEPNV,aktiv
2352,K-002352,2022-09-18,1987,Lengfeld,BASIS,aktiv
2353,K-002353,2024-03-12,2000,Heidingsfeld,BASIS,aktiv
2354,K-002354,2025-04-23,1968,Umland,BASIS,aktiv
2355,K-002355,2023-02-19,1973,Heidingsfeld,BASIS,aktiv
2356,K-002356,2023-01-25,1998,Sanderau,BASIS,aktiv
2357,K-002357,2026-04-09,1960,Altstadt,BASIS,aktiv
2358,K-002358,2023-06-11,1975,Umland,OEPNV,aktiv
2359,K-002359,2024-09-07,2006,Frauenland,STUDENT,aktiv
2360,K-002360,2025-07-19,1989,Lengfeld,BASIS,aktiv
2361,K-002361,2022-09-07,1980,Frauenland,OEPNV,aktiv
2362,K-002362,2022-08-19,1966,Sanderau,OEPNV,aktiv
2363,K-002363,2022-10-07,1998,Sanderau,PREMIUM,aktiv
2364,K-002364,2022-12-07,1967,Zellerau,BASIS,aktiv
2365,K-002365,2022-09-29,1970,Altstadt,BASIS,aktiv
2366,K-002366,2024-03-24,1999,Heidingsfeld,STUDENT,aktiv
2367,K-002367,2023-06-17,1980,Frauenland,BASIS,aktiv
2368,K-002368,2023-08-10,1988,Heidingsfeld,BASIS,aktiv
2369,K-002369,2024-04-15,2005,Frauenland,STUDENT,aktiv
2370,K-002370,2023-11-20,1966,Frauenland,BASIS,aktiv
2371,K-002371,2024-03-16,2006,Altstadt,STUDENT,aktiv
2372,K-002372,2022-10-08,1989,Grombuehl,BASIS,aktiv
2373,K-002373,2024-03-02,1962,Umland,BASIS,aktiv
2374,K-002374,2023-08-24,1986,Altstadt,BASIS,aktiv
2375,K-002375,2022-10-14,1956,Frauenland,BASIS,aktiv
2376,K-002376,2023-06-27,1977,Grombuehl,STUDENT,aktiv
2377,K-002377,2024-08-19,1977,Zellerau,PREMIUM,aktiv
2378,K-002378,2023-03-09,1985,Umland,BASIS,aktiv
2379,K-002379,2024-03-27,1983,Zellerau,BASIS,aktiv
2380,K-002380,2022-09-20,1987,Zellerau,BASIS,aktiv
2381,K-002381,2022-10-28,1986,Sanderau,BASIS,aktiv
2382,K-002382,2023-03-02,1988,Zellerau,OEPNV,aktiv
2383,K-002383,2024-02-10,1991,Umland,BASIS,aktiv
2384,K-002384,2023-11-24,1986,Sanderau,PREMIUM,gesperrt
2385,K-002385,2026-04-12,1985,Lengfeld,PREMIUM,aktiv
2386,K-002386,2022-09-09,1970,Versbach,BASIS,aktiv
2387,K-002387,2024-03-28,2005,Frauenland,BASIS,aktiv
2388,K-002388,2023-07-31,2004,Umland,BASIS,aktiv
2389,K-002389,2023-02-04,1976,Lengfeld,BASIS,aktiv
2390,K-002390,2022-09-19,1976,Grombuehl,BASIS,aktiv
2391,K-002391,2023-12-23,1992,Zellerau,OEPNV,aktiv
2392,K-002392,2023-02-13,1962,Frauenland,BASIS,aktiv
2393,K-002393,2025-06-17,1966,Heidingsfeld,BASIS,aktiv
2394,K-002394,2024-01-12,1978,Zellerau,PREMIUM,aktiv
2395,K-002395,2023-04-07,1961,Grombuehl,BASIS,aktiv
2396,K-002396,2022-12-29,1989,Zellerau,BASIS,aktiv
2397,K-002397,2024-05-21,1958,Grombuehl,STUDENT,aktiv
2398,K-002398,2023-06-12,1980,Altstadt,PREMIUM,aktiv
2399,K-002399,2025-04-23,1969,Umland,PREMIUM,aktiv
2400,K-002400,2023-02-08,1997,Frauenland,OEPNV,aktiv
2401,K-002401,2023-02-27,1982,Altstadt,PREMIUM,aktiv
2402,K-002402,2023-01-26,1983,Umland,OEPNV,aktiv
2403,K-002403,2026-03-12,2002,Grombuehl,STUDENT,aktiv
2404,K-002404,2023-07-05,1966,Altstadt,BASIS,aktiv
2405,K-002405,2024-10-30,2005,Umland,OEPNV,aktiv
2406,K-002406,2022-12-06,1986,Heidingsfeld,BASIS,aktiv
2407,K-002407,2024-10-27,2004,Zellerau,STUDENT,aktiv
2408,K-002408,2025-07-14,2005,Zellerau,STUDENT,aktiv
2409,K-002409,2024-09-22,1998,Altstadt,BASIS,aktiv
2410,K-002410,2026-01-17,2004,Zellerau,STUDENT,aktiv
2411,K-002411,2024-05-19,1955,Versbach,BASIS,aktiv
2412,K-002412,2022-08-06,1963,Frauenland,BASIS,aktiv
2413,K-002413,2025-06-25,2007,Lengfeld,STUDENT,aktiv
2414,K-002414,2023-06-17,2001,Altstadt,BASIS,aktiv
2415,K-002415,2026-05-21,1983,Frauenland,BASIS,aktiv
2416,K-002416,2023-08-11,1957,Altstadt,BASIS,aktiv
2417,K-002417,2024-01-29,1999,Lengfeld,PREMIUM,aktiv
2418,K-002418,2022-11-22,1966,Umland,BASIS,aktiv
2419,K-002419,2023-01-09,2000,Versbach,BASIS,aktiv
2420,K-002420,2026-07-08,1983,Frauenland,BASIS,aktiv
2421,K-002421,2023-11-23,1970,Zellerau,BASIS,aktiv
2422,K-002422,2025-10-16,2001,Versbach,BASIS,aktiv
2423,K-002423,2025-02-14,1986,Umland,PREMIUM,aktiv
2424,K-002424,2022-08-22,1998,Altstadt,STUDENT,aktiv
2425,K-002425,2022-08-01,1999,Lengfeld,BASIS,aktiv
2426,K-002426,2023-03-13,1974,Versbach,BASIS,aktiv
2427,K-002427,2025-07-17,1955,Umland,BASIS,aktiv
2428,K-002428,2025-04-20,2003,Lengfeld,STUDENT,aktiv
2429,K-002429,2024-08-20,1977,Lengfeld,OEPNV,aktiv
2430,K-002430,2023-04-03,1987,Lengfeld,OEPNV,aktiv
2431,K-002431,2023-08-22,1962,Altstadt,BASIS,aktiv
2432,K-002432,2024-07-09,1976,Heidingsfeld,BASIS,aktiv
2433,K-002433,2026-05-06,2000,Zellerau,OEPNV,aktiv
2434,K-002434,2023-05-08,1993,Lengfeld,OEPNV,aktiv
2435,K-002435,2025-01-02,1981,Heidingsfeld,PREMIUM,aktiv
2436,K-002436,2026-06-21,2004,Sanderau,BASIS,aktiv
2437,K-002437,2025-05-31,1969,Lengfeld,OEPNV,aktiv
2438,K-002438,2022-12-30,1994,Lengfeld,BASIS,aktiv
2439,K-002439,2025-03-21,1985,Zellerau,BASIS,aktiv
2440,K-002440,2025-09-10,2007,Zellerau,STUDENT,aktiv
2441,K-002441,2023-04-14,2005,Lengfeld,BASIS,aktiv
2442,K-002442,2024-09-25,2004,Lengfeld,STUDENT,aktiv
2443,K-002443,2025-11-29,1983,Zellerau,BASIS,aktiv
2444,K-002444,2023-06-28,1990,Altstadt,OEPNV,aktiv
2445,K-002445,2026-07-10,1985,Umland,OEPNV,aktiv
2446,K-002446,2026-03-25,2002,Versbach,PREMIUM,aktiv
2447,K-002447,2023-11-27,1967,Umland,BASIS,aktiv
2448,K-002448,2023-06-01,1963,Altstadt,PREMIUM,aktiv
2449,K-002449,2025-08-06,2001,Lengfeld,BASIS,aktiv
2450,K-002450,2022-11-22,1998,Frauenland,BASIS,aktiv
2451,K-002451,2023-08-01,1984,Zellerau,BASIS,aktiv
2452,K-002452,2024-01-13,1985,Sanderau,BASIS,aktiv
2453,K-002453,2025-10-02,2003,Heidingsfeld,STUDENT,aktiv
2454,K-002454,2023-12-28,2007,Versbach,BASIS,aktiv
2455,K-002455,2024-05-11,2004,Heidingsfeld,STUDENT,aktiv
2456,K-002456,2025-08-22,1981,Frauenland,OEPNV,aktiv
2457,K-002457,2023-07-03,1960,Umland,BASIS,aktiv
2458,K-002458,2026-06-19,1992,Heidingsfeld,BASIS,aktiv
2459,K-002459,2023-05-01,1987,Umland,BASIS,aktiv
2460,K-002460,2025-08-19,1969,Altstadt,BASIS,aktiv
2461,K-002461,2024-05-22,1978,Zellerau,OEPNV,aktiv
2462,K-002462,2026-01-30,1977,Frauenland,PREMIUM,aktiv
2463,K-002463,2022-10-22,1965,Lengfeld,BASIS,aktiv
2464,K-002464,2023-07-30,1959,Versbach,BASIS,aktiv
2465,K-002465,2026-03-08,1957,Grombuehl,PREMIUM,aktiv
2466,K-002466,2023-05-10,1984,Grombuehl,BASIS,aktiv
2467,K-002467,2023-08-17,1967,Heidingsfeld,BASIS,aktiv
2468,K-002468,2023-06-15,2001,Heidingsfeld,STUDENT,gesperrt
2469,K-002469,2026-03-28,1972,Grombuehl,BASIS,aktiv
2470,K-002470,2023-07-26,1975,Zellerau,BASIS,aktiv
2471,K-002471,2024-11-13,1998,Lengfeld,STUDENT,aktiv
2472,K-002472,2025-01-21,1962,Altstadt,BASIS,aktiv
2473,K-002473,2025-12-22,1999,Grombuehl,STUDENT,aktiv
2474,K-002474,2022-11-01,2001,Altstadt,STUDENT,aktiv
2475,K-002475,2022-11-02,2000,Heidingsfeld,STUDENT,aktiv
2476,K-002476,2022-08-05,1998,Umland,PREMIUM,aktiv
2477,K-002477,2025-11-23,1957,Grombuehl,BASIS,aktiv
2478,K-002478,2023-04-03,1986,Heidingsfeld,OEPNV,aktiv
2479,K-002479,2026-01-24,2006,Heidingsfeld,STUDENT,aktiv
2480,K-002480,2024-07-26,2002,Versbach,OEPNV,aktiv
2481,K-002481,2022-08-10,1962,Frauenland,OEPNV,aktiv
2482,K-002482,2024-05-03,1990,Zellerau,STUDENT,aktiv
2483,K-002483,2023-08-13,1983,Zellerau,BASIS,aktiv
2484,K-002484,2024-04-26,1981,Grombuehl,OEPNV,aktiv
2485,K-002485,2022-11-27,2002,Grombuehl,STUDENT,aktiv
2486,K-002486,2025-01-26,1994,Lengfeld,OEPNV,aktiv
2487,K-002487,2023-01-18,1976,Sanderau,OEPNV,gesperrt
2488,K-002488,2026-02-11,1996,Grombuehl,BASIS,aktiv
2489,K-002489,2025-10-02,1990,Versbach,OEPNV,aktiv
2490,K-002490,2025-12-16,1972,Frauenland,BASIS,aktiv
2491,K-002491,2024-03-03,2001,Lengfeld,BASIS,aktiv
2492,K-002492,2022-09-08,1998,Altstadt,STUDENT,aktiv
2493,K-002493,2023-05-09,1998,Versbach,BASIS,aktiv
2494,K-002494,2025-11-09,1992,Frauenland,OEPNV,aktiv
2495,K-002495,2024-09-21,2006,Umland,STUDENT,aktiv
2496,K-002496,2025-09-15,2000,Versbach,STUDENT,aktiv
2497,K-002497,2022-08-12,1986,Grombuehl,BASIS,aktiv
2498,K-002498,2026-04-24,1968,Grombuehl,STUDENT,aktiv
2499,K-002499,2022-12-19,1999,Lengfeld,STUDENT,aktiv
2500,K-002500,2022-09-12,1970,Grombuehl,BASIS,aktiv
2501,K-002501,2025-05-16,1965,Frauenland,OEPNV,aktiv
2502,K-002502,2025-07-16,1971,Umland,BASIS,aktiv
2503,K-002503,2023-12-12,1972,Zellerau,BASIS,aktiv
2504,K-002504,2022-10-11,1971,Zellerau,OEPNV,aktiv
2505,K-002505,2023-06-11,1991,Grombuehl,OEPNV,aktiv
2506,K-002506,2022-11-27,2002,Altstadt,STUDENT,aktiv
2507,K-002507,2024-06-23,1996,Grombuehl,PREMIUM,aktiv
2508,K-002508,2025-08-30,1991,Altstadt,BASIS,aktiv
2509,K-002509,2024-05-24,1959,Sanderau,BASIS,aktiv
2510,K-002510,2025-05-05,1967,Sanderau,PREMIUM,gesperrt
2511,K-002511,2026-07-16,2006,Sanderau,STUDENT,aktiv
2512,K-002512,2023-01-10,1980,Heidingsfeld,OEPNV,aktiv
2513,K-002513,2025-09-20,1984,Altstadt,BASIS,aktiv
2514,K-002514,2024-04-20,1998,Umland,OEPNV,aktiv
2515,K-002515,2026-01-24,1979,Frauenland,PREMIUM,aktiv
2516,K-002516,2024-11-16,2000,Grombuehl,STUDENT,aktiv
2517,K-002517,2026-07-04,1979,Sanderau,PREMIUM,aktiv
2518,K-002518,2023-03-18,1966,Versbach,BASIS,aktiv
2519,K-002519,2022-12-28,1988,Zellerau,BASIS,aktiv
2520,K-002520,2022-12-21,1975,Lengfeld,BASIS,aktiv
2521,K-002521,2026-04-06,1967,Altstadt,BASIS,aktiv
2522,K-002522,2023-08-29,1956,Heidingsfeld,BASIS,aktiv
2523,K-002523,2023-02-21,1978,Zellerau,OEPNV,aktiv
2524,K-002524,2024-05-22,1998,Zellerau,STUDENT,aktiv
2525,K-002525,2022-08-16,1983,Umland,OEPNV,aktiv
2526,K-002526,2025-12-15,1990,Frauenland,BASIS,aktiv
2527,K-002527,2023-04-24,1996,Sanderau,BASIS,aktiv
2528,K-002528,2023-01-26,1958,Altstadt,PREMIUM,aktiv
2529,K-002529,2025-09-27,2002,Versbach,BASIS,aktiv
2530,K-002530,2022-11-09,1983,Heidingsfeld,BASIS,aktiv
2531,K-002531,2023-05-19,1960,Heidingsfeld,BASIS,aktiv
2532,K-002532,2022-11-16,1971,Frauenland,BASIS,aktiv
2533,K-002533,2024-03-11,1995,Zellerau,OEPNV,aktiv
2534,K-002534,2025-11-10,1957,Zellerau,BASIS,aktiv
2535,K-002535,2023-10-22,1989,Altstadt,BASIS,aktiv
2536,K-002536,2024-12-10,1998,Versbach,BASIS,aktiv
2537,K-002537,2022-08-05,1994,Lengfeld,PREMIUM,aktiv
2538,K-002538,2025-10-20,1982,Frauenland,OEPNV,aktiv
2539,K-002539,2023-02-24,1984,Zellerau,PREMIUM,aktiv
2540,K-002540,2023-01-09,2005,Lengfeld,STUDENT,aktiv
2541,K-002541,2025-11-26,1990,Heidingsfeld,OEPNV,aktiv
2542,K-002542,2025-04-04,2004,Grombuehl,STUDENT,aktiv
2543,K-002543,2025-04-11,1967,Umland,BASIS,aktiv
2544,K-002544,2023-07-11,1993,Altstadt,OEPNV,aktiv
2545,K-002545,2023-10-12,1976,Sanderau,BASIS,aktiv
2546,K-002546,2023-02-24,2000,Frauenland,OEPNV,aktiv
2547,K-002547,2023-06-01,1963,Altstadt,BASIS,aktiv
2548,K-002548,2023-08-11,2000,Sanderau,BASIS,aktiv
2549,K-002549,2024-05-24,1967,Zellerau,BASIS,aktiv
2550,K-002550,2023-08-19,1957,Umland,BASIS,aktiv
2551,K-002551,2023-11-06,1964,Lengfeld,BASIS,aktiv
2552,K-002552,2023-01-17,1982,Lengfeld,OEPNV,aktiv
2553,K-002553,2025-12-29,2005,Altstadt,STUDENT,aktiv
2554,K-002554,2025-01-27,2004,Heidingsfeld,OEPNV,aktiv
2555,K-002555,2023-09-27,1998,Frauenland,BASIS,aktiv
2556,K-002556,2025-11-02,1993,Lengfeld,OEPNV,aktiv
2557,K-002557,2023-04-21,1989,Lengfeld,PREMIUM,aktiv
2558,K-002558,2023-09-26,2000,Altstadt,BASIS,aktiv
2559,K-002559,2024-11-14,2003,Altstadt,STUDENT,aktiv
2560,K-002560,2023-03-16,1956,Lengfeld,BASIS,aktiv
2561,K-002561,2025-05-13,1984,Heidingsfeld,PREMIUM,aktiv
2562,K-002562,2023-08-11,1976,Zellerau,BASIS,aktiv
2563,K-002563,2024-11-15,1986,Umland,OEPNV,aktiv
2564,K-002564,2022-08-10,1995,Altstadt,OEPNV,aktiv
2565,K-002565,2023-08-24,1990,Umland,PREMIUM,aktiv
2566,K-002566,2022-08-31,2001,Versbach,BASIS,aktiv
2567,K-002567,2023-05-19,1980,Sanderau,PREMIUM,aktiv
2568,K-002568,2026-04-17,1998,Altstadt,BASIS,aktiv
2569,K-002569,2022-09-25,1995,Zellerau,BASIS,gesperrt
2570,K-002570,2022-11-21,1964,Heidingsfeld,BASIS,aktiv
2571,K-002571,2023-03-08,1966,Sanderau,BASIS,aktiv
2572,K-002572,2023-05-28,2003,Grombuehl,STUDENT,aktiv
2573,K-002573,2022-11-28,2001,Lengfeld,STUDENT,aktiv
2574,K-002574,2023-04-30,1993,Heidingsfeld,OEPNV,aktiv
2575,K-002575,2022-10-16,1990,Versbach,BASIS,aktiv
2576,K-002576,2026-05-04,1958,Lengfeld,BASIS,aktiv
2577,K-002577,2026-01-29,1974,Frauenland,BASIS,aktiv
2578,K-002578,2025-08-25,1980,Frauenland,OEPNV,aktiv
2579,K-002579,2025-10-24,1996,Sanderau,BASIS,aktiv
2580,K-002580,2023-01-05,2004,Heidingsfeld,BASIS,aktiv
2581,K-002581,2025-12-24,2002,Grombuehl,BASIS,aktiv
2582,K-002582,2024-10-14,2001,Altstadt,PREMIUM,aktiv
2583,K-002583,2026-04-21,1980,Sanderau,PREMIUM,aktiv
2584,K-002584,2023-04-07,1962,Altstadt,BASIS,aktiv
2585,K-002585,2023-05-20,1975,Frauenland,OEPNV,aktiv
2586,K-002586,2023-12-02,1973,Heidingsfeld,BASIS,aktiv
2587,K-002587,2026-03-30,1993,Frauenland,BASIS,aktiv
2588,K-002588,2023-10-20,1995,Altstadt,PREMIUM,aktiv
2589,K-002589,2024-06-24,1995,Frauenland,PREMIUM,aktiv
2590,K-002590,2025-01-11,1975,Sanderau,OEPNV,aktiv
2591,K-002591,2022-11-24,2002,Grombuehl,BASIS,aktiv
2592,K-002592,2026-05-25,1990,Grombuehl,BASIS,aktiv
2593,K-002593,2023-01-07,1955,Lengfeld,BASIS,aktiv
2594,K-002594,2023-01-28,1991,Umland,BASIS,aktiv
2595,K-002595,2023-02-23,2002,Frauenland,PREMIUM,aktiv
2596,K-002596,2025-07-11,1980,Sanderau,BASIS,aktiv
2597,K-002597,2024-10-17,1975,Grombuehl,OEPNV,aktiv
2598,K-002598,2022-09-09,1960,Altstadt,BASIS,aktiv
2599,K-002599,2023-06-25,1981,Versbach,BASIS,aktiv
2600,K-002600,2026-01-26,2005,Lengfeld,STUDENT,aktiv
2601,K-002601,2025-03-08,1970,Sanderau,BASIS,aktiv
2602,K-002602,2023-12-11,2001,Heidingsfeld,BASIS,aktiv
2603,K-002603,2024-07-09,1982,Grombuehl,PREMIUM,aktiv
2604,K-002604,2026-01-01,2002,Sanderau,STUDENT,aktiv
2605,K-002605,2026-06-11,2000,Frauenland,STUDENT,aktiv
2606,K-002606,2025-12-08,1969,Heidingsfeld,BASIS,aktiv
2607,K-002607,2024-02-15,1989,Versbach,BASIS,aktiv
2608,K-002608,2024-11-20,1963,Zellerau,BASIS,aktiv
2609,K-002609,2025-04-01,1996,Umland,PREMIUM,aktiv
2610,K-002610,2023-04-11,1985,Zellerau,BASIS,aktiv
2611,K-002611,2022-11-25,1983,Altstadt,PREMIUM,aktiv
2612,K-002612,2023-02-18,1994,Heidingsfeld,OEPNV,aktiv
2613,K-002613,2026-06-09,1980,Umland,PREMIUM,aktiv
2614,K-002614,2023-01-27,1963,Umland,BASIS,aktiv
2615,K-002615,2025-03-23,1995,Frauenland,OEPNV,aktiv
2616,K-002616,2023-11-13,1975,Frauenland,BASIS,aktiv
2617,K-002617,2024-09-04,1998,Zellerau,BASIS,aktiv
2618,K-002618,2024-08-12,1999,Umland,STUDENT,aktiv
2619,K-002619,2023-07-24,2006,Zellerau,STUDENT,aktiv
2620,K-002620,2025-10-02,1989,Grombuehl,OEPNV,aktiv
2621,K-002621,2022-08-17,1996,Umland,OEPNV,aktiv
2622,K-002622,2022-08-14,2005,Zellerau,BASIS,aktiv
2623,K-002623,2025-01-27,1979,Sanderau,BASIS,aktiv
2624,K-002624,2023-12-21,2002,Versbach,STUDENT,aktiv
2625,K-002625,2025-07-28,2006,Frauenland,STUDENT,aktiv
2626,K-002626,2025-05-28,1981,Versbach,BASIS,aktiv
2627,K-002627,2026-07-09,1998,Sanderau,BASIS,aktiv
2628,K-002628,2023-10-07,1967,Grombuehl,PREMIUM,aktiv
2629,K-002629,2024-10-13,2000,Sanderau,BASIS,aktiv
2630,K-002630,2026-06-09,1990,Versbach,BASIS,aktiv
2631,K-002631,2023-06-25,1984,Altstadt,BASIS,aktiv
2632,K-002632,2022-11-08,2004,Umland,BASIS,aktiv
2633,K-002633,2022-11-29,1955,Zellerau,BASIS,aktiv
2634,K-002634,2022-08-15,1979,Zellerau,BASIS,aktiv
2635,K-002635,2023-01-08,1976,Grombuehl,PREMIUM,aktiv
2636,K-002636,2023-02-28,1978,Versbach,BASIS,aktiv
2637,K-002637,2023-09-11,1978,Lengfeld,BASIS,aktiv
2638,K-002638,2024-09-19,1970,Grombuehl,BASIS,aktiv
2639,K-002639,2025-06-20,1984,Umland,BASIS,aktiv
2640,K-002640,2022-11-18,2003,Altstadt,BASIS,aktiv
2641,K-002641,2023-12-14,1986,Heidingsfeld,BASIS,aktiv
2642,K-002642,2022-11-06,1990,Zellerau,PREMIUM,gesperrt
2643,K-002643,2026-04-05,1961,Altstadt,OEPNV,aktiv
2644,K-002644,2022-11-15,1998,Altstadt,STUDENT,aktiv
2645,K-002645,2024-04-12,1973,Altstadt,BASIS,aktiv
2646,K-002646,2022-08-10,2005,Zellerau,BASIS,aktiv
2647,K-002647,2026-04-06,1986,Grombuehl,OEPNV,aktiv
2648,K-002648,2025-06-28,1981,Versbach,PREMIUM,aktiv
2649,K-002649,2024-10-30,2002,Sanderau,BASIS,aktiv
2650,K-002650,2025-04-12,1987,Versbach,OEPNV,aktiv
2651,K-002651,2024-09-26,1990,Altstadt,BASIS,aktiv
2652,K-002652,2023-03-10,1966,Zellerau,BASIS,aktiv
2653,K-002653,2024-06-10,1983,Sanderau,BASIS,aktiv
2654,K-002654,2022-11-23,1983,Sanderau,PREMIUM,aktiv
2655,K-002655,2022-12-20,2002,Umland,STUDENT,aktiv
2656,K-002656,2025-03-19,2000,Zellerau,STUDENT,aktiv
2657,K-002657,2022-09-27,1957,Frauenland,BASIS,aktiv
2658,K-002658,2022-10-16,2004,Altstadt,STUDENT,aktiv
2659,K-002659,2023-03-05,2004,Sanderau,STUDENT,aktiv
2660,K-002660,2024-06-15,1998,Heidingsfeld,OEPNV,aktiv
2661,K-002661,2023-08-21,1974,Zellerau,OEPNV,aktiv
2662,K-002662,2023-04-20,2006,Lengfeld,STUDENT,aktiv
2663,K-002663,2024-10-29,1987,Heidingsfeld,PREMIUM,aktiv
2664,K-002664,2022-11-21,1989,Sanderau,BASIS,aktiv
2665,K-002665,2022-10-27,1995,Altstadt,PREMIUM,aktiv
2666,K-002666,2025-04-17,1991,Lengfeld,BASIS,aktiv
2667,K-002667,2024-09-15,1988,Versbach,PREMIUM,aktiv
2668,K-002668,2022-09-18,2001,Altstadt,BASIS,aktiv
2669,K-002669,2023-10-17,1955,Altstadt,OEPNV,aktiv
2670,K-002670,2023-04-14,1969,Zellerau,BASIS,aktiv
2671,K-002671,2024-02-24,1975,Altstadt,PREMIUM,aktiv
2672,K-002672,2023-02-18,1992,Umland,PREMIUM,aktiv
2673,K-002673,2023-08-03,1980,Frauenland,PREMIUM,aktiv
2674,K-002674,2024-03-20,1998,Heidingsfeld,STUDENT,aktiv
2675,K-002675,2024-04-21,2007,Sanderau,STUDENT,aktiv
2676,K-002676,2023-08-27,1989,Frauenland,BASIS,aktiv
2677,K-002677,2025-09-20,1972,Lengfeld,BASIS,aktiv
2678,K-002678,2023-06-12,2007,Versbach,BASIS,aktiv
2679,K-002679,2025-12-07,1982,Versbach,BASIS,aktiv
2680,K-002680,2022-09-11,1993,Umland,OEPNV,aktiv
2681,K-002681,2023-05-13,1984,Lengfeld,BASIS,aktiv
2682,K-002682,2024-01-16,2003,Zellerau,STUDENT,aktiv
2683,K-002683,2023-06-09,1998,Umland,BASIS,aktiv
2684,K-002684,2025-01-10,2000,Sanderau,STUDENT,aktiv
2685,K-002685,2025-04-03,1993,Altstadt,BASIS,aktiv
2686,K-002686,2026-02-27,1978,Altstadt,BASIS,aktiv
2687,K-002687,2023-06-04,1964,Umland,BASIS,aktiv
2688,K-002688,2026-03-30,1999,Grombuehl,BASIS,aktiv
2689,K-002689,2023-01-18,1987,Heidingsfeld,BASIS,aktiv
2690,K-002690,2026-02-18,2001,Versbach,BASIS,aktiv
2691,K-002691,2023-10-30,1960,Zellerau,BASIS,aktiv
2692,K-002692,2023-05-06,1997,Umland,PREMIUM,aktiv
2693,K-002693,2022-09-17,1987,Heidingsfeld,STUDENT,aktiv
2694,K-002694,2022-09-22,1976,Versbach,PREMIUM,aktiv
2695,K-002695,2023-06-24,1986,Heidingsfeld,BASIS,aktiv
2696,K-002696,2022-10-30,2003,Umland,STUDENT,aktiv
2697,K-002697,2025-12-10,1991,Frauenland,BASIS,gesperrt
2698,K-002698,2025-01-29,1976,Frauenland,BASIS,aktiv
2699,K-002699,2024-12-04,1957,Altstadt,BASIS,aktiv
2700,K-002700,2022-09-08,2005,Versbach,STUDENT,aktiv
2701,K-002701,2026-03-24,1990,Grombuehl,BASIS,aktiv
2702,K-002702,2025-07-20,1998,Altstadt,BASIS,aktiv
2703,K-002703,2024-04-12,2005,Sanderau,STUDENT,aktiv
2704,K-002704,2025-11-10,1998,Lengfeld,PREMIUM,aktiv
2705,K-002705,2022-08-30,1981,Umland,BASIS,aktiv
2706,K-002706,2024-09-22,2004,Sanderau,BASIS,aktiv
2707,K-002707,2025-04-01,1998,Grombuehl,OEPNV,aktiv
2708,K-002708,2024-08-17,2003,Versbach,BASIS,aktiv
2709,K-002709,2022-08-06,1993,Sanderau,PREMIUM,aktiv
2710,K-002710,2022-12-27,1984,Versbach,OEPNV,aktiv
2711,K-002711,2023-04-01,1998,Lengfeld,BASIS,aktiv
2712,K-002712,2022-10-04,1993,Lengfeld,BASIS,aktiv
2713,K-002713,2025-05-25,1968,Lengfeld,BASIS,aktiv
2714,K-002714,2022-09-07,1999,Versbach,BASIS,aktiv
2715,K-002715,2026-05-22,1993,Heidingsfeld,BASIS,aktiv
2716,K-002716,2023-05-26,1993,Umland,OEPNV,aktiv
2717,K-002717,2024-08-06,2005,Sanderau,STUDENT,aktiv
2718,K-002718,2026-05-23,1992,Versbach,OEPNV,aktiv
2719,K-002719,2024-06-24,1994,Heidingsfeld,BASIS,aktiv
2720,K-002720,2024-08-26,1997,Zellerau,BASIS,aktiv
2721,K-002721,2024-12-28,1994,Umland,BASIS,gesperrt
2722,K-002722,2023-05-16,2002,Lengfeld,STUDENT,aktiv
2723,K-002723,2022-12-14,1971,Heidingsfeld,BASIS,aktiv
2724,K-002724,2026-04-03,1976,Versbach,BASIS,aktiv
2725,K-002725,2022-11-02,1977,Umland,OEPNV,aktiv
2726,K-002726,2022-11-28,1996,Zellerau,BASIS,aktiv
2727,K-002727,2025-08-09,2003,Umland,BASIS,aktiv
2728,K-002728,2024-06-14,2006,Zellerau,STUDENT,aktiv
2729,K-002729,2026-01-31,1975,Umland,BASIS,aktiv
2730,K-002730,2023-01-12,2003,Frauenland,BASIS,aktiv
2731,K-002731,2023-05-11,1996,Altstadt,BASIS,aktiv
2732,K-002732,2025-09-20,1995,Zellerau,STUDENT,aktiv
2733,K-002733,2024-12-12,1999,Lengfeld,PREMIUM,aktiv
2734,K-002734,2026-02-04,2003,Umland,OEPNV,aktiv
2735,K-002735,2022-11-04,1992,Zellerau,OEPNV,aktiv
2736,K-002736,2024-12-15,1980,Altstadt,BASIS,aktiv
2737,K-002737,2023-10-26,1995,Sanderau,BASIS,aktiv
2738,K-002738,2026-02-23,1994,Grombuehl,PREMIUM,aktiv
2739,K-002739,2022-12-09,1993,Altstadt,OEPNV,aktiv
2740,K-002740,2024-12-19,2005,Versbach,STUDENT,aktiv
2741,K-002741,2023-06-01,1990,Frauenland,BASIS,aktiv
2742,K-002742,2025-05-22,1998,Lengfeld,OEPNV,aktiv
2743,K-002743,2025-01-18,1962,Sanderau,OEPNV,aktiv
2744,K-002744,2023-06-14,1971,Altstadt,BASIS,aktiv
2745,K-002745,2022-08-20,1957,Lengfeld,BASIS,aktiv
2746,K-002746,2024-02-11,2004,Frauenland,BASIS,aktiv
2747,K-002747,2023-05-16,1985,Umland,BASIS,aktiv
2748,K-002748,2025-01-07,1972,Sanderau,BASIS,aktiv
2749,K-002749,2022-08-11,1993,Lengfeld,BASIS,aktiv
2750,K-002750,2024-10-19,1978,Lengfeld,PREMIUM,aktiv
2751,K-002751,2026-05-17,1996,Lengfeld,PREMIUM,aktiv
2752,K-002752,2023-05-21,2000,Versbach,STUDENT,aktiv
2753,K-002753,2022-07-31,1998,Versbach,PREMIUM,aktiv
2754,K-002754,2025-02-08,1988,Umland,BASIS,aktiv
2755,K-002755,2023-12-26,1982,Lengfeld,PREMIUM,aktiv
2756,K-002756,2024-08-25,1999,Frauenland,STUDENT,aktiv
2757,K-002757,2025-06-01,1984,Grombuehl,BASIS,aktiv
2758,K-002758,2024-03-07,1990,Sanderau,BASIS,aktiv
2759,K-002759,2024-06-26,1975,Umland,BASIS,aktiv
2760,K-002760,2023-07-26,1989,Lengfeld,OEPNV,aktiv
2761,K-002761,2023-03-16,2007,Grombuehl,STUDENT,aktiv
2762,K-002762,2023-06-17,2004,Grombuehl,STUDENT,aktiv
2763,K-002763,2024-06-25,1977,Frauenland,BASIS,aktiv
2764,K-002764,2023-06-22,1977,Heidingsfeld,BASIS,gesperrt
2765,K-002765,2022-11-15,1965,Heidingsfeld,BASIS,aktiv
2766,K-002766,2023-03-19,1980,Lengfeld,BASIS,aktiv
2767,K-002767,2023-07-24,1995,Altstadt,PREMIUM,aktiv
2768,K-002768,2023-03-30,1999,Umland,STUDENT,aktiv
2769,K-002769,2025-02-09,1964,Zellerau,BASIS,aktiv
2770,K-002770,2023-07-17,1999,Frauenland,STUDENT,aktiv
2771,K-002771,2025-11-10,2000,Umland,STUDENT,aktiv
2772,K-002772,2023-09-26,1968,Sanderau,BASIS,aktiv
2773,K-002773,2026-06-19,1968,Zellerau,BASIS,aktiv
2774,K-002774,2024-05-06,1992,Grombuehl,STUDENT,aktiv
2775,K-002775,2025-04-25,1969,Lengfeld,BASIS,aktiv
2776,K-002776,2024-11-18,2002,Frauenland,OEPNV,aktiv
2777,K-002777,2023-05-01,1997,Altstadt,BASIS,aktiv
2778,K-002778,2023-02-26,2006,Frauenland,STUDENT,aktiv
2779,K-002779,2022-11-16,1989,Grombuehl,OEPNV,aktiv
2780,K-002780,2026-07-14,2001,Lengfeld,STUDENT,aktiv
2781,K-002781,2025-04-16,1985,Zellerau,OEPNV,aktiv
2782,K-002782,2025-07-02,1983,Frauenland,BASIS,aktiv
2783,K-002783,2024-01-18,1978,Heidingsfeld,BASIS,aktiv
2784,K-002784,2026-02-21,1983,Umland,BASIS,aktiv
2785,K-002785,2023-05-17,1961,Umland,BASIS,aktiv
2786,K-002786,2022-12-16,1966,Sanderau,BASIS,aktiv
2787,K-002787,2023-01-17,1974,Heidingsfeld,BASIS,aktiv
2788,K-002788,2023-11-02,1990,Zellerau,PREMIUM,aktiv
2789,K-002789,2023-04-13,1993,Zellerau,OEPNV,aktiv
2790,K-002790,2023-02-11,2005,Umland,STUDENT,aktiv
2791,K-002791,2024-10-21,1965,Sanderau,BASIS,aktiv
2792,K-002792,2023-03-18,1984,Frauenland,BASIS,aktiv
2793,K-002793,2022-10-28,1990,Grombuehl,BASIS,aktiv
2794,K-002794,2023-02-22,1981,Altstadt,OEPNV,aktiv
2795,K-002795,2025-11-29,1994,Zellerau,BASIS,aktiv
2796,K-002796,2023-03-31,1997,Heidingsfeld,OEPNV,aktiv
2797,K-002797,2026-04-17,1974,Altstadt,PREMIUM,aktiv
2798,K-002798,2023-10-16,1971,Sanderau,BASIS,aktiv
2799,K-002799,2022-08-21,2003,Grombuehl,STUDENT,aktiv
2800,K-002800,2023-06-21,1962,Sanderau,BASIS,aktiv
2801,K-002801,2025-07-26,1998,Heidingsfeld,BASIS,aktiv
2802,K-002802,2023-05-12,1995,Heidingsfeld,BASIS,aktiv
2803,K-002803,2023-04-26,1960,Heidingsfeld,BASIS,aktiv
2804,K-002804,2022-12-02,1988,Heidingsfeld,BASIS,aktiv
2805,K-002805,2023-08-22,2002,Grombuehl,OEPNV,aktiv
2806,K-002806,2022-10-07,1999,Zellerau,STUDENT,aktiv
2807,K-002807,2023-12-27,1956,Zellerau,BASIS,aktiv
2808,K-002808,2025-11-29,2000,Altstadt,BASIS,aktiv
2809,K-002809,2023-11-13,1960,Sanderau,PREMIUM,aktiv
2810,K-002810,2023-04-27,1979,Altstadt,OEPNV,aktiv
2811,K-002811,2023-04-26,1990,Heidingsfeld,BASIS,aktiv
2812,K-002812,2024-02-07,1989,Sanderau,OEPNV,aktiv
2813,K-002813,2025-02-13,1984,Lengfeld,OEPNV,aktiv
2814,K-002814,2023-12-15,2000,Grombuehl,OEPNV,aktiv
2815,K-002815,2024-12-09,1989,Sanderau,BASIS,aktiv
2816,K-002816,2026-05-30,2003,Heidingsfeld,BASIS,aktiv
2817,K-002817,2023-05-18,2003,Sanderau,STUDENT,aktiv
2818,K-002818,2022-08-29,1994,Sanderau,BASIS,aktiv
2819,K-002819,2024-10-29,1992,Umland,BASIS,aktiv
2820,K-002820,2024-11-14,2003,Zellerau,BASIS,aktiv
2821,K-002821,2023-09-26,1993,Lengfeld,PREMIUM,aktiv
2822,K-002822,2024-12-16,2004,Frauenland,BASIS,aktiv
2823,K-002823,2023-03-04,1962,Grombuehl,BASIS,aktiv
2824,K-002824,2023-08-26,1964,Frauenland,BASIS,aktiv
2825,K-002825,2023-07-23,1979,Zellerau,BASIS,aktiv
2826,K-002826,2025-08-02,1983,Grombuehl,BASIS,aktiv
2827,K-002827,2024-02-18,1985,Altstadt,BASIS,aktiv
2828,K-002828,2025-12-08,2002,Zellerau,STUDENT,aktiv
2829,K-002829,2024-09-12,2005,Grombuehl,BASIS,aktiv
2830,K-002830,2023-04-03,2006,Sanderau,STUDENT,aktiv
2831,K-002831,2022-12-10,1986,Frauenland,OEPNV,aktiv
2832,K-002832,2025-10-10,1956,Heidingsfeld,BASIS,aktiv
2833,K-002833,2026-05-27,2000,Umland,STUDENT,aktiv
2834,K-002834,2022-07-29,1984,Grombuehl,OEPNV,aktiv
2835,K-002835,2022-10-05,1964,Grombuehl,OEPNV,gesperrt
2836,K-002836,2024-04-28,1987,Versbach,BASIS,aktiv
2837,K-002837,2023-01-15,1984,Zellerau,BASIS,aktiv
2838,K-002838,2023-03-29,1967,Frauenland,BASIS,aktiv
2839,K-002839,2023-11-06,2003,Lengfeld,STUDENT,aktiv
2840,K-002840,2025-10-17,1995,Lengfeld,BASIS,aktiv
2841,K-002841,2023-07-15,2000,Lengfeld,STUDENT,aktiv
2842,K-002842,2024-11-20,1971,Zellerau,BASIS,aktiv
2843,K-002843,2023-03-09,1969,Lengfeld,BASIS,aktiv
2844,K-002844,2026-04-13,1992,Sanderau,BASIS,aktiv
2845,K-002845,2024-11-09,1993,Lengfeld,OEPNV,aktiv
2846,K-002846,2022-10-05,1962,Altstadt,BASIS,aktiv
2847,K-002847,2023-03-06,1964,Altstadt,PREMIUM,aktiv
2848,K-002848,2023-07-02,2001,Sanderau,BASIS,aktiv
2849,K-002849,2025-11-25,1995,Umland,BASIS,aktiv
2850,K-002850,2025-11-29,1998,Versbach,STUDENT,aktiv
2851,K-002851,2024-11-03,1999,Altstadt,BASIS,aktiv
2852,K-002852,2024-10-09,1969,Zellerau,BASIS,aktiv
2853,K-002853,2024-08-24,1989,Frauenland,BASIS,aktiv
2854,K-002854,2023-12-01,1972,Versbach,BASIS,aktiv
2855,K-002855,2025-09-26,1998,Heidingsfeld,PREMIUM,aktiv
2856,K-002856,2023-02-20,1989,Lengfeld,PREMIUM,aktiv
2857,K-002857,2023-08-11,1986,Versbach,BASIS,aktiv
2858,K-002858,2023-05-01,1966,Frauenland,BASIS,aktiv
2859,K-002859,2023-06-30,2002,Grombuehl,STUDENT,aktiv
2860,K-002860,2023-10-07,1982,Heidingsfeld,BASIS,aktiv
2861,K-002861,2023-04-17,1971,Versbach,PREMIUM,aktiv
2862,K-002862,2023-03-05,1974,Zellerau,BASIS,aktiv
2863,K-002863,2025-03-06,1965,Umland,PREMIUM,aktiv
2864,K-002864,2023-07-20,1995,Sanderau,OEPNV,aktiv
2865,K-002865,2022-09-24,1967,Frauenland,BASIS,aktiv
2866,K-002866,2023-04-16,2006,Grombuehl,STUDENT,gesperrt
2867,K-002867,2025-06-28,1976,Altstadt,PREMIUM,aktiv
2868,K-002868,2024-10-27,1961,Altstadt,OEPNV,aktiv
2869,K-002869,2023-01-19,1997,Frauenland,PREMIUM,gesperrt
2870,K-002870,2023-05-30,1983,Lengfeld,BASIS,aktiv
2871,K-002871,2023-09-19,1972,Altstadt,BASIS,aktiv
2872,K-002872,2026-05-03,2005,Lengfeld,BASIS,aktiv
2873,K-002873,2024-07-16,2001,Umland,STUDENT,aktiv
2874,K-002874,2022-10-06,1999,Umland,STUDENT,aktiv
2875,K-002875,2023-07-06,2003,Heidingsfeld,BASIS,aktiv
2876,K-002876,2023-06-22,2003,Versbach,BASIS,aktiv
2877,K-002877,2024-08-08,1998,Lengfeld,PREMIUM,aktiv
2878,K-002878,2024-11-22,2004,Frauenland,STUDENT,aktiv
2879,K-002879,2023-07-07,1979,Lengfeld,OEPNV,aktiv
2880,K-002880,2023-03-17,1972,Zellerau,BASIS,aktiv
2881,K-002881,2023-07-03,1976,Zellerau,OEPNV,aktiv
2882,K-002882,2025-02-01,1976,Grombuehl,BASIS,aktiv
2883,K-002883,2024-08-17,1988,Umland,OEPNV,aktiv
2884,K-002884,2024-06-01,1998,Umland,BASIS,aktiv
2885,K-002885,2022-09-12,1978,Versbach,BASIS,aktiv
2886,K-002886,2026-01-29,1982,Umland,OEPNV,aktiv
2887,K-002887,2024-05-15,1965,Frauenland,BASIS,aktiv
2888,K-002888,2024-08-24,1963,Frauenland,BASIS,aktiv
2889,K-002889,2025-11-25,1993,Altstadt,BASIS,aktiv
2890,K-002890,2024-12-22,1992,Versbach,OEPNV,aktiv
2891,K-002891,2024-10-19,2005,Heidingsfeld,STUDENT,aktiv
2892,K-002892,2023-02-26,1956,Altstadt,BASIS,gesperrt
2893,K-002893,2025-07-09,1991,Umland,PREMIUM,aktiv
2894,K-002894,2023-05-07,2005,Zellerau,BASIS,aktiv
2895,K-002895,2023-06-18,1966,Grombuehl,BASIS,aktiv
2896,K-002896,2024-12-10,2004,Umland,STUDENT,aktiv
2897,K-002897,2023-04-25,2006,Altstadt,STUDENT,aktiv
2898,K-002898,2022-12-15,1960,Grombuehl,BASIS,aktiv
2899,K-002899,2023-04-30,1989,Umland,OEPNV,aktiv
2900,K-002900,2024-04-14,1958,Frauenland,BASIS,aktiv
2901,K-002901,2025-04-10,1981,Lengfeld,OEPNV,aktiv
2902,K-002902,2024-07-13,1957,Sanderau,BASIS,aktiv
2903,K-002903,2022-08-02,2005,Grombuehl,STUDENT,aktiv
2904,K-002904,2023-07-23,1975,Sanderau,BASIS,aktiv
2905,K-002905,2023-02-19,1978,Lengfeld,BASIS,aktiv
2906,K-002906,2025-09-21,1997,Lengfeld,BASIS,aktiv
2907,K-002907,2023-04-21,1990,Altstadt,BASIS,aktiv
2908,K-002908,2024-06-29,2001,Frauenland,STUDENT,aktiv
2909,K-002909,2023-07-03,2002,Altstadt,STUDENT,aktiv
2910,K-002910,2025-10-29,1998,Versbach,STUDENT,aktiv
2911,K-002911,2023-07-30,2000,Heidingsfeld,BASIS,aktiv
2912,K-002912,2024-05-05,1988,Lengfeld,BASIS,aktiv
2913,K-002913,2024-08-18,1996,Lengfeld,OEPNV,aktiv
2914,K-002914,2022-12-09,1993,Heidingsfeld,PREMIUM,aktiv
2915,K-002915,2024-11-25,1964,Lengfeld,BASIS,aktiv
2916,K-002916,2022-10-16,1986,Umland,BASIS,aktiv
2917,K-002917,2022-12-16,1961,Sanderau,BASIS,aktiv
2918,K-002918,2022-07-28,1975,Umland,BASIS,aktiv
2919,K-002919,2024-06-08,1992,Zellerau,OEPNV,aktiv
2920,K-002920,2022-09-21,2001,Versbach,STUDENT,aktiv
2921,K-002921,2022-08-15,2005,Heidingsfeld,STUDENT,aktiv
2922,K-002922,2024-09-16,1972,Lengfeld,BASIS,aktiv
2923,K-002923,2023-12-06,1982,Sanderau,OEPNV,aktiv
2924,K-002924,2022-10-05,1978,Grombuehl,BASIS,aktiv
2925,K-002925,2026-04-10,1973,Heidingsfeld,BASIS,aktiv
2926,K-002926,2022-12-06,1998,Sanderau,OEPNV,aktiv
2927,K-002927,2024-06-18,1983,Altstadt,BASIS,aktiv
2928,K-002928,2024-08-19,2003,Umland,BASIS,aktiv
2929,K-002929,2022-09-04,2005,Heidingsfeld,BASIS,aktiv
2930,K-002930,2022-12-12,1999,Umland,BASIS,aktiv
2931,K-002931,2026-07-19,1973,Altstadt,BASIS,aktiv
2932,K-002932,2023-03-09,1977,Umland,BASIS,aktiv
2933,K-002933,2024-02-05,1999,Heidingsfeld,STUDENT,aktiv
2934,K-002934,2022-10-10,1987,Sanderau,BASIS,aktiv
2935,K-002935,2022-09-06,1978,Frauenland,BASIS,aktiv
2936,K-002936,2023-06-07,1977,Versbach,OEPNV,aktiv
2937,K-002937,2025-08-21,1957,Versbach,OEPNV,aktiv
2938,K-002938,2022-10-03,1988,Heidingsfeld,BASIS,aktiv
2939,K-002939,2024-10-03,2003,Versbach,BASIS,aktiv
2940,K-002940,2024-06-18,1991,Grombuehl,BASIS,aktiv
2941,K-002941,2023-07-29,2004,Zellerau,STUDENT,aktiv
2942,K-002942,2024-08-25,1985,Frauenland,OEPNV,aktiv
2943,K-002943,2025-03-05,2007,Heidingsfeld,STUDENT,aktiv
2944,K-002944,2023-09-07,1966,Umland,PREMIUM,aktiv
2945,K-002945,2023-12-02,1961,Versbach,BASIS,aktiv
2946,K-002946,2023-05-12,1955,Versbach,OEPNV,aktiv
2947,K-002947,2024-11-04,1959,Lengfeld,BASIS,aktiv
2948,K-002948,2023-02-02,1977,Altstadt,OEPNV,aktiv
2949,K-002949,2023-08-09,2002,Lengfeld,OEPNV,aktiv
2950,K-002950,2023-02-01,2003,Frauenland,BASIS,aktiv
2951,K-002951,2024-02-08,2006,Zellerau,BASIS,aktiv
2952,K-002952,2023-04-12,1973,Umland,BASIS,aktiv
2953,K-002953,2023-07-02,1998,Versbach,OEPNV,aktiv
2954,K-002954,2025-04-17,1992,Altstadt,OEPNV,aktiv
2955,K-002955,2023-12-13,1979,Heidingsfeld,BASIS,aktiv
2956,K-002956,2023-03-13,1977,Versbach,BASIS,aktiv
2957,K-002957,2025-10-24,1969,Zellerau,BASIS,aktiv
2958,K-002958,2022-10-12,1999,Umland,OEPNV,aktiv
2959,K-002959,2023-10-25,1964,Frauenland,OEPNV,aktiv
2960,K-002960,2022-10-21,2000,Sanderau,STUDENT,aktiv
2961,K-002961,2022-10-04,1980,Sanderau,BASIS,aktiv
2962,K-002962,2024-09-27,1998,Frauenland,BASIS,aktiv
2963,K-002963,2024-11-11,1956,Lengfeld,PREMIUM,aktiv
2964,K-002964,2025-07-11,1981,Sanderau,OEPNV,aktiv
2965,K-002965,2024-11-28,1962,Grombuehl,BASIS,aktiv
2966,K-002966,2024-03-18,1985,Versbach,BASIS,aktiv
2967,K-002967,2023-12-28,2000,Grombuehl,STUDENT,aktiv
2968,K-002968,2022-09-18,1990,Grombuehl,PREMIUM,aktiv
2969,K-002969,2025-12-01,1982,Heidingsfeld,BASIS,aktiv
2970,K-002970,2023-05-11,1985,Altstadt,BASIS,aktiv
2971,K-002971,2025-03-12,1998,Versbach,STUDENT,aktiv
2972,K-002972,2025-02-01,2001,Sanderau,STUDENT,aktiv
2973,K-002973,2024-02-11,2005,Umland,STUDENT,aktiv
2974,K-002974,2026-03-15,1979,Lengfeld,OEPNV,aktiv
2975,K-002975,2024-11-09,1987,Heidingsfeld,OEPNV,aktiv
2976,K-002976,2023-06-03,1998,Umland,STUDENT,aktiv
2977,K-002977,2023-10-08,1964,Zellerau,BASIS,aktiv
2978,K-002978,2023-04-14,1976,Altstadt,BASIS,aktiv
2979,K-002979,2023-06-02,2006,Altstadt,STUDENT,aktiv
2980,K-002980,2023-05-25,1999,Zellerau,BASIS,aktiv
2981,K-002981,2026-02-25,1995,Heidingsfeld,BASIS,aktiv
2982,K-002982,2022-09-02,1977,Grombuehl,BASIS,aktiv
2983,K-002983,2024-09-15,1990,Zellerau,PREMIUM,aktiv
2984,K-002984,2023-08-28,1985,Lengfeld,OEPNV,aktiv
2985,K-002985,2023-08-04,1983,Sanderau,BASIS,aktiv
2986,K-002986,2023-01-19,1996,Sanderau,OEPNV,aktiv
2987,K-002987,2024-05-12,1964,Sanderau,BASIS,gesperrt
2988,K-002988,2024-09-20,1978,Altstadt,BASIS,aktiv
2989,K-002989,2022-11-10,1973,Versbach,BASIS,aktiv
2990,K-002990,2025-12-07,1980,Sanderau,OEPNV,aktiv
2991,K-002991,2023-08-19,1970,Versbach,OEPNV,aktiv
2992,K-002992,2025-11-27,1999,Altstadt,BASIS,aktiv
2993,K-002993,2022-08-16,1993,Lengfeld,PREMIUM,aktiv
2994,K-002994,2023-04-26,1978,Grombuehl,OEPNV,aktiv
2995,K-002995,2023-04-03,1997,Versbach,BASIS,aktiv
2996,K-002996,2023-06-17,2004,Sanderau,OEPNV,aktiv
2997,K-002997,2023-05-16,1992,Versbach,PREMIUM,aktiv
2998,K-002998,2025-01-17,1965,Lengfeld,BASIS,aktiv
2999,K-002999,2024-06-18,1999,Grombuehl,STUDENT,aktiv
3000,K-003000,2023-02-24,1998,Grombuehl,BASIS,aktiv
3001,K-003001,2023-05-11,1972,Grombuehl,BASIS,aktiv
3002,K-003002,2024-08-05,1978,Umland,BASIS,aktiv
3003,K-003003,2023-01-25,1998,Zellerau,STUDENT,aktiv
3004,K-003004,2022-09-24,1982,Lengfeld,BASIS,aktiv
3005,K-003005,2025-06-01,1980,Versbach,PREMIUM,aktiv
3006,K-003006,2025-09-20,2004,Grombuehl,STUDENT,aktiv
3007,K-003007,2026-05-29,1955,Altstadt,OEPNV,aktiv
3008,K-003008,2026-01-19,1988,Versbach,BASIS,aktiv
3009,K-003009,2022-12-29,1961,Altstadt,BASIS,aktiv
3010,K-003010,2026-05-29,2002,Umland,BASIS,aktiv
3011,K-003011,2026-01-22,1983,Umland,PREMIUM,aktiv
3012,K-003012,2024-03-07,2000,Frauenland,STUDENT,aktiv
3013,K-003013,2023-03-29,2007,Altstadt,STUDENT,aktiv
3014,K-003014,2023-07-18,1986,Lengfeld,BASIS,aktiv
3015,K-003015,2023-10-16,1992,Umland,OEPNV,aktiv
3016,K-003016,2022-08-14,1961,Grombuehl,BASIS,aktiv
3017,K-003017,2023-04-20,1981,Altstadt,BASIS,aktiv
3018,K-003018,2023-06-28,1984,Sanderau,BASIS,aktiv
3019,K-003019,2023-09-02,1999,Frauenland,BASIS,aktiv
3020,K-003020,2022-08-06,2001,Versbach,STUDENT,aktiv
3021,K-003021,2025-11-29,2000,Sanderau,BASIS,aktiv
3022,K-003022,2024-01-29,1993,Zellerau,BASIS,aktiv
3023,K-003023,2026-02-25,2005,Versbach,BASIS,aktiv
3024,K-003024,2025-10-30,1976,Heidingsfeld,PREMIUM,aktiv
3025,K-003025,2025-02-06,1997,Umland,BASIS,aktiv
3026,K-003026,2022-11-12,2001,Altstadt,OEPNV,aktiv
3027,K-003027,2024-09-03,2004,Umland,BASIS,aktiv
3028,K-003028,2023-01-30,1965,Heidingsfeld,BASIS,aktiv
3029,K-003029,2023-02-01,1955,Lengfeld,BASIS,aktiv
3030,K-003030,2023-03-27,2007,Umland,STUDENT,aktiv
3031,K-003031,2024-07-07,1993,Lengfeld,OEPNV,aktiv
3032,K-003032,2022-08-21,2004,Grombuehl,BASIS,aktiv
3033,K-003033,2026-02-14,2006,Versbach,STUDENT,aktiv
3034,K-003034,2022-11-14,1989,Heidingsfeld,BASIS,aktiv
3035,K-003035,2025-09-18,1966,Heidingsfeld,OEPNV,aktiv
3036,K-003036,2025-07-15,2001,Zellerau,STUDENT,aktiv
3037,K-003037,2022-09-30,2003,Frauenland,STUDENT,aktiv
3038,K-003038,2022-12-04,1996,Umland,BASIS,aktiv
3039,K-003039,2024-03-02,1984,Versbach,OEPNV,aktiv
3040,K-003040,2023-06-05,1994,Lengfeld,BASIS,aktiv
3041,K-003041,2024-03-17,2001,Heidingsfeld,STUDENT,aktiv
3042,K-003042,2023-11-17,1978,Versbach,OEPNV,aktiv
3043,K-003043,2022-09-07,1956,Umland,BASIS,aktiv
3044,K-003044,2025-02-16,1956,Lengfeld,BASIS,aktiv
3045,K-003045,2023-08-28,1978,Versbach,OEPNV,aktiv
3046,K-003046,2022-08-10,1993,Lengfeld,PREMIUM,aktiv
3047,K-003047,2023-07-28,1999,Lengfeld,STUDENT,aktiv
3048,K-003048,2026-01-23,1992,Umland,STUDENT,aktiv
3049,K-003049,2022-12-27,1959,Lengfeld,PREMIUM,aktiv
3050,K-003050,2026-02-15,1988,Lengfeld,BASIS,aktiv
3051,K-003051,2023-05-16,1993,Umland,BASIS,aktiv
3052,K-003052,2025-02-17,1998,Lengfeld,BASIS,aktiv
3053,K-003053,2023-07-16,1990,Lengfeld,PREMIUM,aktiv
3054,K-003054,2025-09-03,1986,Grombuehl,BASIS,aktiv
3055,K-003055,2024-09-19,1975,Zellerau,PREMIUM,aktiv
3056,K-003056,2024-11-29,1986,Versbach,BASIS,aktiv
3057,K-003057,2022-08-06,2001,Grombuehl,STUDENT,aktiv
3058,K-003058,2024-12-16,1990,Sanderau,BASIS,aktiv
3059,K-003059,2024-04-08,1994,Versbach,PREMIUM,aktiv
3060,K-003060,2022-10-15,2003,Sanderau,STUDENT,aktiv
3061,K-003061,2024-04-05,2006,Sanderau,STUDENT,aktiv
3062,K-003062,2025-06-13,1980,Umland,PREMIUM,aktiv
3063,K-003063,2023-11-29,2003,Heidingsfeld,BASIS,aktiv
3064,K-003064,2022-11-11,1992,Lengfeld,BASIS,aktiv
3065,K-003065,2024-03-02,1989,Sanderau,PREMIUM,aktiv
3066,K-003066,2022-12-11,1991,Heidingsfeld,BASIS,aktiv
3067,K-003067,2025-09-30,2002,Umland,OEPNV,aktiv
3068,K-003068,2026-06-09,2002,Versbach,STUDENT,aktiv
3069,K-003069,2024-12-17,1991,Frauenland,OEPNV,aktiv
3070,K-003070,2025-07-13,1980,Umland,BASIS,aktiv
3071,K-003071,2024-12-14,1958,Heidingsfeld,STUDENT,aktiv
3072,K-003072,2022-09-28,2002,Frauenland,STUDENT,aktiv
3073,K-003073,2022-09-29,1959,Heidingsfeld,BASIS,aktiv
3074,K-003074,2022-11-29,2000,Heidingsfeld,STUDENT,aktiv
3075,K-003075,2022-10-20,1978,Versbach,BASIS,aktiv
3076,K-003076,2022-12-16,1982,Zellerau,OEPNV,aktiv
3077,K-003077,2025-12-27,1989,Sanderau,BASIS,aktiv
3078,K-003078,2022-11-01,1983,Sanderau,BASIS,aktiv
3079,K-003079,2025-10-22,2006,Sanderau,STUDENT,aktiv
3080,K-003080,2024-02-23,1999,Sanderau,BASIS,aktiv
3081,K-003081,2025-07-07,1981,Zellerau,PREMIUM,aktiv
3082,K-003082,2024-11-03,1977,Versbach,BASIS,aktiv
3083,K-003083,2022-10-21,1968,Zellerau,BASIS,aktiv
3084,K-003084,2024-10-11,1980,Heidingsfeld,OEPNV,aktiv
3085,K-003085,2023-03-19,1977,Grombuehl,BASIS,aktiv
3086,K-003086,2022-11-05,1966,Frauenland,BASIS,aktiv
3087,K-003087,2022-08-21,1999,Umland,STUDENT,aktiv
3088,K-003088,2023-05-24,1969,Heidingsfeld,BASIS,aktiv
3089,K-003089,2026-01-27,1958,Zellerau,BASIS,aktiv
3090,K-003090,2025-09-22,1959,Versbach,BASIS,aktiv
3091,K-003091,2023-12-30,1975,Heidingsfeld,OEPNV,aktiv
3092,K-003092,2024-05-21,1991,Umland,BASIS,aktiv
3093,K-003093,2023-02-04,1959,Grombuehl,OEPNV,aktiv
3094,K-003094,2023-03-25,1993,Sanderau,OEPNV,aktiv
3095,K-003095,2023-03-04,2007,Frauenland,STUDENT,aktiv
3096,K-003096,2025-09-09,1983,Versbach,OEPNV,aktiv
3097,K-003097,2026-02-18,1991,Umland,BASIS,aktiv
3098,K-003098,2023-06-16,1976,Zellerau,BASIS,aktiv
3099,K-003099,2023-06-20,2005,Heidingsfeld,STUDENT,aktiv
3100,K-003100,2022-12-23,2005,Umland,BASIS,aktiv
3101,K-003101,2026-02-03,1998,Heidingsfeld,PREMIUM,aktiv
3102,K-003102,2023-12-21,1993,Grombuehl,BASIS,aktiv
3103,K-003103,2025-05-10,1960,Sanderau,BASIS,aktiv
3104,K-003104,2023-02-03,2004,Umland,BASIS,aktiv
3105,K-003105,2024-10-15,1978,Heidingsfeld,BASIS,aktiv
3106,K-003106,2025-08-26,1990,Altstadt,PREMIUM,aktiv
3107,K-003107,2025-02-21,2003,Heidingsfeld,BASIS,gesperrt
3108,K-003108,2023-06-17,1984,Sanderau,BASIS,aktiv
3109,K-003109,2025-01-03,1966,Heidingsfeld,BASIS,aktiv
3110,K-003110,2023-06-01,1990,Grombuehl,BASIS,aktiv
3111,K-003111,2025-10-27,2004,Umland,BASIS,aktiv
3112,K-003112,2022-09-01,1966,Versbach,BASIS,aktiv
3113,K-003113,2022-09-20,2005,Versbach,STUDENT,aktiv
3114,K-003114,2023-02-01,1981,Zellerau,OEPNV,aktiv
3115,K-003115,2023-05-11,1986,Umland,PREMIUM,aktiv
3116,K-003116,2023-01-31,1957,Grombuehl,BASIS,aktiv
3117,K-003117,2024-07-14,1970,Sanderau,BASIS,aktiv
3118,K-003118,2025-12-25,1968,Altstadt,BASIS,aktiv
3119,K-003119,2026-01-10,1984,Sanderau,BASIS,aktiv
3120,K-003120,2025-03-20,1996,Lengfeld,BASIS,aktiv
3121,K-003121,2024-08-29,1981,Lengfeld,PREMIUM,aktiv
3122,K-003122,2024-11-29,1979,Altstadt,BASIS,aktiv
3123,K-003123,2023-01-06,1994,Sanderau,BASIS,aktiv
3124,K-003124,2025-07-18,1971,Altstadt,BASIS,aktiv
3125,K-003125,2026-01-15,1987,Heidingsfeld,BASIS,aktiv
3126,K-003126,2024-06-21,1975,Zellerau,BASIS,aktiv
3127,K-003127,2022-10-12,1996,Versbach,PREMIUM,aktiv
3128,K-003128,2025-06-15,1991,Altstadt,PREMIUM,aktiv
3129,K-003129,2026-06-28,1998,Lengfeld,OEPNV,aktiv
3130,K-003130,2025-02-04,1991,Umland,BASIS,aktiv
3131,K-003131,2025-10-24,1979,Versbach,BASIS,aktiv
3132,K-003132,2025-07-06,2003,Zellerau,STUDENT,aktiv
3133,K-003133,2026-06-27,1962,Heidingsfeld,BASIS,aktiv
3134,K-003134,2024-12-30,1959,Umland,STUDENT,aktiv
3135,K-003135,2026-03-05,1957,Sanderau,BASIS,aktiv
3136,K-003136,2025-07-06,1968,Lengfeld,BASIS,aktiv
3137,K-003137,2025-11-07,1976,Lengfeld,BASIS,aktiv
3138,K-003138,2024-11-21,2007,Grombuehl,STUDENT,aktiv
3139,K-003139,2025-11-04,1975,Umland,PREMIUM,aktiv
3140,K-003140,2022-10-24,1999,Versbach,STUDENT,aktiv
3141,K-003141,2023-01-14,2002,Versbach,BASIS,aktiv
3142,K-003142,2026-03-27,1986,Lengfeld,OEPNV,aktiv
3143,K-003143,2026-06-20,2005,Grombuehl,STUDENT,aktiv
3144,K-003144,2026-04-22,1982,Lengfeld,OEPNV,aktiv
3145,K-003145,2024-09-11,1977,Umland,STUDENT,aktiv
3146,K-003146,2024-07-14,1974,Lengfeld,OEPNV,aktiv
3147,K-003147,2023-07-04,1991,Sanderau,OEPNV,aktiv
3148,K-003148,2023-10-18,1992,Zellerau,BASIS,aktiv
3149,K-003149,2024-03-31,1973,Zellerau,OEPNV,aktiv
3150,K-003150,2023-03-13,1962,Zellerau,BASIS,aktiv
3151,K-003151,2022-09-02,1984,Zellerau,PREMIUM,aktiv
3152,K-003152,2025-07-20,1977,Versbach,OEPNV,aktiv
3153,K-003153,2022-12-06,1982,Sanderau,BASIS,aktiv
3154,K-003154,2025-12-25,1957,Sanderau,BASIS,aktiv
3155,K-003155,2023-12-13,1971,Zellerau,BASIS,aktiv
3156,K-003156,2022-08-12,1962,Grombuehl,BASIS,aktiv
3157,K-003157,2024-02-15,1989,Sanderau,OEPNV,aktiv
3158,K-003158,2023-07-09,1979,Zellerau,BASIS,aktiv
3159,K-003159,2024-03-27,1969,Frauenland,BASIS,aktiv
3160,K-003160,2025-12-15,1981,Versbach,BASIS,aktiv
3161,K-003161,2024-01-24,1990,Sanderau,PREMIUM,aktiv
3162,K-003162,2022-10-28,1999,Heidingsfeld,PREMIUM,aktiv
3163,K-003163,2023-01-14,1956,Altstadt,BASIS,aktiv
3164,K-003164,2023-03-04,1960,Frauenland,PREMIUM,aktiv
3165,K-003165,2022-12-07,2000,Heidingsfeld,STUDENT,aktiv
3166,K-003166,2023-08-27,1993,Grombuehl,PREMIUM,aktiv
3167,K-003167,2023-03-22,1989,Frauenland,BASIS,aktiv
3168,K-003168,2026-04-03,1978,Zellerau,BASIS,aktiv
3169,K-003169,2025-09-02,2002,Heidingsfeld,STUDENT,aktiv
3170,K-003170,2024-10-09,1994,Zellerau,BASIS,aktiv
3171,K-003171,2024-05-28,2000,Zellerau,BASIS,aktiv
3172,K-003172,2025-04-26,1983,Frauenland,BASIS,aktiv
3173,K-003173,2026-05-04,1955,Versbach,BASIS,aktiv
3174,K-003174,2022-09-07,2002,Grombuehl,OEPNV,aktiv
3175,K-003175,2023-08-10,1995,Lengfeld,OEPNV,aktiv
3176,K-003176,2025-09-14,1961,Sanderau,BASIS,aktiv
3177,K-003177,2022-12-23,1983,Grombuehl,BASIS,aktiv
3178,K-003178,2025-11-12,1996,Heidingsfeld,BASIS,aktiv
3179,K-003179,2025-10-04,1956,Sanderau,BASIS,aktiv
3180,K-003180,2026-02-12,1995,Versbach,BASIS,aktiv
3181,K-003181,2025-11-16,1993,Grombuehl,BASIS,gesperrt
3182,K-003182,2026-07-20,1958,Versbach,BASIS,aktiv
3183,K-003183,2024-06-27,2003,Grombuehl,BASIS,aktiv
3184,K-003184,2026-06-13,1987,Umland,PREMIUM,aktiv
3185,K-003185,2025-12-28,1986,Zellerau,OEPNV,aktiv
3186,K-003186,2023-03-30,1984,Versbach,PREMIUM,aktiv
3187,K-003187,2024-12-12,1993,Heidingsfeld,BASIS,aktiv
3188,K-003188,2023-07-21,2002,Frauenland,STUDENT,gesperrt
3189,K-003189,2023-05-09,1998,Frauenland,BASIS,aktiv
3190,K-003190,2023-08-05,1998,Frauenland,PREMIUM,aktiv
3191,K-003191,2023-06-01,1981,Heidingsfeld,PREMIUM,aktiv
3192,K-003192,2024-04-24,2002,Grombuehl,OEPNV,aktiv
3193,K-003193,2022-08-29,2005,Altstadt,PREMIUM,aktiv
3194,K-003194,2022-09-11,1998,Umland,PREMIUM,aktiv
3195,K-003195,2023-02-08,1990,Heidingsfeld,BASIS,aktiv
3196,K-003196,2024-02-23,1981,Lengfeld,PREMIUM,aktiv
3197,K-003197,2026-06-30,1988,Versbach,BASIS,aktiv
3198,K-003198,2023-05-18,2000,Lengfeld,BASIS,aktiv
3199,K-003199,2024-01-12,2006,Versbach,STUDENT,aktiv
3200,K-003200,2024-05-18,1995,Lengfeld,BASIS,aktiv
