wartungsauftrag_id,auftragsnummer,fahrrad_id,schadensmeldung_id,eroeffnet_am,erledigt_am,status,arbeitszeit_minuten
1,WA-00001,1,1,2022-08-12 08:09:00,2022-08-13 12:09:00,erledigt,31
2,WA-00002,1,2,2023-05-09 19:03:00,2023-05-09 19:03:00,erledigt,81
3,WA-00003,1,3,2023-09-19 18:46:00,2023-09-20 20:46:00,erledigt,71
4,WA-00004,1,4,2024-05-11 15:03:00,2024-05-12 19:03:00,erledigt,102
5,WA-00005,1,5,2024-09-08 15:08:00,2024-09-09 22:08:00,erledigt,69
6,WA-00006,1,6,2025-09-19 09:49:00,2025-09-21 13:49:00,erledigt,49
7,WA-00007,1,7,2026-05-25 17:01:00,2026-05-27 00:01:00,erledigt,47
8,WA-00008,2,8,2022-07-16 16:11:00,2022-07-16 19:11:00,erledigt,53
9,WA-00009,2,9,2023-01-02 04:47:00,2023-01-03 10:47:00,erledigt,34
10,WA-00010,2,10,2024-05-12 04:43:00,2024-05-14 07:43:00,erledigt,36
11,WA-00011,2,11,2025-04-11 14:33:00,2025-04-11 16:33:00,erledigt,142
12,WA-00012,2,12,2025-09-11 14:30:00,2025-09-14 15:30:00,erledigt,58
13,WA-00013,3,13,2023-05-31 21:50:00,2023-05-31 22:50:00,erledigt,15
14,WA-00014,3,14,2023-07-03 12:39:00,2023-07-05 12:39:00,erledigt,57
15,WA-00015,3,15,2024-09-17 19:37:00,2024-09-18 02:37:00,erledigt,171
16,WA-00016,3,16,2025-05-28 14:03:00,2025-05-28 19:03:00,erledigt,147
17,WA-00017,3,17,2025-12-04 08:15:00,2025-12-05 08:15:00,erledigt,68
18,WA-00018,4,18,2022-07-25 16:01:00,2022-07-25 22:01:00,erledigt,179
19,WA-00019,4,19,2023-04-25 05:51:00,2023-04-25 10:51:00,erledigt,179
20,WA-00020,4,20,2023-10-03 18:05:00,2023-10-05 23:05:00,erledigt,24
21,WA-00021,4,21,2024-06-07 00:42:00,2024-06-07 04:42:00,erledigt,19
22,WA-00022,4,22,2025-09-08 16:08:00,2025-09-08 20:08:00,erledigt,134
23,WA-00023,4,23,2026-03-13 01:45:00,2026-03-15 04:45:00,erledigt,33
24,WA-00024,5,24,2022-07-26 18:40:00,2022-07-28 01:40:00,erledigt,121
25,WA-00025,5,25,2023-03-15 04:13:00,2023-03-16 09:13:00,erledigt,75
26,WA-00026,5,26,2023-12-30 12:36:00,2024-01-01 15:36:00,erledigt,40
27,WA-00027,5,27,2024-08-14 07:10:00,2024-08-18 12:10:00,erledigt,37
28,WA-00028,5,28,2025-06-21 20:37:00,2025-06-21 21:37:00,erledigt,15
29,WA-00029,6,29,2022-10-11 06:25:00,2022-10-12 08:25:00,erledigt,20
30,WA-00030,6,30,2023-05-04 22:32:00,2023-05-09 01:32:00,erledigt,29
31,WA-00031,6,31,2023-09-02 08:02:00,2023-09-02 11:02:00,erledigt,86
32,WA-00032,6,32,2024-08-17 07:51:00,2024-08-17 10:51:00,erledigt,128
33,WA-00033,6,33,2025-07-09 10:28:00,2025-07-10 17:28:00,erledigt,171
34,WA-00034,6,34,2026-01-17 12:14:00,2026-01-18 14:14:00,erledigt,11
35,WA-00035,7,35,2022-11-10 07:10:00,2022-11-12 15:10:00,erledigt,30
36,WA-00036,7,36,2023-07-05 13:54:00,2023-07-07 13:54:00,erledigt,37
37,WA-00037,7,37,2023-09-24 00:03:00,2023-09-27 03:03:00,erledigt,86
38,WA-00038,7,38,2025-04-27 04:55:00,2025-04-30 11:55:00,erledigt,71
39,WA-00039,7,39,2026-07-03 18:48:00,2026-07-04 02:48:00,erledigt,91
40,WA-00040,8,40,2022-05-19 14:58:00,2022-05-20 22:58:00,erledigt,99
41,WA-00041,8,41,2023-03-19 10:55:00,2023-03-22 14:55:00,erledigt,80
42,WA-00042,8,42,2023-12-28 21:01:00,2023-12-29 22:01:00,erledigt,26
43,WA-00043,8,43,2024-07-03 19:56:00,2024-07-06 02:56:00,erledigt,35
44,WA-00044,8,44,2025-01-23 21:28:00,2025-01-25 23:28:00,erledigt,21
45,WA-00045,8,45,2025-10-17 17:15:00,2025-10-17 21:15:00,erledigt,95
46,WA-00046,9,46,2022-09-12 15:59:00,2022-09-15 15:59:00,erledigt,47
47,WA-00047,9,47,2023-11-02 09:22:00,2023-11-04 09:22:00,erledigt,29
48,WA-00048,9,48,2024-07-06 12:37:00,2024-07-06 18:37:00,erledigt,13
49,WA-00049,9,49,2025-12-14 07:11:00,2025-12-16 11:11:00,erledigt,28
50,WA-00050,9,50,2026-05-15 11:11:00,2026-05-18 15:11:00,erledigt,51
51,WA-00051,10,51,2022-11-16 02:38:00,2022-11-18 05:38:00,erledigt,52
52,WA-00052,10,52,2023-10-13 03:51:00,2023-10-13 10:51:00,erledigt,114
53,WA-00053,10,53,2024-09-04 07:17:00,2024-09-05 11:17:00,erledigt,48
54,WA-00054,10,54,2025-08-12 01:14:00,2025-08-12 07:14:00,erledigt,46
55,WA-00055,11,55,2022-12-19 13:14:00,2022-12-19 15:14:00,erledigt,159
56,WA-00056,11,56,2023-08-12 10:59:00,2023-08-12 13:59:00,erledigt,104
57,WA-00057,11,57,2024-04-26 21:23:00,2024-04-28 00:23:00,erledigt,10
58,WA-00058,11,58,2024-10-18 18:25:00,2024-10-21 01:25:00,erledigt,27
59,WA-00059,11,59,2025-07-13 21:42:00,2025-07-15 05:42:00,erledigt,60
60,WA-00060,11,60,2025-08-28 16:57:00,2025-08-29 00:57:00,erledigt,14
61,WA-00061,11,61,2026-04-17 19:09:00,2026-04-19 19:09:00,erledigt,17
62,WA-00062,12,62,2022-09-13 22:20:00,2022-09-14 22:20:00,erledigt,153
63,WA-00063,12,63,2023-05-21 16:48:00,2023-05-21 16:48:00,erledigt,171
64,WA-00064,12,64,2023-10-22 01:24:00,2023-10-23 05:24:00,erledigt,149
65,WA-00065,12,65,2024-08-28 02:02:00,2024-08-28 07:02:00,erledigt,53
66,WA-00066,12,66,2025-05-16 23:54:00,2025-05-20 06:54:00,erledigt,27
67,WA-00067,12,67,2025-07-13 16:39:00,2025-07-15 17:39:00,erledigt,58
68,WA-00068,13,68,2023-01-04 21:47:00,2023-01-09 01:47:00,erledigt,76
69,WA-00069,13,69,2023-03-17 23:30:00,2023-03-20 04:30:00,erledigt,30
70,WA-00070,13,70,2024-03-12 04:48:00,2024-03-15 06:48:00,erledigt,54
71,WA-00071,13,71,2024-09-23 20:23:00,2024-09-26 01:23:00,erledigt,68
72,WA-00072,13,72,2025-11-14 22:56:00,2025-11-16 00:56:00,erledigt,79
73,WA-00073,14,73,2021-09-23 15:28:00,2021-09-26 23:28:00,erledigt,32
74,WA-00074,14,74,2022-06-17 07:00:00,2022-06-20 10:00:00,erledigt,51
75,WA-00075,14,75,2023-04-19 17:18:00,2023-04-23 21:18:00,erledigt,87
76,WA-00076,14,76,2024-02-28 05:21:00,2024-02-29 07:21:00,erledigt,117
77,WA-00077,14,77,2025-04-15 12:44:00,2025-04-15 12:44:00,erledigt,48
78,WA-00078,14,78,2025-10-09 00:11:00,2025-10-09 07:11:00,erledigt,157
79,WA-00079,15,79,2022-08-18 02:43:00,2022-08-22 10:43:00,erledigt,85
80,WA-00080,15,80,2022-11-04 19:07:00,2022-11-04 19:07:00,erledigt,129
81,WA-00081,15,81,2024-03-15 00:43:00,2024-03-16 03:43:00,erledigt,149
82,WA-00082,15,82,2024-04-11 13:16:00,2024-04-11 14:16:00,erledigt,25
83,WA-00083,15,83,2024-08-18 20:16:00,2024-08-18 21:16:00,erledigt,28
84,WA-00084,15,84,2025-05-12 17:51:00,2025-05-15 00:51:00,erledigt,16
85,WA-00085,15,85,2025-09-02 17:12:00,2025-09-04 22:12:00,erledigt,22
86,WA-00086,16,86,2023-06-03 05:03:00,2023-06-03 09:03:00,erledigt,124
87,WA-00087,16,87,2024-03-10 14:40:00,2024-03-14 20:40:00,erledigt,80
88,WA-00088,16,88,2024-10-18 00:51:00,2024-10-20 07:51:00,erledigt,68
89,WA-00089,16,89,2025-08-03 08:04:00,2025-08-04 15:04:00,erledigt,53
90,WA-00090,16,90,2026-07-04 23:38:00,2026-07-06 05:38:00,erledigt,123
91,WA-00091,17,91,2021-09-13 01:21:00,2021-09-14 06:21:00,erledigt,41
92,WA-00092,17,92,2022-07-25 01:42:00,2022-07-25 07:42:00,erledigt,117
93,WA-00093,17,93,2023-07-10 15:31:00,2023-07-13 18:31:00,erledigt,34
94,WA-00094,17,94,2024-04-12 23:07:00,2024-04-14 00:07:00,erledigt,116
95,WA-00095,17,95,2025-08-01 12:18:00,2025-08-03 18:18:00,erledigt,89
96,WA-00096,17,96,2026-06-27 03:35:00,2026-06-29 08:35:00,erledigt,25
97,WA-00097,18,97,2022-07-06 22:20:00,2022-07-09 06:20:00,erledigt,34
98,WA-00098,18,98,2023-07-14 11:50:00,2023-07-15 12:50:00,erledigt,66
99,WA-00099,18,99,2023-12-14 07:25:00,2023-12-17 12:25:00,erledigt,59
100,WA-00100,18,100,2024-08-07 12:41:00,2024-08-08 17:41:00,erledigt,81
101,WA-00101,18,101,2025-06-15 01:29:00,2025-06-18 08:29:00,erledigt,57
102,WA-00102,18,102,2026-06-26 06:31:00,2026-06-29 06:31:00,erledigt,79
103,WA-00103,19,103,2022-02-23 20:47:00,2022-02-25 02:47:00,erledigt,65
104,WA-00104,19,104,2022-07-19 18:23:00,2022-07-22 01:23:00,erledigt,33
105,WA-00105,19,105,2023-02-16 07:29:00,2023-02-16 15:29:00,erledigt,27
106,WA-00106,19,106,2023-07-14 18:50:00,2023-07-16 00:50:00,erledigt,13
107,WA-00107,19,107,2024-07-15 12:02:00,2024-07-16 17:02:00,erledigt,112
108,WA-00108,19,108,2025-08-09 17:37:00,2025-08-13 18:37:00,erledigt,50
109,WA-00109,20,109,2022-06-27 22:33:00,2022-06-28 01:33:00,erledigt,64
110,WA-00110,20,110,2023-05-29 13:00:00,2023-06-01 13:00:00,erledigt,41
111,WA-00111,20,111,2024-02-12 21:28:00,2024-02-16 04:28:00,erledigt,36
112,WA-00112,20,112,2024-12-05 04:31:00,2024-12-07 05:31:00,erledigt,68
113,WA-00113,20,113,2025-06-24 16:46:00,2025-06-25 20:46:00,erledigt,87
114,WA-00114,20,114,2025-11-02 06:54:00,2025-11-03 14:54:00,erledigt,86
115,WA-00115,21,115,2022-09-13 21:26:00,2022-09-15 02:26:00,erledigt,162
116,WA-00116,21,116,2023-06-08 20:47:00,2023-06-10 20:47:00,erledigt,33
117,WA-00117,21,117,2024-01-25 03:24:00,2024-01-26 09:24:00,erledigt,66
118,WA-00118,21,118,2025-07-06 04:39:00,2025-07-07 04:39:00,erledigt,65
119,WA-00119,21,119,2026-06-04 01:38:00,2026-06-05 04:38:00,erledigt,137
120,WA-00120,22,120,2022-06-18 15:33:00,2022-06-20 21:33:00,erledigt,21
121,WA-00121,22,121,2022-06-18 20:15:00,2022-06-18 22:15:00,erledigt,27
122,WA-00122,22,122,2023-05-16 16:00:00,2023-05-17 22:00:00,erledigt,82
123,WA-00123,22,123,2023-12-22 05:21:00,2023-12-22 05:21:00,erledigt,27
124,WA-00124,22,124,2024-09-20 14:32:00,2024-09-20 17:32:00,erledigt,45
125,WA-00125,22,125,2025-08-08 03:53:00,2025-08-09 09:53:00,erledigt,17
126,WA-00126,23,126,2022-06-26 12:10:00,2022-06-26 18:10:00,erledigt,111
127,WA-00127,23,127,2023-01-29 19:32:00,2023-02-02 23:32:00,erledigt,68
128,WA-00128,23,128,2023-07-06 22:13:00,2023-07-08 01:13:00,erledigt,59
129,WA-00129,23,129,2024-09-06 20:29:00,2024-09-07 23:29:00,erledigt,15
130,WA-00130,23,130,2025-06-15 06:28:00,2025-06-19 13:28:00,erledigt,35
131,WA-00131,24,131,2023-05-30 21:17:00,2023-06-03 02:17:00,erledigt,54
132,WA-00132,24,132,2023-09-04 06:36:00,2023-09-04 11:36:00,erledigt,109
133,WA-00133,24,133,2024-09-06 06:36:00,2024-09-06 13:36:00,erledigt,144
134,WA-00134,24,134,2025-04-24 13:52:00,2025-04-25 17:52:00,erledigt,46
135,WA-00135,24,135,2026-04-20 18:37:00,2026-04-21 22:37:00,erledigt,99
136,WA-00136,25,136,2022-07-16 11:15:00,2022-07-20 18:15:00,erledigt,48
137,WA-00137,25,137,2023-07-16 02:07:00,2023-07-16 04:07:00,erledigt,30
138,WA-00138,25,138,2024-03-20 12:39:00,2024-03-24 20:39:00,erledigt,63
139,WA-00139,25,139,2025-03-12 15:05:00,2025-03-12 17:05:00,erledigt,153
140,WA-00140,25,140,2025-08-07 16:17:00,2025-08-07 22:17:00,erledigt,95
141,WA-00141,25,141,2026-08-03 23:19:00,2026-08-08 05:19:00,erledigt,40
142,WA-00142,26,142,2023-06-13 00:34:00,2023-06-16 04:34:00,erledigt,69
143,WA-00143,26,143,2023-07-11 01:44:00,2023-07-13 05:44:00,erledigt,64
144,WA-00144,26,144,2024-03-10 13:01:00,2024-03-11 13:01:00,erledigt,26
145,WA-00145,26,145,2024-07-21 11:33:00,2024-07-22 11:33:00,erledigt,28
146,WA-00146,27,146,2022-02-11 16:40:00,2022-02-13 00:40:00,erledigt,32
147,WA-00147,27,147,2022-10-27 16:03:00,2022-10-30 18:03:00,erledigt,56
148,WA-00148,27,148,2023-08-21 13:46:00,2023-08-21 21:46:00,erledigt,19
149,WA-00149,27,149,2024-09-05 16:27:00,2024-09-07 16:27:00,erledigt,26
150,WA-00150,27,150,2025-05-17 15:31:00,2025-05-17 20:31:00,erledigt,180
151,WA-00151,27,151,2025-11-07 15:25:00,2025-11-09 21:25:00,erledigt,17
152,WA-00152,28,152,2023-06-26 01:30:00,2023-06-28 03:30:00,erledigt,26
153,WA-00153,28,153,2023-10-27 21:22:00,2023-10-31 00:22:00,erledigt,85
154,WA-00154,28,154,2024-10-05 07:57:00,2024-10-06 07:57:00,erledigt,69
155,WA-00155,28,155,2025-06-30 06:14:00,2025-07-01 11:14:00,erledigt,26
156,WA-00156,28,156,2026-04-24 03:20:00,2026-04-28 04:20:00,erledigt,31
157,WA-00157,29,157,2022-08-21 00:53:00,2022-08-24 04:53:00,erledigt,48
158,WA-00158,29,158,2023-05-10 08:17:00,2023-05-11 09:17:00,erledigt,47
159,WA-00159,29,159,2023-07-31 04:20:00,2023-08-02 10:20:00,erledigt,31
160,WA-00160,29,160,2025-04-23 03:43:00,2025-04-24 10:43:00,erledigt,16
161,WA-00161,29,161,2025-06-29 12:27:00,2025-07-02 15:27:00,erledigt,90
162,WA-00162,30,162,2022-06-27 13:03:00,2022-06-28 20:03:00,erledigt,75
163,WA-00163,30,163,2023-09-17 20:23:00,2023-09-21 04:23:00,erledigt,89
164,WA-00164,30,164,2024-06-14 16:37:00,2024-06-15 21:37:00,erledigt,12
165,WA-00165,30,165,2025-06-12 15:36:00,2025-06-15 18:36:00,erledigt,72
166,WA-00166,31,166,2023-05-05 10:25:00,2023-05-06 10:25:00,erledigt,35
167,WA-00167,31,167,2023-07-03 00:36:00,2023-07-04 06:36:00,erledigt,118
168,WA-00168,31,168,2024-02-04 23:46:00,2024-02-05 06:46:00,erledigt,86
169,WA-00169,31,169,2025-05-15 18:09:00,2025-05-16 20:09:00,erledigt,67
170,WA-00170,31,170,2026-04-21 16:39:00,2026-04-22 00:39:00,erledigt,60
171,WA-00171,32,171,2022-09-07 13:34:00,2022-09-08 19:34:00,erledigt,18
172,WA-00172,32,172,2023-09-08 21:53:00,2023-09-09 00:53:00,erledigt,161
173,WA-00173,32,173,2023-12-12 22:50:00,2023-12-16 00:50:00,erledigt,36
174,WA-00174,32,174,2025-07-13 02:22:00,2025-07-13 04:22:00,erledigt,14
175,WA-00175,32,175,2026-07-16 21:34:00,2026-07-20 23:34:00,erledigt,68
176,WA-00176,33,176,2021-11-19 08:34:00,2021-11-21 08:34:00,erledigt,22
177,WA-00177,33,177,2022-12-30 08:18:00,2022-12-31 09:18:00,erledigt,22
178,WA-00178,33,178,2023-05-28 19:30:00,2023-05-29 20:30:00,erledigt,51
179,WA-00179,33,179,2023-10-20 17:18:00,2023-10-20 20:18:00,erledigt,179
180,WA-00180,33,180,2025-02-09 13:33:00,2025-02-12 15:33:00,erledigt,49
181,WA-00181,33,181,2025-11-02 16:47:00,2025-11-02 23:47:00,erledigt,119
182,WA-00182,33,182,2026-06-16 23:27:00,2026-06-18 05:27:00,erledigt,132
183,WA-00183,34,183,2023-03-19 17:35:00,2023-03-20 23:35:00,erledigt,68
184,WA-00184,34,184,2023-07-06 22:11:00,2023-07-08 22:11:00,erledigt,16
185,WA-00185,34,185,2024-06-24 02:32:00,2024-06-28 07:32:00,erledigt,73
186,WA-00186,34,186,2025-07-19 13:10:00,2025-07-20 15:10:00,erledigt,45
187,WA-00187,34,187,2025-11-13 14:43:00,2025-11-16 16:43:00,erledigt,81
188,WA-00188,35,188,2023-05-25 10:37:00,2023-05-29 18:37:00,erledigt,87
189,WA-00189,35,189,2023-10-11 07:30:00,2023-10-12 14:30:00,erledigt,137
190,WA-00190,35,190,2024-06-27 15:29:00,2024-06-27 19:29:00,erledigt,26
191,WA-00191,35,191,2025-04-19 11:04:00,2025-04-20 16:04:00,erledigt,77
192,WA-00192,35,192,2025-10-22 22:29:00,2025-10-27 05:29:00,erledigt,31
193,WA-00193,35,193,2026-03-01 13:57:00,2026-03-02 19:57:00,erledigt,151
194,WA-00194,36,194,2022-07-11 15:24:00,2022-07-12 20:24:00,erledigt,80
195,WA-00195,36,195,2023-06-24 20:33:00,2023-06-25 03:33:00,erledigt,108
196,WA-00196,36,196,2023-11-24 01:58:00,2023-11-25 01:58:00,erledigt,92
197,WA-00197,36,197,2024-09-26 23:33:00,2024-09-29 06:33:00,erledigt,61
198,WA-00198,36,198,2025-04-14 01:17:00,2025-04-15 06:17:00,erledigt,63
199,WA-00199,36,199,2025-08-06 14:26:00,2025-08-08 14:26:00,erledigt,66
200,WA-00200,37,200,2023-04-02 07:20:00,2023-04-03 15:20:00,erledigt,67
201,WA-00201,37,201,2023-10-02 20:42:00,2023-10-02 21:42:00,erledigt,109
202,WA-00202,37,202,2024-08-20 10:31:00,2024-08-24 10:31:00,erledigt,51
203,WA-00203,37,203,2025-04-10 10:24:00,2025-04-11 17:24:00,erledigt,27
204,WA-00204,37,204,2026-03-16 22:51:00,2026-03-19 06:51:00,erledigt,29
205,WA-00205,38,205,2022-03-29 22:59:00,2022-04-03 06:59:00,erledigt,89
206,WA-00206,38,206,2022-08-02 17:09:00,2022-08-03 18:09:00,erledigt,27
207,WA-00207,38,207,2022-09-21 10:55:00,2022-09-23 17:55:00,erledigt,29
208,WA-00208,38,208,2023-06-16 01:29:00,2023-06-17 04:29:00,erledigt,31
209,WA-00209,38,209,2024-06-11 09:42:00,2024-06-12 12:42:00,erledigt,106
210,WA-00210,38,210,2024-08-21 09:51:00,2024-08-22 15:51:00,erledigt,31
211,WA-00211,38,211,2025-08-16 23:16:00,2025-08-18 05:16:00,erledigt,17
212,WA-00212,39,212,2022-11-04 22:51:00,2022-11-07 01:51:00,erledigt,44
213,WA-00213,39,213,2023-06-16 22:14:00,2023-06-17 04:14:00,erledigt,158
214,WA-00214,39,214,2024-06-11 17:39:00,2024-06-12 23:39:00,erledigt,56
215,WA-00215,39,215,2024-08-20 23:59:00,2024-08-21 02:59:00,erledigt,132
216,WA-00216,39,216,2025-02-24 22:59:00,2025-03-01 05:59:00,erledigt,37
217,WA-00217,39,217,2025-12-30 12:19:00,2025-12-31 12:19:00,erledigt,173
218,WA-00218,40,218,2022-04-26 19:18:00,2022-04-26 19:18:00,erledigt,177
219,WA-00219,40,219,2022-06-21 22:51:00,2022-06-22 05:51:00,erledigt,24
220,WA-00220,40,220,2022-09-08 19:35:00,2022-09-10 00:35:00,erledigt,137
221,WA-00221,40,221,2023-04-29 09:03:00,2023-04-29 17:03:00,erledigt,19
222,WA-00222,40,222,2023-12-30 07:26:00,2023-12-31 07:26:00,erledigt,46
223,WA-00223,40,223,2024-07-04 03:11:00,2024-07-05 11:11:00,erledigt,21
224,WA-00224,40,224,2025-04-27 10:44:00,2025-04-29 11:44:00,erledigt,33
225,WA-00225,40,225,2025-10-31 21:56:00,2025-11-05 01:56:00,erledigt,43
226,WA-00226,41,226,2022-11-16 09:56:00,2022-11-20 12:56:00,erledigt,85
227,WA-00227,41,227,2023-08-30 06:03:00,2023-08-30 10:03:00,erledigt,32
228,WA-00228,41,228,2024-07-03 00:20:00,2024-07-04 07:20:00,erledigt,58
229,WA-00229,41,229,2024-07-27 21:09:00,2024-07-30 23:09:00,erledigt,62
230,WA-00230,41,230,2025-06-25 10:34:00,2025-06-27 12:34:00,erledigt,28
231,WA-00231,42,231,2022-07-27 04:33:00,2022-07-27 12:33:00,erledigt,98
232,WA-00232,42,232,2023-09-12 09:25:00,2023-09-15 12:25:00,erledigt,76
233,WA-00233,42,233,2023-12-23 21:05:00,2023-12-25 21:05:00,erledigt,28
234,WA-00234,42,234,2024-08-20 04:04:00,2024-08-21 12:04:00,erledigt,22
235,WA-00235,42,235,2025-08-19 22:34:00,2025-08-20 00:34:00,erledigt,145
236,WA-00236,42,236,2025-12-13 06:19:00,2025-12-15 13:19:00,erledigt,26
237,WA-00237,43,237,2023-05-15 20:45:00,2023-05-17 04:45:00,erledigt,73
238,WA-00238,43,238,2023-10-09 20:50:00,2023-10-09 21:50:00,erledigt,66
239,WA-00239,43,239,2025-04-30 23:38:00,2025-05-01 05:38:00,erledigt,153
240,WA-00240,44,240,2022-07-05 01:32:00,2022-07-08 05:32:00,erledigt,46
241,WA-00241,44,241,2023-04-23 11:25:00,2023-04-23 16:25:00,erledigt,67
242,WA-00242,44,242,2023-08-31 20:48:00,2023-09-02 21:48:00,erledigt,23
243,WA-00243,44,243,2024-07-02 01:20:00,2024-07-02 02:20:00,erledigt,100
244,WA-00244,44,244,2025-03-30 20:16:00,2025-04-01 00:16:00,erledigt,33
245,WA-00245,44,245,2025-09-26 02:24:00,2025-09-27 07:24:00,erledigt,48
246,WA-00246,44,246,2026-08-05 07:19:00,2026-08-05 15:19:00,erledigt,24
247,WA-00247,45,247,2022-03-18 16:22:00,2022-03-18 20:22:00,erledigt,17
248,WA-00248,45,248,2023-09-25 06:28:00,2023-09-26 13:28:00,erledigt,59
249,WA-00249,45,249,2024-07-08 21:49:00,2024-07-12 23:49:00,erledigt,57
250,WA-00250,45,250,2025-10-12 22:37:00,2025-10-16 02:37:00,erledigt,86
251,WA-00251,45,251,2026-04-27 04:12:00,2026-04-27 08:12:00,erledigt,92
252,WA-00252,46,252,2022-07-28 02:52:00,2022-07-29 08:52:00,erledigt,33
253,WA-00253,46,253,2023-04-13 08:22:00,2023-04-13 16:22:00,erledigt,127
254,WA-00254,46,254,2024-06-06 06:28:00,2024-06-07 12:28:00,erledigt,136
255,WA-00255,46,255,2025-06-29 15:13:00,2025-06-29 17:13:00,erledigt,93
256,WA-00256,47,256,2022-08-12 10:33:00,2022-08-13 16:33:00,erledigt,22
257,WA-00257,47,257,2023-11-08 10:23:00,2023-11-09 14:23:00,erledigt,165
258,WA-00258,47,258,2025-01-31 00:28:00,2025-02-03 02:28:00,erledigt,37
259,WA-00259,48,259,2022-10-11 14:33:00,2022-10-11 21:33:00,erledigt,88
260,WA-00260,48,260,2023-05-06 00:50:00,2023-05-09 04:50:00,erledigt,89
261,WA-00261,48,261,2023-07-24 20:53:00,2023-07-25 21:53:00,erledigt,115
262,WA-00262,48,262,2024-01-23 04:09:00,2024-01-25 06:09:00,erledigt,31
263,WA-00263,48,263,2024-08-29 03:38:00,2024-08-29 10:38:00,erledigt,109
264,WA-00264,48,264,2025-12-21 17:31:00,2025-12-24 23:31:00,erledigt,71
265,WA-00265,48,265,2026-08-20 01:25:00,2026-08-21 04:25:00,erledigt,57
266,WA-00266,49,266,2022-08-04 05:17:00,2022-08-05 13:17:00,erledigt,56
267,WA-00267,49,267,2023-07-10 21:44:00,2023-07-12 04:44:00,erledigt,154
268,WA-00268,49,268,2023-10-03 04:33:00,2023-10-03 12:33:00,erledigt,104
269,WA-00269,49,269,2024-09-15 17:39:00,2024-09-16 19:39:00,erledigt,66
270,WA-00270,49,270,2025-05-31 07:38:00,2025-06-01 10:38:00,erledigt,71
271,WA-00271,49,271,2025-11-18 03:17:00,2025-11-21 08:17:00,erledigt,84
272,WA-00272,50,272,2022-05-28 16:51:00,2022-05-30 18:51:00,erledigt,22
273,WA-00273,50,273,2022-07-12 19:35:00,2022-07-13 03:35:00,erledigt,115
274,WA-00274,50,274,2023-04-15 01:57:00,2023-04-16 07:57:00,erledigt,80
275,WA-00275,50,275,2024-02-29 08:24:00,2024-02-29 11:24:00,erledigt,133
276,WA-00276,50,276,2024-12-01 01:26:00,2024-12-01 03:26:00,erledigt,28
277,WA-00277,51,277,2022-11-14 15:15:00,2022-11-18 16:15:00,erledigt,72
278,WA-00278,51,278,2023-08-03 21:51:00,2023-08-07 23:51:00,erledigt,47
279,WA-00279,51,279,2024-03-22 18:43:00,2024-03-24 01:43:00,erledigt,20
280,WA-00280,51,280,2025-04-09 20:55:00,2025-04-10 00:55:00,erledigt,125
281,WA-00281,51,281,2026-05-11 08:38:00,2026-05-11 15:38:00,erledigt,59
282,WA-00282,52,282,2022-05-24 04:01:00,2022-05-24 09:01:00,erledigt,23
283,WA-00283,52,283,2023-01-13 13:27:00,2023-01-15 17:27:00,erledigt,33
284,WA-00284,52,284,2023-07-02 20:17:00,2023-07-04 22:17:00,erledigt,24
285,WA-00285,52,285,2023-12-16 17:14:00,2023-12-17 19:14:00,erledigt,53
286,WA-00286,52,286,2024-10-22 10:08:00,2024-10-22 11:08:00,erledigt,173
287,WA-00287,52,287,2025-07-06 04:18:00,2025-07-08 07:18:00,erledigt,61
288,WA-00288,52,288,2025-12-31 08:26:00,2026-01-01 14:26:00,erledigt,25
289,WA-00289,53,289,2023-01-02 20:44:00,2023-01-06 22:44:00,erledigt,64
290,WA-00290,53,290,2023-05-17 21:01:00,2023-05-21 05:01:00,erledigt,50
291,WA-00291,53,291,2023-09-26 19:27:00,2023-09-28 03:27:00,erledigt,168
292,WA-00292,53,292,2024-07-31 20:10:00,2024-08-05 03:10:00,erledigt,45
293,WA-00293,53,293,2026-04-12 01:53:00,2026-04-13 06:53:00,erledigt,72
294,WA-00294,54,294,2022-07-27 19:14:00,2022-07-29 21:14:00,erledigt,16
295,WA-00295,54,295,2022-11-23 15:38:00,2022-11-24 15:38:00,erledigt,36
296,WA-00296,54,296,2024-01-10 05:52:00,2024-01-12 07:52:00,erledigt,31
297,WA-00297,54,297,2024-06-29 07:48:00,2024-06-30 10:48:00,erledigt,31
298,WA-00298,54,298,2025-07-11 18:59:00,2025-07-13 00:59:00,erledigt,158
299,WA-00299,54,299,2026-06-02 03:08:00,2026-06-03 05:08:00,erledigt,32
300,WA-00300,55,300,2022-08-09 22:32:00,2022-08-13 01:32:00,erledigt,33
301,WA-00301,55,301,2023-06-03 20:15:00,2023-06-04 22:15:00,erledigt,53
302,WA-00302,55,302,2023-08-01 21:13:00,2023-08-02 00:13:00,erledigt,125
303,WA-00303,55,303,2024-05-19 22:09:00,2024-05-21 06:09:00,erledigt,35
304,WA-00304,55,304,2025-05-09 02:02:00,2025-05-09 09:02:00,erledigt,15
305,WA-00305,55,305,2025-07-23 13:18:00,2025-07-25 20:18:00,erledigt,11
306,WA-00306,55,306,2026-01-13 00:08:00,2026-01-14 05:08:00,erledigt,152
307,WA-00307,56,307,2023-02-11 14:24:00,2023-02-12 22:24:00,erledigt,112
308,WA-00308,56,308,2024-03-13 05:46:00,2024-03-13 06:46:00,erledigt,90
309,WA-00309,56,309,2024-10-18 20:30:00,2024-10-19 21:30:00,erledigt,89
310,WA-00310,56,310,2025-07-12 13:04:00,2025-07-13 16:04:00,erledigt,65
311,WA-00311,57,311,2022-09-02 06:07:00,2022-09-03 10:07:00,erledigt,139
312,WA-00312,57,312,2023-06-17 20:32:00,2023-06-20 02:32:00,erledigt,63
313,WA-00313,57,313,2023-11-25 16:42:00,2023-11-25 20:42:00,erledigt,27
314,WA-00314,57,314,2024-09-28 07:44:00,2024-09-28 15:44:00,erledigt,139
315,WA-00315,57,315,2025-06-06 14:10:00,2025-06-10 15:10:00,erledigt,83
316,WA-00316,57,316,2026-06-25 02:39:00,2026-06-25 05:39:00,erledigt,175
317,WA-00317,58,317,2022-07-28 19:51:00,2022-07-29 19:51:00,erledigt,66
318,WA-00318,58,318,2023-06-08 11:17:00,2023-06-09 11:17:00,erledigt,12
319,WA-00319,58,319,2023-09-12 01:49:00,2023-09-13 07:49:00,erledigt,20
320,WA-00320,58,320,2024-07-01 20:03:00,2024-07-03 04:03:00,erledigt,123
321,WA-00321,58,321,2025-05-17 01:51:00,2025-05-19 05:51:00,erledigt,40
322,WA-00322,58,322,2025-08-02 17:42:00,2025-08-02 21:42:00,erledigt,18
323,WA-00323,59,323,2023-04-10 17:27:00,2023-04-11 20:27:00,erledigt,33
324,WA-00324,59,324,2023-08-02 13:59:00,2023-08-02 16:59:00,erledigt,174
325,WA-00325,59,325,2025-03-05 00:17:00,2025-03-06 05:17:00,erledigt,163
326,WA-00326,59,326,2025-10-09 18:04:00,2025-10-09 19:04:00,erledigt,180
327,WA-00327,59,327,2026-07-05 11:24:00,2026-07-06 13:24:00,erledigt,16
328,WA-00328,60,328,2022-09-01 21:12:00,2022-09-04 00:12:00,erledigt,14
329,WA-00329,60,329,2023-05-20 09:23:00,2023-05-22 16:23:00,erledigt,30
330,WA-00330,60,330,2023-09-18 16:19:00,2023-09-22 19:19:00,erledigt,68
331,WA-00331,60,331,2024-09-16 17:55:00,2024-09-16 20:55:00,erledigt,136
332,WA-00332,60,332,2025-12-15 02:45:00,2025-12-16 06:45:00,erledigt,73
333,WA-00333,60,333,2026-08-02 04:12:00,2026-08-02 07:12:00,erledigt,59
334,WA-00334,61,334,2022-08-07 08:49:00,2022-08-08 09:49:00,erledigt,131
335,WA-00335,61,335,2023-06-08 05:51:00,2023-06-10 06:51:00,erledigt,33
336,WA-00336,61,336,2023-10-13 19:00:00,2023-10-13 23:00:00,erledigt,106
337,WA-00337,61,337,2024-08-14 04:14:00,2024-08-15 12:14:00,erledigt,92
338,WA-00338,62,338,2022-11-01 20:45:00,2022-11-02 04:45:00,erledigt,118
339,WA-00339,62,339,2023-10-04 21:59:00,2023-10-04 21:59:00,erledigt,106
340,WA-00340,62,340,2024-07-05 05:07:00,2024-07-06 08:07:00,erledigt,54
341,WA-00341,62,341,2025-05-07 21:50:00,2025-05-09 04:50:00,erledigt,107
342,WA-00342,62,342,2026-01-28 21:56:00,2026-01-30 00:56:00,erledigt,157
343,WA-00343,62,343,2026-07-11 01:13:00,2026-07-12 02:13:00,erledigt,43
344,WA-00344,63,344,2022-04-29 17:14:00,2022-04-30 20:14:00,erledigt,76
345,WA-00345,63,345,2023-06-11 01:29:00,2023-06-11 03:29:00,erledigt,170
346,WA-00346,63,346,2024-05-21 20:27:00,2024-05-22 02:27:00,erledigt,18
347,WA-00347,63,347,2024-07-21 11:52:00,2024-07-21 19:52:00,erledigt,138
348,WA-00348,63,348,2025-04-25 17:07:00,2025-04-27 17:07:00,erledigt,29
349,WA-00349,63,349,2026-03-13 10:53:00,2026-03-14 13:53:00,erledigt,138
350,WA-00350,63,350,2026-07-18 04:05:00,2026-07-20 10:05:00,erledigt,30
351,WA-00351,64,351,2022-09-10 09:09:00,2022-09-10 12:09:00,erledigt,16
352,WA-00352,64,352,2024-06-01 09:20:00,2024-06-03 14:20:00,erledigt,39
353,WA-00353,64,353,2024-11-21 04:05:00,2024-11-21 09:05:00,erledigt,14
354,WA-00354,64,354,2026-08-11 06:24:00,2026-08-12 12:24:00,erledigt,115
355,WA-00355,65,355,2023-04-21 03:37:00,2023-04-24 05:37:00,erledigt,37
356,WA-00356,65,356,2023-07-21 05:55:00,2023-07-22 11:55:00,erledigt,21
357,WA-00357,65,357,2024-09-02 17:04:00,2024-09-03 18:04:00,erledigt,83
358,WA-00358,65,358,2025-04-05 00:02:00,2025-04-05 08:02:00,erledigt,90
359,WA-00359,65,359,2026-03-02 03:37:00,2026-03-04 09:37:00,erledigt,26
360,WA-00360,66,360,2022-08-12 05:00:00,2022-08-12 08:00:00,erledigt,55
361,WA-00361,66,361,2023-05-01 04:10:00,2023-05-03 11:10:00,erledigt,29
362,WA-00362,66,362,2023-07-23 00:09:00,2023-07-23 02:09:00,erledigt,68
363,WA-00363,66,363,2024-10-10 03:47:00,2024-10-10 11:47:00,erledigt,154
364,WA-00364,66,364,2024-12-16 15:11:00,2024-12-19 17:11:00,erledigt,53
365,WA-00365,66,365,2025-07-21 09:11:00,2025-07-21 09:11:00,erledigt,162
366,WA-00366,66,366,2026-01-30 21:07:00,2026-02-04 05:07:00,erledigt,60
367,WA-00367,66,367,2026-06-30 18:23:00,2026-07-03 00:23:00,erledigt,50
368,WA-00368,67,368,2022-07-31 00:11:00,2022-08-02 04:11:00,erledigt,35
369,WA-00369,67,369,2023-09-17 05:39:00,2023-09-17 06:39:00,erledigt,127
370,WA-00370,67,370,2024-05-15 20:39:00,2024-05-16 21:39:00,erledigt,72
371,WA-00371,67,371,2025-08-09 09:13:00,2025-08-09 17:13:00,erledigt,118
372,WA-00372,67,372,2026-04-19 15:04:00,2026-04-22 17:04:00,erledigt,67
373,WA-00373,68,373,2022-12-25 15:07:00,2022-12-26 18:07:00,erledigt,13
374,WA-00374,68,374,2023-09-19 14:38:00,2023-09-20 18:38:00,erledigt,69
375,WA-00375,68,375,2024-08-18 08:20:00,2024-08-22 10:20:00,erledigt,68
376,WA-00376,68,376,2024-09-03 18:36:00,2024-09-05 20:36:00,erledigt,77
377,WA-00377,68,377,2026-05-26 21:13:00,2026-05-27 22:13:00,erledigt,81
378,WA-00378,69,378,2022-12-06 20:19:00,2022-12-07 01:19:00,erledigt,67
379,WA-00379,69,379,2023-06-02 18:47:00,2023-06-03 02:47:00,erledigt,82
380,WA-00380,69,380,2023-09-30 18:14:00,2023-09-30 23:14:00,erledigt,32
381,WA-00381,69,381,2024-08-19 03:46:00,2024-08-20 04:46:00,erledigt,32
382,WA-00382,69,382,2025-09-27 08:26:00,2025-09-29 08:26:00,erledigt,75
383,WA-00383,69,383,2025-10-30 17:51:00,2025-11-03 18:51:00,erledigt,72
384,WA-00384,69,384,2026-07-13 10:48:00,2026-07-15 13:48:00,erledigt,26
385,WA-00385,69,385,2026-08-24 14:20:00,,in_arbeit,
386,WA-00386,70,386,2023-01-05 04:39:00,2023-01-06 09:39:00,erledigt,70
387,WA-00387,70,387,2023-06-08 08:26:00,2023-06-08 16:26:00,erledigt,21
388,WA-00388,70,388,2024-03-02 05:55:00,2024-03-03 13:55:00,erledigt,26
389,WA-00389,70,389,2024-08-24 22:11:00,2024-08-25 03:11:00,erledigt,27
390,WA-00390,70,390,2025-06-24 13:15:00,2025-06-25 15:15:00,erledigt,153
391,WA-00391,71,391,2022-08-12 11:44:00,2022-08-12 19:44:00,erledigt,21
392,WA-00392,71,392,2023-02-25 01:03:00,2023-02-27 03:03:00,erledigt,14
393,WA-00393,71,393,2024-07-08 03:03:00,2024-07-09 09:03:00,erledigt,84
394,WA-00394,71,394,2024-12-03 05:45:00,2024-12-06 08:45:00,erledigt,72
395,WA-00395,71,395,2025-06-30 22:48:00,2025-07-01 06:48:00,erledigt,93
396,WA-00396,72,396,2023-01-02 19:34:00,2023-01-04 01:34:00,erledigt,112
397,WA-00397,72,397,2023-09-05 13:02:00,2023-09-06 14:02:00,erledigt,133
398,WA-00398,72,398,2024-05-22 01:34:00,2024-05-22 05:34:00,erledigt,22
399,WA-00399,72,399,2024-08-25 20:11:00,2024-08-25 21:11:00,erledigt,13
400,WA-00400,72,400,2025-05-11 15:56:00,2025-05-11 21:56:00,erledigt,78
401,WA-00401,72,401,2026-07-07 05:39:00,2026-07-08 13:39:00,erledigt,118
402,WA-00402,73,402,2022-10-05 13:17:00,2022-10-05 18:17:00,erledigt,57
403,WA-00403,73,403,2023-10-14 02:46:00,2023-10-14 04:46:00,erledigt,131
404,WA-00404,73,404,2024-05-14 19:26:00,2024-05-15 20:26:00,erledigt,143
405,WA-00405,73,405,2025-09-13 04:59:00,2025-09-17 06:59:00,erledigt,39
406,WA-00406,73,406,2026-01-13 03:03:00,2026-01-14 03:03:00,erledigt,87
407,WA-00407,73,407,2026-08-17 00:33:00,2026-08-20 03:33:00,erledigt,57
408,WA-00408,74,408,2022-07-26 16:35:00,2022-07-27 16:35:00,erledigt,67
409,WA-00409,74,409,2023-06-01 10:41:00,2023-06-02 11:41:00,erledigt,98
410,WA-00410,74,410,2024-04-05 01:23:00,2024-04-06 02:23:00,erledigt,65
411,WA-00411,74,411,2024-07-08 21:53:00,2024-07-11 02:53:00,erledigt,88
412,WA-00412,74,412,2025-06-19 16:33:00,2025-06-19 17:33:00,erledigt,77
413,WA-00413,75,413,2023-02-11 09:18:00,2023-02-11 10:18:00,erledigt,32
414,WA-00414,75,414,2023-07-07 04:57:00,2023-07-07 08:57:00,erledigt,25
415,WA-00415,75,415,2024-04-11 09:05:00,2024-04-12 15:05:00,erledigt,121
416,WA-00416,75,416,2024-06-26 08:07:00,2024-06-26 09:07:00,erledigt,163
417,WA-00417,75,417,2025-09-03 18:43:00,2025-09-04 21:43:00,erledigt,12
418,WA-00418,76,418,2022-10-06 19:59:00,2022-10-08 02:59:00,erledigt,27
419,WA-00419,76,419,2023-06-27 21:52:00,2023-06-29 01:52:00,erledigt,153
420,WA-00420,76,420,2024-02-21 22:05:00,2024-02-23 06:05:00,erledigt,105
421,WA-00421,76,421,2024-09-28 03:38:00,2024-09-28 04:38:00,erledigt,103
422,WA-00422,76,422,2025-08-13 21:13:00,2025-08-14 23:13:00,erledigt,31
423,WA-00423,76,423,2025-12-11 12:13:00,2025-12-13 12:13:00,erledigt,20
424,WA-00424,77,424,2022-06-20 17:02:00,2022-06-24 23:02:00,erledigt,32
425,WA-00425,77,425,2023-07-05 11:19:00,2023-07-07 11:19:00,erledigt,64
426,WA-00426,77,426,2024-05-17 03:01:00,2024-05-17 04:01:00,erledigt,89
427,WA-00427,77,427,2025-04-18 16:17:00,2025-04-18 20:17:00,erledigt,93
428,WA-00428,77,428,2026-07-03 23:00:00,2026-07-05 03:00:00,erledigt,32
429,WA-00429,78,429,2022-07-12 23:47:00,2022-07-15 01:47:00,erledigt,18
430,WA-00430,78,430,2022-10-29 00:11:00,2022-10-29 03:11:00,erledigt,20
431,WA-00431,78,431,2023-08-14 23:43:00,2023-08-15 23:43:00,erledigt,84
432,WA-00432,78,432,2023-09-11 20:26:00,2023-09-12 04:26:00,erledigt,29
433,WA-00433,78,433,2024-08-12 21:12:00,2024-08-12 23:12:00,erledigt,144
434,WA-00434,78,434,2025-08-08 12:46:00,2025-08-08 18:46:00,erledigt,30
435,WA-00435,78,435,2026-05-25 04:11:00,2026-05-27 06:11:00,erledigt,30
436,WA-00436,79,436,2022-07-21 12:18:00,2022-07-23 18:18:00,erledigt,61
437,WA-00437,79,437,2023-08-17 04:28:00,2023-08-17 05:28:00,erledigt,81
438,WA-00438,79,438,2024-06-10 18:58:00,2024-06-12 19:58:00,erledigt,34
439,WA-00439,79,439,2025-03-24 17:42:00,2025-03-25 20:42:00,erledigt,82
440,WA-00440,80,440,2022-03-16 05:58:00,2022-03-18 10:58:00,erledigt,88
441,WA-00441,80,441,2023-01-05 16:32:00,2023-01-05 23:32:00,erledigt,49
442,WA-00442,80,442,2023-06-02 11:00:00,2023-06-03 12:00:00,erledigt,40
443,WA-00443,80,443,2023-09-25 14:31:00,2023-09-27 19:31:00,erledigt,13
444,WA-00444,80,444,2024-10-22 15:58:00,2024-10-24 22:58:00,erledigt,88
445,WA-00445,80,445,2025-06-06 17:08:00,2025-06-09 18:08:00,erledigt,78
446,WA-00446,81,446,2023-07-04 05:23:00,2023-07-05 06:23:00,erledigt,68
447,WA-00447,81,447,2023-09-17 20:42:00,2023-09-19 00:42:00,erledigt,31
448,WA-00448,81,448,2024-09-09 10:25:00,2024-09-13 14:25:00,erledigt,46
449,WA-00449,81,449,2025-05-05 21:27:00,2025-05-07 00:27:00,erledigt,28
450,WA-00450,81,450,2025-10-02 21:28:00,2025-10-06 21:28:00,erledigt,36
451,WA-00451,81,451,2026-08-14 03:57:00,2026-08-14 10:57:00,erledigt,164
452,WA-00452,82,452,2022-09-28 13:19:00,2022-09-28 15:19:00,erledigt,56
453,WA-00453,82,453,2023-10-14 18:57:00,2023-10-14 23:57:00,erledigt,34
454,WA-00454,82,454,2024-07-24 06:29:00,2024-07-26 10:29:00,erledigt,77
455,WA-00455,82,455,2026-03-14 02:37:00,2026-03-15 06:37:00,erledigt,87
456,WA-00456,82,456,2026-04-25 21:42:00,2026-04-27 05:42:00,erledigt,19
457,WA-00457,82,457,2026-05-24 09:27:00,2026-05-24 14:27:00,erledigt,13
458,WA-00458,83,458,2022-02-15 06:34:00,2022-02-18 11:34:00,erledigt,66
459,WA-00459,83,459,2022-12-09 09:25:00,2022-12-12 17:25:00,erledigt,65
460,WA-00460,83,460,2023-03-23 13:59:00,2023-03-23 14:59:00,erledigt,20
461,WA-00461,83,461,2024-02-07 08:11:00,2024-02-07 12:11:00,erledigt,136
462,WA-00462,83,462,2025-04-03 18:22:00,2025-04-06 01:22:00,erledigt,43
463,WA-00463,83,463,2026-02-27 02:41:00,2026-02-27 02:41:00,erledigt,86
464,WA-00464,83,464,2026-07-31 04:51:00,2026-08-01 11:51:00,erledigt,105
465,WA-00465,84,465,2022-09-14 06:40:00,2022-09-14 08:40:00,erledigt,25
466,WA-00466,84,466,2023-07-05 08:05:00,2023-07-07 15:05:00,erledigt,32
467,WA-00467,84,467,2025-02-18 00:01:00,2025-02-19 00:01:00,erledigt,18
468,WA-00468,84,468,2026-02-15 08:51:00,2026-02-16 14:51:00,erledigt,88
469,WA-00469,84,469,2026-08-19 16:45:00,2026-08-23 16:45:00,erledigt,72
470,WA-00470,85,470,2022-07-13 11:53:00,2022-07-16 12:53:00,erledigt,29
471,WA-00471,85,471,2022-08-31 18:49:00,2022-09-02 01:49:00,erledigt,25
472,WA-00472,85,472,2023-07-04 06:36:00,2023-07-06 13:36:00,erledigt,71
473,WA-00473,85,473,2024-07-14 07:52:00,2024-07-15 15:52:00,erledigt,109
474,WA-00474,85,474,2025-07-25 17:59:00,2025-07-26 19:59:00,erledigt,13
475,WA-00475,85,475,2026-05-07 22:32:00,2026-05-08 23:32:00,erledigt,84
476,WA-00476,86,476,2023-01-12 07:57:00,2023-01-16 10:57:00,erledigt,34
477,WA-00477,86,477,2023-10-16 03:26:00,2023-10-16 08:26:00,erledigt,68
478,WA-00478,86,478,2025-05-30 13:04:00,2025-05-31 15:04:00,erledigt,71
479,WA-00479,87,479,2022-05-22 20:14:00,2022-05-23 20:14:00,erledigt,35
480,WA-00480,87,480,2022-10-27 14:02:00,2022-10-29 16:02:00,erledigt,84
481,WA-00481,87,481,2023-05-24 12:37:00,2023-05-25 15:37:00,erledigt,59
482,WA-00482,87,482,2023-09-05 22:27:00,2023-09-08 22:27:00,erledigt,80
483,WA-00483,87,483,2024-05-04 18:34:00,2024-05-06 00:34:00,erledigt,122
484,WA-00484,87,484,2025-02-24 02:43:00,2025-02-25 03:43:00,erledigt,11
485,WA-00485,87,485,2025-10-09 15:38:00,2025-10-11 15:38:00,erledigt,34
486,WA-00486,87,486,2026-07-08 02:02:00,2026-07-09 03:02:00,erledigt,58
487,WA-00487,88,487,2022-10-11 20:28:00,2022-10-13 03:28:00,erledigt,81
488,WA-00488,88,488,2023-07-10 19:40:00,2023-07-11 01:40:00,erledigt,20
489,WA-00489,88,489,2023-12-28 05:04:00,2023-12-29 12:04:00,erledigt,60
490,WA-00490,88,490,2024-05-19 13:41:00,2024-05-19 21:41:00,erledigt,23
491,WA-00491,88,491,2025-06-01 22:15:00,2025-06-03 01:15:00,erledigt,64
492,WA-00492,89,492,2022-09-08 21:18:00,2022-09-10 03:18:00,erledigt,46
493,WA-00493,89,493,2023-03-14 11:51:00,2023-03-17 13:51:00,erledigt,90
494,WA-00494,89,494,2023-07-14 12:13:00,2023-07-14 18:13:00,erledigt,51
495,WA-00495,89,495,2024-02-20 17:34:00,2024-02-21 23:34:00,erledigt,18
496,WA-00496,89,496,2025-04-23 18:17:00,2025-04-25 01:17:00,erledigt,63
497,WA-00497,89,497,2025-08-10 05:24:00,2025-08-11 06:24:00,erledigt,176
498,WA-00498,89,498,2026-04-26 02:35:00,2026-04-27 03:35:00,erledigt,45
499,WA-00499,90,499,2022-12-29 12:39:00,2022-12-29 18:39:00,erledigt,107
500,WA-00500,90,500,2023-09-01 17:23:00,2023-09-02 01:23:00,erledigt,33
501,WA-00501,90,501,2024-09-18 12:35:00,2024-09-19 13:35:00,erledigt,11
502,WA-00502,90,502,2025-07-04 01:52:00,2025-07-04 09:52:00,erledigt,118
503,WA-00503,91,503,2023-01-25 23:13:00,2023-01-27 00:13:00,erledigt,153
504,WA-00504,91,504,2023-05-29 09:00:00,2023-06-01 10:00:00,erledigt,41
505,WA-00505,91,505,2024-02-21 23:09:00,2024-02-22 07:09:00,erledigt,83
506,WA-00506,91,506,2024-10-24 20:16:00,2024-10-27 21:16:00,erledigt,53
507,WA-00507,91,507,2025-08-11 20:28:00,2025-08-13 00:28:00,erledigt,45
508,WA-00508,91,508,2025-10-12 17:07:00,2025-10-13 19:07:00,erledigt,57
509,WA-00509,92,509,2023-01-28 23:18:00,2023-01-30 02:18:00,erledigt,127
510,WA-00510,92,510,2023-09-29 03:33:00,2023-10-01 07:33:00,erledigt,34
511,WA-00511,92,511,2024-06-29 05:58:00,2024-06-30 12:58:00,erledigt,82
512,WA-00512,92,512,2025-02-15 00:19:00,2025-02-18 08:19:00,erledigt,33
513,WA-00513,92,513,2025-08-15 01:08:00,2025-08-17 06:08:00,erledigt,30
514,WA-00514,92,514,2026-04-26 22:36:00,2026-04-28 04:36:00,erledigt,47
515,WA-00515,93,515,2022-10-02 14:11:00,2022-10-02 20:11:00,erledigt,157
516,WA-00516,93,516,2023-06-21 13:38:00,2023-06-24 16:38:00,erledigt,75
517,WA-00517,93,517,2023-07-15 18:59:00,2023-07-15 20:59:00,erledigt,22
518,WA-00518,93,518,2024-05-14 16:33:00,2024-05-16 19:33:00,erledigt,73
519,WA-00519,93,519,2025-03-11 01:53:00,2025-03-12 03:53:00,erledigt,91
520,WA-00520,93,520,2026-05-23 17:27:00,2026-05-27 19:27:00,erledigt,79
521,WA-00521,94,521,2022-07-25 11:14:00,2022-07-25 14:14:00,erledigt,14
522,WA-00522,94,522,2023-03-03 01:37:00,2023-03-05 02:37:00,erledigt,61
523,WA-00523,94,523,2023-09-26 17:02:00,2023-10-01 01:02:00,erledigt,56
524,WA-00524,94,524,2025-02-20 14:13:00,2025-02-21 20:13:00,erledigt,50
525,WA-00525,94,525,2025-08-20 20:03:00,2025-08-23 22:03:00,erledigt,65
526,WA-00526,94,526,2026-04-26 05:39:00,2026-04-28 08:39:00,erledigt,90
527,WA-00527,95,527,2022-11-05 03:45:00,2022-11-05 03:45:00,erledigt,65
528,WA-00528,95,528,2023-01-11 11:55:00,2023-01-13 15:55:00,erledigt,20
529,WA-00529,95,529,2023-07-15 18:35:00,2023-07-17 19:35:00,erledigt,11
530,WA-00530,95,530,2024-10-08 21:50:00,2024-10-09 04:50:00,erledigt,60
531,WA-00531,95,531,2025-12-16 04:46:00,2025-12-17 09:46:00,erledigt,100
532,WA-00532,96,532,2023-09-18 15:17:00,2023-09-19 18:17:00,erledigt,63
533,WA-00533,96,533,2024-05-18 21:13:00,2024-05-21 01:13:00,erledigt,67
534,WA-00534,96,534,2025-04-09 17:44:00,2025-04-10 17:44:00,erledigt,10
535,WA-00535,96,535,2025-08-15 19:07:00,2025-08-17 00:07:00,erledigt,29
536,WA-00536,96,536,2026-06-06 20:03:00,2026-06-08 01:03:00,erledigt,141
537,WA-00537,96,537,2026-07-10 19:32:00,2026-07-13 01:32:00,erledigt,25
538,WA-00538,97,538,2022-08-06 15:27:00,2022-08-07 19:27:00,erledigt,18
539,WA-00539,97,539,2023-06-18 10:26:00,2023-06-18 14:26:00,erledigt,59
540,WA-00540,97,540,2023-10-25 18:58:00,2023-10-27 22:58:00,erledigt,29
541,WA-00541,97,541,2024-11-08 14:47:00,2024-11-09 22:47:00,erledigt,48
542,WA-00542,97,542,2025-12-11 18:40:00,2025-12-11 23:40:00,erledigt,111
543,WA-00543,98,543,2022-06-21 00:59:00,2022-06-21 05:59:00,erledigt,51
544,WA-00544,98,544,2023-04-14 02:44:00,2023-04-14 06:44:00,erledigt,141
545,WA-00545,98,545,2023-12-22 14:11:00,2023-12-22 17:11:00,erledigt,20
546,WA-00546,98,546,2025-05-14 02:31:00,2025-05-15 09:31:00,erledigt,44
547,WA-00547,98,547,2025-06-04 19:34:00,2025-06-04 22:34:00,erledigt,18
548,WA-00548,98,548,2026-03-11 07:56:00,2026-03-13 14:56:00,erledigt,29
549,WA-00549,99,549,2023-05-26 02:22:00,2023-05-26 10:22:00,erledigt,29
550,WA-00550,99,550,2023-10-15 19:26:00,2023-10-16 20:26:00,erledigt,166
551,WA-00551,99,551,2024-06-24 05:05:00,2024-06-24 13:05:00,erledigt,22
552,WA-00552,99,552,2024-10-19 01:50:00,2024-10-21 06:50:00,erledigt,15
553,WA-00553,99,553,2026-03-07 05:39:00,2026-03-08 09:39:00,erledigt,56
554,WA-00554,100,554,2023-05-09 19:14:00,2023-05-10 01:14:00,erledigt,48
555,WA-00555,100,555,2023-09-18 00:51:00,2023-09-19 07:51:00,erledigt,26
556,WA-00556,100,556,2024-08-21 05:26:00,2024-08-22 10:26:00,erledigt,84
557,WA-00557,100,557,2025-05-06 08:07:00,2025-05-09 12:07:00,erledigt,52
558,WA-00558,100,558,2025-07-10 22:57:00,2025-07-11 03:57:00,erledigt,35
559,WA-00559,100,559,2026-04-18 23:13:00,2026-04-20 04:13:00,erledigt,36
560,WA-00560,100,560,2026-07-07 11:23:00,2026-07-07 13:23:00,erledigt,27
561,WA-00561,101,561,2022-09-07 00:53:00,2022-09-08 07:53:00,erledigt,140
562,WA-00562,101,562,2023-04-13 16:20:00,2023-04-16 21:20:00,erledigt,76
563,WA-00563,101,563,2023-10-14 21:36:00,2023-10-15 01:36:00,erledigt,152
564,WA-00564,101,564,2024-07-18 20:59:00,2024-07-22 03:59:00,erledigt,30
565,WA-00565,101,565,2025-02-04 18:45:00,2025-02-06 02:45:00,erledigt,25
566,WA-00566,101,566,2025-07-24 23:42:00,2025-07-27 02:42:00,erledigt,15
567,WA-00567,101,567,2026-07-21 20:54:00,2026-07-23 03:54:00,erledigt,89
568,WA-00568,102,568,2022-12-31 07:49:00,2023-01-01 15:49:00,erledigt,95
569,WA-00569,102,569,2023-07-15 19:06:00,2023-07-16 21:06:00,erledigt,78
570,WA-00570,102,570,2023-11-08 14:55:00,2023-11-09 20:55:00,erledigt,19
571,WA-00571,102,571,2024-09-06 21:00:00,2024-09-08 23:00:00,erledigt,19
572,WA-00572,102,572,2025-07-15 13:37:00,2025-07-18 20:37:00,erledigt,57
573,WA-00573,102,573,2026-06-29 05:07:00,2026-07-01 10:07:00,erledigt,62
574,WA-00574,103,574,2023-06-02 08:11:00,2023-06-03 15:11:00,erledigt,77
575,WA-00575,103,575,2023-07-11 17:29:00,2023-07-12 18:29:00,erledigt,128
576,WA-00576,103,576,2025-03-12 00:38:00,2025-03-14 04:38:00,erledigt,41
577,WA-00577,103,577,2026-04-17 20:54:00,2026-04-17 22:54:00,erledigt,135
578,WA-00578,104,578,2023-04-05 15:19:00,2023-04-08 19:19:00,erledigt,28
579,WA-00579,104,579,2023-05-21 20:26:00,2023-05-23 01:26:00,erledigt,68
580,WA-00580,104,580,2023-09-24 07:51:00,2023-09-24 09:51:00,erledigt,150
581,WA-00581,104,581,2024-07-05 03:52:00,2024-07-06 05:52:00,erledigt,26
582,WA-00582,104,582,2025-01-28 18:05:00,2025-02-01 20:05:00,erledigt,73
583,WA-00583,104,583,2025-05-14 13:54:00,2025-05-17 18:54:00,erledigt,72
584,WA-00584,104,584,2026-04-19 18:06:00,2026-04-19 19:06:00,erledigt,130
585,WA-00585,105,585,2023-07-16 18:46:00,2023-07-16 21:46:00,erledigt,52
586,WA-00586,105,586,2024-06-29 13:07:00,2024-06-29 19:07:00,erledigt,64
587,WA-00587,105,587,2024-08-13 17:54:00,2024-08-14 17:54:00,erledigt,30
588,WA-00588,105,588,2025-03-18 19:00:00,2025-03-21 02:00:00,erledigt,26
589,WA-00589,105,589,2025-07-13 04:54:00,2025-07-15 11:54:00,erledigt,32
590,WA-00590,105,590,2026-07-19 03:57:00,2026-07-19 07:57:00,erledigt,124
591,WA-00591,106,591,2022-08-11 06:19:00,2022-08-11 14:19:00,erledigt,81
592,WA-00592,106,592,2022-10-05 08:01:00,2022-10-05 08:01:00,erledigt,157
593,WA-00593,106,593,2023-03-13 14:00:00,2023-03-13 19:00:00,erledigt,65
594,WA-00594,106,594,2023-06-25 02:34:00,2023-06-29 02:34:00,erledigt,80
595,WA-00595,106,595,2024-02-12 16:44:00,2024-02-15 00:44:00,erledigt,90
596,WA-00596,106,596,2024-09-07 18:56:00,2024-09-09 00:56:00,erledigt,147
597,WA-00597,106,597,2025-06-28 02:41:00,2025-06-28 03:41:00,erledigt,75
598,WA-00598,107,598,2022-07-05 21:28:00,2022-07-06 22:28:00,erledigt,156
599,WA-00599,107,599,2023-05-02 07:24:00,2023-05-02 12:24:00,erledigt,120
600,WA-00600,107,600,2023-07-11 16:01:00,2023-07-14 21:01:00,erledigt,35
601,WA-00601,107,601,2024-04-24 00:04:00,2024-04-26 06:04:00,erledigt,27
602,WA-00602,107,602,2024-07-10 03:01:00,2024-07-11 06:01:00,erledigt,48
603,WA-00603,107,603,2025-07-22 18:49:00,2025-07-24 01:49:00,erledigt,108
604,WA-00604,108,604,2022-07-05 23:42:00,2022-07-07 05:42:00,erledigt,59
605,WA-00605,108,605,2022-09-05 06:22:00,2022-09-08 13:22:00,erledigt,63
606,WA-00606,108,606,2023-07-22 02:35:00,2023-07-22 02:35:00,erledigt,30
607,WA-00607,108,607,2024-05-10 09:57:00,2024-05-10 16:57:00,erledigt,159
608,WA-00608,108,608,2024-09-10 14:53:00,2024-09-13 21:53:00,erledigt,74
609,WA-00609,108,609,2025-04-03 10:44:00,2025-04-03 14:44:00,erledigt,12
610,WA-00610,108,610,2026-06-24 08:35:00,2026-06-27 15:35:00,erledigt,84
611,WA-00611,109,611,2022-04-23 11:15:00,2022-04-24 18:15:00,erledigt,113
612,WA-00612,109,612,2022-09-25 16:17:00,2022-09-29 00:17:00,erledigt,65
613,WA-00613,109,613,2022-10-18 13:06:00,2022-10-21 18:06:00,erledigt,55
614,WA-00614,109,614,2023-08-24 01:58:00,2023-08-24 01:58:00,erledigt,45
615,WA-00615,109,615,2023-10-10 22:14:00,2023-10-15 03:14:00,erledigt,79
616,WA-00616,109,616,2024-07-03 19:42:00,2024-07-05 01:42:00,erledigt,56
617,WA-00617,109,617,2024-10-23 21:41:00,2024-10-24 22:41:00,erledigt,19
618,WA-00618,109,618,2025-08-15 18:15:00,2025-08-17 23:15:00,erledigt,32
619,WA-00619,109,619,2026-07-18 09:24:00,2026-07-19 15:24:00,erledigt,121
620,WA-00620,110,620,2022-07-17 23:42:00,2022-07-18 03:42:00,erledigt,72
621,WA-00621,110,621,2023-04-12 14:31:00,2023-04-12 22:31:00,erledigt,134
622,WA-00622,110,622,2023-06-27 15:14:00,2023-06-28 17:14:00,erledigt,32
623,WA-00623,110,623,2024-04-01 22:43:00,2024-04-04 22:43:00,erledigt,71
624,WA-00624,110,624,2024-07-31 20:59:00,2024-08-01 00:59:00,erledigt,12
625,WA-00625,110,625,2025-07-27 16:01:00,2025-07-27 19:01:00,erledigt,150
626,WA-00626,110,626,2025-10-27 23:11:00,2025-10-29 23:11:00,erledigt,15
627,WA-00627,111,627,2022-05-31 17:34:00,2022-05-31 21:34:00,erledigt,14
628,WA-00628,111,628,2023-02-15 01:30:00,2023-02-16 03:30:00,erledigt,11
629,WA-00629,111,629,2023-09-10 01:25:00,2023-09-13 05:25:00,erledigt,48
630,WA-00630,111,630,2024-03-29 05:29:00,2024-03-30 09:29:00,erledigt,60
631,WA-00631,111,631,2024-09-21 16:33:00,2024-09-22 16:33:00,erledigt,31
632,WA-00632,111,632,2025-07-12 05:57:00,2025-07-13 07:57:00,erledigt,147
633,WA-00633,111,633,2026-04-29 22:48:00,2026-05-02 22:48:00,erledigt,66
634,WA-00634,112,634,2022-04-19 07:16:00,2022-04-20 09:16:00,erledigt,101
635,WA-00635,112,635,2022-11-08 08:03:00,2022-11-10 10:03:00,erledigt,50
636,WA-00636,112,636,2023-05-24 05:33:00,2023-05-25 09:33:00,erledigt,143
637,WA-00637,112,637,2023-10-15 02:36:00,2023-10-15 06:36:00,erledigt,107
638,WA-00638,112,638,2024-02-19 02:23:00,2024-02-20 02:23:00,erledigt,95
639,WA-00639,112,639,2024-10-27 20:58:00,2024-10-27 21:58:00,erledigt,179
640,WA-00640,112,640,2025-05-14 16:58:00,2025-05-18 22:58:00,erledigt,66
641,WA-00641,112,641,2026-01-24 20:25:00,2026-01-25 22:25:00,erledigt,123
642,WA-00642,112,642,2026-04-08 08:13:00,2026-04-08 16:13:00,erledigt,158
643,WA-00643,113,643,2022-07-07 18:19:00,2022-07-10 23:19:00,erledigt,35
644,WA-00644,113,644,2023-05-23 13:17:00,2023-05-23 15:17:00,erledigt,16
645,WA-00645,113,645,2023-10-10 09:45:00,2023-10-11 11:45:00,erledigt,87
646,WA-00646,113,646,2025-05-13 17:52:00,2025-05-13 22:52:00,erledigt,107
647,WA-00647,113,647,2025-10-01 05:42:00,2025-10-02 09:42:00,erledigt,151
648,WA-00648,113,648,2025-12-11 14:26:00,2025-12-12 18:26:00,erledigt,81
649,WA-00649,114,649,2022-04-27 15:14:00,2022-04-28 20:14:00,erledigt,126
650,WA-00650,114,650,2023-01-22 00:05:00,2023-01-26 02:05:00,erledigt,66
651,WA-00651,114,651,2023-06-20 10:23:00,2023-06-20 10:23:00,erledigt,56
652,WA-00652,114,652,2023-09-30 10:19:00,2023-10-01 18:19:00,erledigt,79
653,WA-00653,114,653,2024-02-28 15:14:00,2024-03-01 17:14:00,erledigt,12
654,WA-00654,114,654,2024-10-10 20:38:00,2024-10-11 21:38:00,erledigt,38
655,WA-00655,115,655,2022-04-15 21:16:00,2022-04-17 04:16:00,erledigt,41
656,WA-00656,115,656,2023-05-13 14:48:00,2023-05-13 20:48:00,erledigt,163
657,WA-00657,115,657,2024-03-31 13:01:00,2024-04-01 16:01:00,erledigt,177
658,WA-00658,115,658,2025-03-31 09:32:00,2025-03-31 17:32:00,erledigt,146
659,WA-00659,115,659,2025-10-09 20:31:00,2025-10-10 21:31:00,erledigt,143
660,WA-00660,116,660,2022-06-02 10:02:00,2022-06-04 10:02:00,erledigt,10
661,WA-00661,116,661,2022-12-13 20:16:00,2022-12-15 22:16:00,erledigt,10
662,WA-00662,116,662,2023-05-04 16:35:00,2023-05-04 17:35:00,erledigt,26
663,WA-00663,116,663,2023-09-28 02:27:00,2023-09-30 07:27:00,erledigt,82
664,WA-00664,116,664,2024-03-22 03:54:00,2024-03-26 11:54:00,erledigt,33
665,WA-00665,116,665,2024-10-22 04:41:00,2024-10-24 07:41:00,erledigt,19
666,WA-00666,116,666,2025-06-17 02:44:00,2025-06-20 03:44:00,erledigt,71
667,WA-00667,116,667,2025-08-21 21:49:00,2025-08-22 01:49:00,erledigt,87
668,WA-00668,117,668,2022-08-02 15:30:00,2022-08-06 17:30:00,erledigt,45
669,WA-00669,117,669,2023-03-24 16:44:00,2023-03-25 22:44:00,erledigt,130
670,WA-00670,117,670,2023-07-20 05:57:00,2023-07-22 10:57:00,erledigt,35
671,WA-00671,117,671,2024-09-05 20:38:00,2024-09-07 21:38:00,erledigt,51
672,WA-00672,117,672,2025-07-04 14:04:00,2025-07-04 20:04:00,erledigt,108
673,WA-00673,118,673,2022-08-19 14:48:00,2022-08-20 19:48:00,erledigt,94
674,WA-00674,118,674,2023-06-27 06:20:00,2023-06-27 07:20:00,erledigt,121
675,WA-00675,118,675,2023-10-13 20:42:00,2023-10-13 21:42:00,erledigt,32
676,WA-00676,118,676,2024-06-22 00:24:00,2024-06-24 02:24:00,erledigt,58
677,WA-00677,118,677,2024-09-29 14:09:00,2024-10-02 17:09:00,erledigt,42
678,WA-00678,118,678,2025-07-03 04:50:00,2025-07-05 10:50:00,erledigt,10
679,WA-00679,118,679,2026-05-28 10:37:00,2026-05-29 11:37:00,erledigt,134
680,WA-00680,119,680,2022-08-07 09:05:00,2022-08-09 12:05:00,erledigt,65
681,WA-00681,119,681,2023-05-05 19:24:00,2023-05-08 01:24:00,erledigt,86
682,WA-00682,119,682,2023-10-08 18:02:00,2023-10-10 21:02:00,erledigt,81
683,WA-00683,119,683,2024-05-16 17:11:00,2024-05-17 19:11:00,erledigt,107
684,WA-00684,119,684,2024-08-15 16:58:00,2024-08-16 17:58:00,erledigt,134
685,WA-00685,119,685,2025-10-06 08:06:00,2025-10-07 15:06:00,erledigt,56
686,WA-00686,119,686,2026-05-16 16:44:00,2026-05-18 16:44:00,erledigt,90
687,WA-00687,120,687,2022-12-01 10:08:00,2022-12-03 16:08:00,erledigt,26
688,WA-00688,120,688,2023-06-01 04:24:00,2023-06-02 06:24:00,erledigt,58
689,WA-00689,120,689,2023-09-09 14:17:00,2023-09-09 17:17:00,erledigt,98
690,WA-00690,120,690,2024-05-25 01:52:00,2024-05-26 01:52:00,erledigt,118
691,WA-00691,120,691,2024-09-18 13:52:00,2024-09-19 16:52:00,erledigt,165
692,WA-00692,120,692,2025-12-16 12:35:00,2025-12-17 12:35:00,erledigt,82
693,WA-00693,120,693,2026-04-30 06:02:00,2026-05-03 13:02:00,erledigt,74
694,WA-00694,121,694,2022-08-10 21:12:00,2022-08-14 01:12:00,erledigt,42
695,WA-00695,121,695,2022-11-11 07:34:00,2022-11-14 10:34:00,erledigt,44
696,WA-00696,121,696,2023-12-30 08:53:00,2024-01-01 12:53:00,erledigt,25
697,WA-00697,121,697,2024-01-11 23:09:00,2024-01-15 00:09:00,erledigt,30
698,WA-00698,121,698,2024-08-02 02:37:00,2024-08-02 03:37:00,erledigt,18
699,WA-00699,121,699,2025-01-20 06:26:00,2025-01-23 06:26:00,erledigt,35
700,WA-00700,121,700,2025-04-09 04:16:00,2025-04-10 11:16:00,erledigt,14
701,WA-00701,121,701,2025-07-13 00:18:00,2025-07-13 08:18:00,erledigt,81
702,WA-00702,122,702,2022-09-09 14:31:00,2022-09-12 14:31:00,erledigt,85
703,WA-00703,122,703,2023-09-03 04:33:00,2023-09-03 05:33:00,erledigt,180
704,WA-00704,122,704,2024-06-19 21:44:00,2024-06-21 03:44:00,erledigt,179
705,WA-00705,122,705,2025-05-02 06:02:00,2025-05-06 10:02:00,erledigt,71
706,WA-00706,122,706,2025-05-14 13:02:00,2025-05-15 17:02:00,erledigt,23
707,WA-00707,122,707,2025-10-02 10:22:00,2025-10-03 13:22:00,erledigt,25
708,WA-00708,123,708,2023-04-27 22:51:00,2023-04-28 00:51:00,erledigt,105
709,WA-00709,123,709,2023-07-06 01:57:00,2023-07-07 04:57:00,erledigt,23
710,WA-00710,123,710,2023-08-27 14:07:00,2023-08-29 22:07:00,erledigt,19
711,WA-00711,123,711,2024-06-04 05:38:00,2024-06-04 12:38:00,erledigt,78
712,WA-00712,123,712,2025-05-28 02:30:00,2025-05-28 06:30:00,erledigt,53
713,WA-00713,123,713,2025-11-12 21:00:00,2025-11-12 21:00:00,erledigt,16
714,WA-00714,124,714,2022-09-21 23:07:00,2022-09-23 01:07:00,erledigt,90
715,WA-00715,124,715,2023-04-22 07:03:00,2023-04-22 07:03:00,erledigt,101
716,WA-00716,124,716,2023-10-31 17:34:00,2023-10-31 21:34:00,erledigt,83
717,WA-00717,124,717,2024-05-21 17:51:00,2024-05-22 17:51:00,erledigt,76
718,WA-00718,124,718,2024-06-28 23:39:00,2024-06-30 00:39:00,erledigt,88
719,WA-00719,124,719,2025-06-25 17:28:00,2025-06-28 23:28:00,erledigt,78
720,WA-00720,124,720,2025-06-29 23:18:00,2025-07-01 00:18:00,erledigt,18
721,WA-00721,124,721,2025-11-17 01:37:00,2025-11-19 02:37:00,erledigt,29
722,WA-00722,124,722,2026-06-29 09:25:00,2026-06-29 11:25:00,erledigt,90
723,WA-00723,125,723,2022-06-27 14:34:00,2022-06-27 16:34:00,erledigt,91
724,WA-00724,125,724,2022-12-01 01:09:00,2022-12-04 02:09:00,erledigt,72
725,WA-00725,125,725,2023-07-15 17:31:00,2023-07-19 20:31:00,erledigt,61
726,WA-00726,125,726,2024-07-05 06:29:00,2024-07-06 13:29:00,erledigt,24
727,WA-00727,125,727,2025-05-25 03:08:00,2025-05-25 08:08:00,erledigt,141
728,WA-00728,125,728,2025-10-02 05:06:00,2025-10-02 10:06:00,erledigt,17
729,WA-00729,125,729,2026-03-10 11:02:00,2026-03-12 16:02:00,erledigt,25
730,WA-00730,126,730,2022-09-02 02:25:00,2022-09-03 06:25:00,erledigt,169
731,WA-00731,126,731,2022-11-06 20:38:00,2022-11-06 20:38:00,erledigt,88
732,WA-00732,126,732,2023-03-02 23:39:00,2023-03-02 23:39:00,erledigt,79
733,WA-00733,126,733,2023-10-27 16:22:00,2023-10-28 22:22:00,erledigt,173
734,WA-00734,126,734,2024-09-08 10:24:00,2024-09-10 13:24:00,erledigt,56
735,WA-00735,126,735,2024-09-11 02:14:00,2024-09-15 10:14:00,erledigt,67
736,WA-00736,126,736,2025-05-27 09:36:00,2025-05-28 14:36:00,erledigt,150
737,WA-00737,126,737,2026-04-14 17:17:00,2026-04-17 21:17:00,erledigt,62
738,WA-00738,126,738,2026-06-09 20:04:00,2026-06-11 20:04:00,erledigt,84
739,WA-00739,127,739,2022-07-09 18:59:00,2022-07-10 20:59:00,erledigt,18
740,WA-00740,127,740,2023-06-22 01:40:00,2023-06-24 08:40:00,erledigt,16
741,WA-00741,127,741,2023-11-14 21:46:00,2023-11-15 21:46:00,erledigt,78
742,WA-00742,127,742,2024-09-10 04:33:00,2024-09-12 11:33:00,erledigt,69
743,WA-00743,127,743,2024-10-22 15:31:00,2024-10-23 21:31:00,erledigt,48
744,WA-00744,127,744,2025-09-21 12:14:00,2025-09-22 19:14:00,erledigt,66
745,WA-00745,127,745,2026-04-06 05:00:00,2026-04-06 10:00:00,erledigt,29
746,WA-00746,128,746,2022-09-19 02:29:00,2022-09-22 03:29:00,erledigt,29
747,WA-00747,128,747,2023-06-30 08:00:00,2023-06-30 11:00:00,erledigt,45
748,WA-00748,128,748,2023-09-04 09:35:00,2023-09-05 13:35:00,erledigt,42
749,WA-00749,128,749,2024-09-27 19:26:00,2024-09-29 01:26:00,erledigt,86
750,WA-00750,128,750,2025-04-04 19:52:00,2025-04-04 19:52:00,erledigt,176
751,WA-00751,128,751,2026-03-08 15:03:00,2026-03-09 20:03:00,erledigt,33
752,WA-00752,129,752,2022-06-03 05:13:00,2022-06-04 09:13:00,erledigt,179
753,WA-00753,129,753,2022-10-14 18:18:00,2022-10-15 23:18:00,erledigt,33
754,WA-00754,129,754,2023-08-21 14:09:00,2023-08-21 19:09:00,erledigt,78
755,WA-00755,129,755,2024-03-31 18:26:00,2024-04-05 02:26:00,erledigt,63
756,WA-00756,129,756,2025-01-29 08:44:00,2025-01-30 12:44:00,erledigt,27
757,WA-00757,129,757,2025-04-30 08:46:00,2025-04-30 12:46:00,erledigt,148
758,WA-00758,129,758,2025-11-13 14:11:00,2025-11-14 22:11:00,erledigt,74
759,WA-00759,129,759,2026-07-14 00:57:00,2026-07-17 03:57:00,erledigt,90
760,WA-00760,130,760,2022-09-13 20:17:00,2022-09-18 04:17:00,erledigt,59
761,WA-00761,130,761,2023-03-26 10:15:00,2023-03-26 14:15:00,erledigt,47
762,WA-00762,130,762,2023-07-08 14:56:00,2023-07-10 17:56:00,erledigt,27
763,WA-00763,130,763,2023-10-09 19:37:00,2023-10-11 02:37:00,erledigt,31
764,WA-00764,130,764,2024-10-27 21:00:00,2024-10-30 23:00:00,erledigt,70
765,WA-00765,130,765,2025-05-30 16:53:00,2025-05-30 18:53:00,erledigt,15
766,WA-00766,130,766,2025-08-10 07:48:00,2025-08-13 11:48:00,erledigt,82
767,WA-00767,130,767,2026-07-07 15:09:00,2026-07-08 18:09:00,erledigt,90
768,WA-00768,131,768,2022-05-15 00:38:00,2022-05-15 01:38:00,erledigt,18
769,WA-00769,131,769,2023-01-22 23:57:00,2023-01-23 03:57:00,erledigt,16
770,WA-00770,131,770,2023-06-06 23:57:00,2023-06-10 04:57:00,erledigt,79
771,WA-00771,131,771,2023-07-10 19:00:00,2023-07-10 22:00:00,erledigt,92
772,WA-00772,131,772,2024-03-31 23:17:00,2024-04-01 01:17:00,erledigt,13
773,WA-00773,131,773,2024-09-26 11:26:00,2024-09-30 12:26:00,erledigt,64
774,WA-00774,132,774,2023-04-12 13:10:00,2023-04-13 14:10:00,erledigt,132
775,WA-00775,132,775,2023-11-22 02:32:00,2023-11-22 07:32:00,erledigt,12
776,WA-00776,132,776,2024-05-10 23:33:00,2024-05-11 02:33:00,erledigt,19
777,WA-00777,132,777,2026-01-14 19:01:00,2026-01-15 00:01:00,erledigt,157
778,WA-00778,132,778,2026-04-27 17:11:00,2026-04-28 18:11:00,erledigt,52
779,WA-00779,133,779,2022-06-20 11:48:00,2022-06-20 18:48:00,erledigt,12
780,WA-00780,133,780,2023-04-29 06:06:00,2023-05-02 10:06:00,erledigt,89
781,WA-00781,133,781,2023-07-14 16:37:00,2023-07-16 18:37:00,erledigt,11
782,WA-00782,133,782,2024-08-05 10:23:00,2024-08-05 15:23:00,erledigt,142
783,WA-00783,133,783,2025-05-13 18:36:00,2025-05-15 01:36:00,erledigt,70
784,WA-00784,133,784,2026-04-11 02:40:00,2026-04-13 05:40:00,erledigt,33
785,WA-00785,134,785,2021-12-31 16:04:00,2022-01-04 00:04:00,erledigt,26
786,WA-00786,134,786,2023-01-27 08:15:00,2023-01-27 13:15:00,erledigt,18
787,WA-00787,134,787,2024-04-13 13:53:00,2024-04-13 13:53:00,erledigt,105
788,WA-00788,134,788,2024-08-10 07:59:00,2024-08-12 15:59:00,erledigt,56
789,WA-00789,134,789,2025-07-07 18:48:00,2025-07-08 22:48:00,erledigt,116
790,WA-00790,134,790,2026-01-04 06:57:00,2026-01-05 14:57:00,erledigt,13
791,WA-00791,134,791,2026-06-29 00:28:00,2026-06-29 07:28:00,erledigt,13
792,WA-00792,134,792,2026-08-25 01:23:00,,in_arbeit,
793,WA-00793,135,793,2022-09-06 01:57:00,2022-09-07 05:57:00,erledigt,90
794,WA-00794,135,794,2022-12-04 16:39:00,2022-12-05 21:39:00,erledigt,141
795,WA-00795,135,795,2024-02-15 03:59:00,2024-02-16 06:59:00,erledigt,72
796,WA-00796,135,796,2025-05-28 03:40:00,2025-05-29 08:40:00,erledigt,39
797,WA-00797,135,797,2026-03-22 16:30:00,2026-03-23 22:30:00,erledigt,60
798,WA-00798,136,798,2022-07-11 01:36:00,2022-07-12 09:36:00,erledigt,16
799,WA-00799,136,799,2023-06-30 03:04:00,2023-06-30 11:04:00,erledigt,144
800,WA-00800,136,800,2024-05-01 02:04:00,2024-05-01 02:04:00,erledigt,66
801,WA-00801,136,801,2024-11-12 03:48:00,2024-11-12 08:48:00,erledigt,84
802,WA-00802,136,802,2025-12-09 11:52:00,2025-12-11 15:52:00,erledigt,23
803,WA-00803,137,803,2022-10-27 16:25:00,2022-10-28 17:25:00,erledigt,156
804,WA-00804,137,804,2023-08-04 20:04:00,2023-08-05 04:04:00,erledigt,45
805,WA-00805,137,805,2023-11-22 14:04:00,2023-11-22 14:04:00,erledigt,45
806,WA-00806,137,806,2024-07-23 06:44:00,2024-07-24 11:44:00,erledigt,21
807,WA-00807,137,807,2025-08-01 19:49:00,2025-08-02 22:49:00,erledigt,84
808,WA-00808,138,808,2022-05-28 13:47:00,2022-05-28 21:47:00,erledigt,57
809,WA-00809,138,809,2022-10-05 17:52:00,2022-10-06 18:52:00,erledigt,97
810,WA-00810,138,810,2023-11-13 20:08:00,2023-11-14 02:08:00,erledigt,107
811,WA-00811,138,811,2025-01-26 19:32:00,2025-01-27 20:32:00,erledigt,172
812,WA-00812,138,812,2025-07-26 21:26:00,2025-07-27 00:26:00,erledigt,111
813,WA-00813,139,813,2022-07-02 02:16:00,2022-07-03 03:16:00,erledigt,143
814,WA-00814,139,814,2023-03-31 13:04:00,2023-04-01 20:04:00,erledigt,33
815,WA-00815,139,815,2024-03-05 12:42:00,2024-03-06 17:42:00,erledigt,154
816,WA-00816,139,816,2025-02-09 16:55:00,2025-02-10 20:55:00,erledigt,91
817,WA-00817,139,817,2025-09-09 16:11:00,2025-09-12 23:11:00,erledigt,41
818,WA-00818,140,818,2022-12-30 14:51:00,2022-12-30 17:51:00,erledigt,169
819,WA-00819,140,819,2023-06-18 13:52:00,2023-06-18 13:52:00,erledigt,95
820,WA-00820,140,820,2024-03-29 01:53:00,2024-03-30 02:53:00,erledigt,33
821,WA-00821,140,821,2024-08-17 22:53:00,2024-08-21 22:53:00,erledigt,61
822,WA-00822,140,822,2025-08-16 15:15:00,2025-08-17 15:15:00,erledigt,47
823,WA-00823,141,823,2022-02-08 22:53:00,2022-02-11 02:53:00,erledigt,37
824,WA-00824,141,824,2022-08-14 06:18:00,2022-08-18 06:18:00,erledigt,87
825,WA-00825,141,825,2023-05-04 14:59:00,2023-05-06 19:59:00,erledigt,30
826,WA-00826,141,826,2023-09-04 09:53:00,2023-09-05 15:53:00,erledigt,46
827,WA-00827,141,827,2024-07-24 16:40:00,2024-07-27 22:40:00,erledigt,35
828,WA-00828,141,828,2025-02-19 20:04:00,2025-02-21 00:04:00,erledigt,70
829,WA-00829,141,829,2025-06-21 05:12:00,2025-06-23 11:12:00,erledigt,50
830,WA-00830,142,830,2023-04-27 16:41:00,2023-04-27 19:41:00,erledigt,29
831,WA-00831,142,831,2024-02-18 12:36:00,2024-02-22 16:36:00,erledigt,76
832,WA-00832,142,832,2024-06-27 02:12:00,2024-06-27 05:12:00,erledigt,151
833,WA-00833,142,833,2025-02-06 18:48:00,2025-02-07 22:48:00,erledigt,82
834,WA-00834,143,834,2023-01-02 05:09:00,2023-01-06 05:09:00,erledigt,47
835,WA-00835,143,835,2023-06-13 23:51:00,2023-06-18 07:51:00,erledigt,86
836,WA-00836,143,836,2024-12-03 23:14:00,2024-12-04 05:14:00,erledigt,17
837,WA-00837,143,837,2025-08-15 23:10:00,2025-08-16 00:10:00,erledigt,84
838,WA-00838,144,838,2022-09-09 02:48:00,2022-09-11 06:48:00,erledigt,27
839,WA-00839,144,839,2023-06-15 21:14:00,2023-06-17 22:14:00,erledigt,32
840,WA-00840,144,840,2025-03-19 09:07:00,2025-03-20 16:07:00,erledigt,144
841,WA-00841,144,841,2026-04-24 16:18:00,2026-04-24 23:18:00,erledigt,27
842,WA-00842,145,842,2022-04-19 03:38:00,2022-04-21 09:38:00,erledigt,27
843,WA-00843,145,843,2022-10-06 02:58:00,2022-10-07 08:58:00,erledigt,20
844,WA-00844,145,844,2024-05-16 09:47:00,2024-05-19 12:47:00,erledigt,80
845,WA-00845,145,845,2024-11-11 11:59:00,2024-11-12 17:59:00,erledigt,34
846,WA-00846,145,846,2025-10-04 03:22:00,2025-10-08 10:22:00,erledigt,73
847,WA-00847,146,847,2022-09-26 00:05:00,2022-09-27 01:05:00,erledigt,136
848,WA-00848,146,848,2022-12-21 17:57:00,2022-12-22 20:57:00,erledigt,35
849,WA-00849,146,849,2023-09-08 05:42:00,2023-09-11 09:42:00,erledigt,65
850,WA-00850,146,850,2025-04-03 12:56:00,2025-04-05 16:56:00,erledigt,53
851,WA-00851,146,851,2025-08-10 06:41:00,2025-08-10 08:41:00,erledigt,164
852,WA-00852,146,852,2026-08-03 00:15:00,2026-08-03 05:15:00,erledigt,68
853,WA-00853,147,853,2023-06-16 01:14:00,2023-06-19 09:14:00,erledigt,44
854,WA-00854,147,854,2023-11-14 01:39:00,2023-11-14 02:39:00,erledigt,16
855,WA-00855,147,855,2024-07-27 19:39:00,2024-07-29 19:39:00,erledigt,12
856,WA-00856,147,856,2025-05-05 22:56:00,2025-05-10 00:56:00,erledigt,86
857,WA-00857,147,857,2025-07-03 19:30:00,2025-07-03 21:30:00,erledigt,61
858,WA-00858,148,858,2023-03-26 15:00:00,2023-03-27 17:00:00,erledigt,79
859,WA-00859,148,859,2023-06-28 20:15:00,2023-07-03 02:15:00,erledigt,65
860,WA-00860,148,860,2024-06-07 20:25:00,2024-06-09 00:25:00,erledigt,64
861,WA-00861,148,861,2024-11-22 15:26:00,2024-11-24 18:26:00,erledigt,11
862,WA-00862,148,862,2025-10-19 12:21:00,2025-10-19 12:21:00,erledigt,26
863,WA-00863,148,863,2026-08-10 18:13:00,2026-08-12 19:13:00,erledigt,44
864,WA-00864,149,864,2022-10-04 08:02:00,2022-10-07 14:02:00,erledigt,63
865,WA-00865,149,865,2023-02-16 20:43:00,2023-02-18 02:43:00,erledigt,23
866,WA-00866,149,866,2023-08-15 21:56:00,2023-08-18 23:56:00,erledigt,39
867,WA-00867,149,867,2024-04-18 18:16:00,2024-04-18 23:16:00,erledigt,139
868,WA-00868,149,868,2024-10-24 17:56:00,2024-10-25 19:56:00,erledigt,27
869,WA-00869,149,869,2025-08-18 11:23:00,2025-08-18 12:23:00,erledigt,11
870,WA-00870,149,870,2025-10-11 06:13:00,2025-10-14 12:13:00,erledigt,54
871,WA-00871,150,871,2022-05-14 17:15:00,2022-05-14 20:15:00,erledigt,32
872,WA-00872,150,872,2022-12-01 13:47:00,2022-12-05 20:47:00,erledigt,35
873,WA-00873,150,873,2023-10-03 11:44:00,2023-10-03 13:44:00,erledigt,130
874,WA-00874,150,874,2024-10-27 02:29:00,2024-10-28 06:29:00,erledigt,43
875,WA-00875,150,875,2025-10-15 13:15:00,2025-10-16 15:15:00,erledigt,58
876,WA-00876,150,876,2026-06-25 14:38:00,2026-06-29 15:38:00,erledigt,56
877,WA-00877,150,877,2026-08-13 11:36:00,2026-08-14 18:36:00,erledigt,34
878,WA-00878,151,878,2022-07-29 21:23:00,2022-08-03 05:23:00,erledigt,28
879,WA-00879,151,879,2023-05-21 13:34:00,2023-05-21 13:34:00,erledigt,58
880,WA-00880,151,880,2023-09-22 13:54:00,2023-09-23 13:54:00,erledigt,21
881,WA-00881,151,881,2025-04-02 05:39:00,2025-04-02 13:39:00,erledigt,177
882,WA-00882,151,882,2025-07-07 15:02:00,2025-07-09 19:02:00,erledigt,34
883,WA-00883,152,883,2023-06-29 00:58:00,2023-07-01 03:58:00,erledigt,28
884,WA-00884,152,884,2023-10-14 17:30:00,2023-10-16 18:30:00,erledigt,56
885,WA-00885,152,885,2024-10-12 21:44:00,2024-10-17 03:44:00,erledigt,32
886,WA-00886,152,886,2025-08-26 07:04:00,2025-08-27 09:04:00,erledigt,41
887,WA-00887,153,887,2022-04-23 06:34:00,2022-04-27 06:34:00,erledigt,45
888,WA-00888,153,888,2023-09-04 13:52:00,2023-09-05 17:52:00,erledigt,54
889,WA-00889,153,889,2024-05-26 11:22:00,2024-05-27 11:22:00,erledigt,160
890,WA-00890,153,890,2025-06-22 03:21:00,2025-06-26 07:21:00,erledigt,30
891,WA-00891,153,891,2025-09-16 20:04:00,2025-09-17 02:04:00,erledigt,148
892,WA-00892,154,892,2022-11-28 23:07:00,2022-12-03 02:07:00,erledigt,88
893,WA-00893,154,893,2023-07-31 18:40:00,2023-08-02 02:40:00,erledigt,22
894,WA-00894,154,894,2024-06-14 15:26:00,2024-06-15 23:26:00,erledigt,169
895,WA-00895,154,895,2025-06-20 06:40:00,2025-06-20 07:40:00,erledigt,114
896,WA-00896,154,896,2026-04-26 10:16:00,2026-04-27 15:16:00,erledigt,36
897,WA-00897,155,897,2022-09-16 14:44:00,2022-09-16 21:44:00,erledigt,116
898,WA-00898,155,898,2023-06-16 19:33:00,2023-06-18 02:33:00,erledigt,23
899,WA-00899,155,899,2024-06-10 21:30:00,2024-06-14 04:30:00,erledigt,68
900,WA-00900,155,900,2024-11-01 16:24:00,2024-11-05 21:24:00,erledigt,89
901,WA-00901,155,901,2026-03-20 04:37:00,2026-03-20 08:37:00,erledigt,30
902,WA-00902,156,902,2021-10-18 03:23:00,2021-10-18 05:23:00,erledigt,35
903,WA-00903,156,903,2022-09-13 01:34:00,2022-09-14 06:34:00,erledigt,69
904,WA-00904,156,904,2023-05-27 06:06:00,2023-05-29 09:06:00,erledigt,24
905,WA-00905,156,905,2023-09-16 00:40:00,2023-09-17 00:40:00,erledigt,26
906,WA-00906,156,906,2024-07-26 13:19:00,2024-07-27 18:19:00,erledigt,49
907,WA-00907,156,907,2025-06-15 03:43:00,2025-06-18 06:43:00,erledigt,65
908,WA-00908,157,908,2022-07-22 02:30:00,2022-07-23 07:30:00,erledigt,73
909,WA-00909,157,909,2023-05-23 21:50:00,2023-05-25 04:50:00,erledigt,17
910,WA-00910,157,910,2023-07-10 11:45:00,2023-07-14 15:45:00,erledigt,52
911,WA-00911,157,911,2024-05-15 20:05:00,2024-05-17 22:05:00,erledigt,49
912,WA-00912,157,912,2024-11-03 18:17:00,2024-11-04 22:17:00,erledigt,19
913,WA-00913,157,913,2025-08-11 00:06:00,2025-08-13 06:06:00,erledigt,12
914,WA-00914,157,914,2026-06-18 00:57:00,2026-06-21 01:57:00,erledigt,83
915,WA-00915,158,915,2022-05-03 03:33:00,2022-05-04 10:33:00,erledigt,27
916,WA-00916,158,916,2022-09-29 02:39:00,2022-09-30 04:39:00,erledigt,87
917,WA-00917,158,917,2023-01-20 21:09:00,2023-01-24 23:09:00,erledigt,88
918,WA-00918,158,918,2023-10-03 00:07:00,2023-10-04 03:07:00,erledigt,71
919,WA-00919,158,919,2024-11-29 10:31:00,2024-11-30 14:31:00,erledigt,176
920,WA-00920,158,920,2025-08-27 02:29:00,2025-08-30 03:29:00,erledigt,84
921,WA-00921,158,921,2026-08-04 01:42:00,2026-08-05 07:42:00,erledigt,101
922,WA-00922,159,922,2022-05-04 09:51:00,2022-05-08 11:51:00,erledigt,60
923,WA-00923,159,923,2022-10-22 12:26:00,2022-10-22 18:26:00,erledigt,145
924,WA-00924,159,924,2023-08-27 16:50:00,2023-08-28 16:50:00,erledigt,49
925,WA-00925,159,925,2024-01-23 16:48:00,2024-01-27 21:48:00,erledigt,65
926,WA-00926,159,926,2025-03-12 17:29:00,2025-03-15 19:29:00,erledigt,88
927,WA-00927,159,927,2025-07-04 03:44:00,2025-07-04 04:44:00,erledigt,148
928,WA-00928,160,928,2022-11-04 12:13:00,2022-11-04 15:13:00,erledigt,23
929,WA-00929,160,929,2023-06-29 03:47:00,2023-07-03 05:47:00,erledigt,65
930,WA-00930,160,930,2023-09-28 08:58:00,2023-09-30 12:58:00,erledigt,53
931,WA-00931,160,931,2025-06-01 23:47:00,2025-06-03 02:47:00,erledigt,80
932,WA-00932,160,932,2025-10-09 23:08:00,2025-10-12 05:08:00,erledigt,27
933,WA-00933,161,933,2023-02-27 17:17:00,2023-03-01 01:17:00,erledigt,148
934,WA-00934,161,934,2023-08-29 13:18:00,2023-08-31 18:18:00,erledigt,83
935,WA-00935,161,935,2024-02-25 23:12:00,2024-02-27 06:12:00,erledigt,54
936,WA-00936,161,936,2025-04-27 16:47:00,2025-04-28 23:47:00,erledigt,55
937,WA-00937,162,937,2023-06-14 23:28:00,2023-06-16 00:28:00,erledigt,66
938,WA-00938,162,938,2024-06-19 00:10:00,2024-06-19 01:10:00,erledigt,102
939,WA-00939,162,939,2025-02-16 19:39:00,2025-02-20 03:39:00,erledigt,69
940,WA-00940,163,940,2021-09-19 08:11:00,2021-09-20 11:11:00,erledigt,32
941,WA-00941,163,941,2023-07-19 00:49:00,2023-07-20 01:49:00,erledigt,136
942,WA-00942,163,942,2024-08-01 07:08:00,2024-08-02 07:08:00,erledigt,70
943,WA-00943,163,943,2024-12-13 11:19:00,2024-12-15 15:19:00,erledigt,31
944,WA-00944,164,944,2021-10-06 16:53:00,2021-10-07 23:53:00,erledigt,72
945,WA-00945,164,945,2022-06-17 03:52:00,2022-06-18 05:52:00,erledigt,127
946,WA-00946,164,946,2022-08-19 05:16:00,2022-08-22 06:16:00,erledigt,28
947,WA-00947,164,947,2023-06-08 10:29:00,2023-06-10 14:29:00,erledigt,80
948,WA-00948,164,948,2024-05-09 20:33:00,2024-05-09 21:33:00,erledigt,139
949,WA-00949,164,949,2025-09-19 04:50:00,2025-09-22 06:50:00,erledigt,70
950,WA-00950,165,950,2021-09-24 07:24:00,2021-09-26 09:24:00,erledigt,34
951,WA-00951,165,951,2022-12-31 09:38:00,2022-12-31 12:38:00,erledigt,11
952,WA-00952,165,952,2024-02-25 04:21:00,2024-02-26 06:21:00,erledigt,161
953,WA-00953,165,953,2024-07-07 18:45:00,2024-07-09 20:45:00,erledigt,89
954,WA-00954,165,954,2024-08-19 13:07:00,2024-08-21 13:07:00,erledigt,46
955,WA-00955,165,955,2025-04-02 07:48:00,2025-04-04 15:48:00,erledigt,34
956,WA-00956,165,956,2025-11-28 02:39:00,2025-11-29 08:39:00,erledigt,171
957,WA-00957,166,957,2022-05-08 20:18:00,2022-05-09 02:18:00,erledigt,119
958,WA-00958,166,958,2022-10-10 00:11:00,2022-10-12 06:11:00,erledigt,68
959,WA-00959,166,959,2023-06-15 01:05:00,2023-06-15 06:05:00,erledigt,115
960,WA-00960,166,960,2023-08-19 19:26:00,2023-08-22 00:26:00,erledigt,31
961,WA-00961,166,961,2024-05-14 00:33:00,2024-05-14 03:33:00,erledigt,143
962,WA-00962,166,962,2025-03-04 03:09:00,2025-03-04 08:09:00,erledigt,155
963,WA-00963,166,963,2025-11-20 13:47:00,2025-11-22 15:47:00,erledigt,31
964,WA-00964,167,964,2022-09-04 09:07:00,2022-09-06 12:07:00,erledigt,56
965,WA-00965,167,965,2023-04-24 10:38:00,2023-04-25 12:38:00,erledigt,90
966,WA-00966,167,966,2023-10-05 01:03:00,2023-10-08 09:03:00,erledigt,55
967,WA-00967,167,967,2024-04-30 11:56:00,2024-04-30 18:56:00,erledigt,64
968,WA-00968,167,968,2024-08-03 21:36:00,2024-08-06 04:36:00,erledigt,35
969,WA-00969,167,969,2025-08-17 20:18:00,2025-08-17 21:18:00,erledigt,33
970,WA-00970,167,970,2025-10-06 08:23:00,2025-10-06 14:23:00,erledigt,155
971,WA-00971,168,971,2022-06-28 03:57:00,2022-06-28 03:57:00,erledigt,30
972,WA-00972,168,972,2023-03-31 11:06:00,2023-04-02 11:06:00,erledigt,63
973,WA-00973,168,973,2024-06-06 16:01:00,2024-06-07 17:01:00,erledigt,159
974,WA-00974,168,974,2024-08-25 01:40:00,2024-08-26 06:40:00,erledigt,27
975,WA-00975,168,975,2025-05-01 01:21:00,2025-05-02 08:21:00,erledigt,81
976,WA-00976,168,976,2025-11-16 23:05:00,2025-11-19 00:05:00,erledigt,24
977,WA-00977,169,977,2023-05-30 13:49:00,2023-05-31 13:49:00,erledigt,163
978,WA-00978,169,978,2023-06-30 05:23:00,2023-07-04 13:23:00,erledigt,63
979,WA-00979,169,979,2023-10-23 14:37:00,2023-10-24 22:37:00,erledigt,178
980,WA-00980,169,980,2024-09-15 22:59:00,2024-09-17 23:59:00,erledigt,33
981,WA-00981,169,981,2025-09-01 00:45:00,2025-09-02 00:45:00,erledigt,174
982,WA-00982,170,982,2022-09-01 19:00:00,2022-09-03 00:00:00,erledigt,13
983,WA-00983,170,983,2023-07-09 22:15:00,2023-07-12 03:15:00,erledigt,53
984,WA-00984,170,984,2024-02-17 07:24:00,2024-02-21 12:24:00,erledigt,87
985,WA-00985,170,985,2024-07-02 13:03:00,2024-07-03 13:03:00,erledigt,26
986,WA-00986,170,986,2025-05-31 12:05:00,2025-05-31 12:05:00,erledigt,78
987,WA-00987,170,987,2026-05-29 05:40:00,2026-05-29 08:40:00,erledigt,85
988,WA-00988,171,988,2022-09-09 20:41:00,2022-09-10 01:41:00,erledigt,31
989,WA-00989,171,989,2023-07-21 08:56:00,2023-07-23 10:56:00,erledigt,17
990,WA-00990,171,990,2023-10-30 00:09:00,2023-11-03 05:09:00,erledigt,45
991,WA-00991,171,991,2025-03-12 10:21:00,2025-03-13 13:21:00,erledigt,28
992,WA-00992,171,992,2025-09-19 11:25:00,2025-09-19 19:25:00,erledigt,27
993,WA-00993,172,993,2022-06-16 22:13:00,2022-06-17 04:13:00,erledigt,137
994,WA-00994,172,994,2023-05-03 01:03:00,2023-05-03 04:03:00,erledigt,112
995,WA-00995,172,995,2024-03-07 12:59:00,2024-03-07 20:59:00,erledigt,82
996,WA-00996,172,996,2025-03-25 15:10:00,2025-03-25 17:10:00,erledigt,100
997,WA-00997,173,997,2023-06-16 15:48:00,2023-06-17 18:48:00,erledigt,54
998,WA-00998,173,998,2023-10-11 23:06:00,2023-10-14 07:06:00,erledigt,32
999,WA-00999,173,999,2024-05-02 05:07:00,2024-05-03 06:07:00,erledigt,125
1000,WA-01000,173,1000,2024-10-26 23:36:00,2024-10-28 06:36:00,erledigt,170
1001,WA-01001,173,1001,2026-07-05 01:12:00,2026-07-05 09:12:00,erledigt,86
1002,WA-01002,174,1002,2022-09-09 08:47:00,2022-09-10 08:47:00,erledigt,68
1003,WA-01003,174,1003,2023-06-14 20:05:00,2023-06-16 04:05:00,erledigt,91
1004,WA-01004,174,1004,2023-10-23 02:52:00,2023-10-25 10:52:00,erledigt,15
1005,WA-01005,174,1005,2024-07-01 07:04:00,2024-07-03 08:04:00,erledigt,86
1006,WA-01006,174,1006,2025-08-16 21:32:00,2025-08-18 00:32:00,erledigt,133
1007,WA-01007,175,1007,2022-03-23 00:36:00,2022-03-23 02:36:00,erledigt,124
1008,WA-01008,175,1008,2023-05-25 01:57:00,2023-05-25 09:57:00,erledigt,50
1009,WA-01009,175,1009,2023-10-06 12:10:00,2023-10-06 20:10:00,erledigt,149
1010,WA-01010,175,1010,2025-01-30 05:20:00,2025-01-31 09:20:00,erledigt,146
1011,WA-01011,175,1011,2025-11-12 06:19:00,2025-11-13 14:19:00,erledigt,149
1012,WA-01012,175,1012,2026-03-31 23:28:00,2026-04-02 00:28:00,erledigt,34
1013,WA-01013,175,1013,2026-07-17 07:20:00,2026-07-17 12:20:00,erledigt,23
1014,WA-01014,176,1014,2022-05-12 08:38:00,2022-05-13 15:38:00,erledigt,160
1015,WA-01015,176,1015,2022-11-10 18:47:00,2022-11-11 21:47:00,erledigt,148
1016,WA-01016,176,1016,2023-05-27 07:26:00,2023-05-29 11:26:00,erledigt,18
1017,WA-01017,176,1017,2023-09-18 22:52:00,2023-09-20 03:52:00,erledigt,21
1018,WA-01018,176,1018,2024-06-05 07:05:00,2024-06-09 14:05:00,erledigt,51
1019,WA-01019,176,1019,2025-04-30 15:22:00,2025-05-02 20:22:00,erledigt,31
1020,WA-01020,176,1020,2025-09-03 04:25:00,2025-09-05 05:25:00,erledigt,23
1021,WA-01021,177,1021,2022-12-30 05:36:00,2022-12-31 07:36:00,erledigt,172
1022,WA-01022,177,1022,2023-11-30 19:52:00,2023-12-03 22:52:00,erledigt,89
1023,WA-01023,177,1023,2024-06-16 08:30:00,2024-06-16 12:30:00,erledigt,164
1024,WA-01024,177,1024,2025-05-17 16:19:00,2025-05-18 20:19:00,erledigt,175
1025,WA-01025,178,1025,2021-09-19 09:44:00,2021-09-19 09:44:00,erledigt,18
1026,WA-01026,178,1026,2022-09-12 15:02:00,2022-09-15 21:02:00,erledigt,30
1027,WA-01027,178,1027,2023-07-06 05:07:00,2023-07-07 11:07:00,erledigt,41
1028,WA-01028,178,1028,2024-08-23 01:24:00,2024-08-24 09:24:00,erledigt,175
1029,WA-01029,178,1029,2025-06-23 08:46:00,2025-06-25 16:46:00,erledigt,19
1030,WA-01030,178,1030,2026-07-02 01:18:00,2026-07-02 04:18:00,erledigt,104
1031,WA-01031,179,1031,2022-07-12 11:26:00,2022-07-13 15:26:00,erledigt,47
1032,WA-01032,179,1032,2023-07-13 05:37:00,2023-07-14 12:37:00,erledigt,88
1033,WA-01033,179,1033,2023-10-07 19:58:00,2023-10-11 01:58:00,erledigt,51
1034,WA-01034,179,1034,2025-05-21 20:52:00,2025-05-22 21:52:00,erledigt,78
1035,WA-01035,179,1035,2025-06-11 17:43:00,2025-06-12 23:43:00,erledigt,125
1036,WA-01036,179,1036,2026-05-24 14:51:00,2026-05-28 17:51:00,erledigt,62
1037,WA-01037,179,1037,2026-06-07 23:42:00,2026-06-09 01:42:00,erledigt,68
1038,WA-01038,180,1038,2022-09-06 05:05:00,2022-09-07 13:05:00,erledigt,63
1039,WA-01039,180,1039,2023-06-23 10:52:00,2023-06-26 17:52:00,erledigt,57
1040,WA-01040,180,1040,2024-06-10 04:46:00,2024-06-11 06:46:00,erledigt,56
1041,WA-01041,180,1041,2024-09-23 08:56:00,2024-09-24 16:56:00,erledigt,34
1042,WA-01042,180,1042,2025-09-11 18:41:00,2025-09-11 21:41:00,erledigt,135
1043,WA-01043,180,1043,2025-10-05 04:44:00,2025-10-06 12:44:00,erledigt,31
1044,WA-01044,181,1044,2023-07-12 03:45:00,2023-07-12 10:45:00,erledigt,147
1045,WA-01045,181,1045,2024-01-04 23:31:00,2024-01-05 23:31:00,erledigt,18
1046,WA-01046,181,1046,2024-10-23 05:29:00,2024-10-25 05:29:00,erledigt,35
1047,WA-01047,181,1047,2025-05-22 05:38:00,2025-05-23 10:38:00,erledigt,76
1048,WA-01048,181,1048,2025-11-18 22:53:00,2025-11-21 01:53:00,erledigt,73
1049,WA-01049,182,1049,2022-05-17 19:23:00,2022-05-20 02:23:00,erledigt,32
1050,WA-01050,182,1050,2023-03-19 06:39:00,2023-03-20 07:39:00,erledigt,21
1051,WA-01051,182,1051,2023-07-21 19:30:00,2023-07-22 00:30:00,erledigt,58
1052,WA-01052,182,1052,2023-10-15 22:35:00,2023-10-16 05:35:00,erledigt,91
1053,WA-01053,182,1053,2024-02-05 19:35:00,2024-02-07 02:35:00,erledigt,76
1054,WA-01054,182,1054,2024-09-08 02:24:00,2024-09-08 03:24:00,erledigt,17
1055,WA-01055,182,1055,2025-05-20 04:44:00,2025-05-22 10:44:00,erledigt,32
1056,WA-01056,182,1056,2025-11-05 22:35:00,2025-11-06 00:35:00,erledigt,90
1057,WA-01057,182,1057,2026-07-17 21:22:00,2026-07-19 23:22:00,erledigt,74
1058,WA-01058,183,1058,2022-07-21 18:57:00,2022-07-26 01:57:00,erledigt,57
1059,WA-01059,183,1059,2023-06-08 10:26:00,2023-06-08 13:26:00,erledigt,81
1060,WA-01060,183,1060,2024-05-16 20:14:00,2024-05-17 23:14:00,erledigt,70
1061,WA-01061,183,1061,2025-03-30 19:12:00,2025-04-01 01:12:00,erledigt,81
1062,WA-01062,183,1062,2025-07-12 03:20:00,2025-07-13 11:20:00,erledigt,23
1063,WA-01063,183,1063,2026-01-03 08:59:00,2026-01-05 10:59:00,erledigt,19
1064,WA-01064,184,1064,2023-04-23 19:51:00,2023-04-26 22:51:00,erledigt,77
1065,WA-01065,184,1065,2023-12-26 03:41:00,2023-12-27 08:41:00,erledigt,134
1066,WA-01066,184,1066,2024-11-04 03:12:00,2024-11-05 11:12:00,erledigt,27
1067,WA-01067,184,1067,2025-11-30 04:53:00,2025-12-01 07:53:00,erledigt,77
1068,WA-01068,184,1068,2026-07-07 18:47:00,2026-07-07 21:47:00,erledigt,84
1069,WA-01069,185,1069,2022-01-19 16:31:00,2022-01-21 00:31:00,erledigt,97
1070,WA-01070,185,1070,2022-04-23 07:10:00,2022-04-24 12:10:00,erledigt,16
1071,WA-01071,185,1071,2022-07-31 21:52:00,2022-08-04 01:52:00,erledigt,51
1072,WA-01072,185,1072,2023-04-07 12:23:00,2023-04-08 14:23:00,erledigt,167
1073,WA-01073,185,1073,2023-09-03 15:40:00,2023-09-05 22:40:00,erledigt,28
1074,WA-01074,185,1074,2023-10-12 06:55:00,2023-10-15 12:55:00,erledigt,46
1075,WA-01075,185,1075,2024-06-22 22:05:00,2024-06-23 03:05:00,erledigt,11
1076,WA-01076,185,1076,2024-11-10 22:09:00,2024-11-12 05:09:00,erledigt,25
1077,WA-01077,185,1077,2025-06-11 03:22:00,2025-06-11 10:22:00,erledigt,147
1078,WA-01078,185,1078,2025-09-09 18:03:00,2025-09-10 20:03:00,erledigt,70
1079,WA-01079,186,1079,2022-08-06 03:53:00,2022-08-10 09:53:00,erledigt,90
1080,WA-01080,186,1080,2022-08-16 17:07:00,2022-08-18 20:07:00,erledigt,74
1081,WA-01081,186,1081,2022-11-09 00:13:00,2022-11-13 07:13:00,erledigt,55
1082,WA-01082,186,1082,2023-05-26 00:38:00,2023-05-28 07:38:00,erledigt,87
1083,WA-01083,186,1083,2023-06-18 21:31:00,2023-06-19 01:31:00,erledigt,34
1084,WA-01084,186,1084,2024-06-15 13:38:00,2024-06-15 18:38:00,erledigt,153
1085,WA-01085,186,1085,2025-05-05 14:31:00,2025-05-08 19:31:00,erledigt,25
1086,WA-01086,186,1086,2025-09-02 18:11:00,2025-09-02 21:11:00,erledigt,161
1087,WA-01087,187,1087,2022-10-05 04:19:00,2022-10-05 06:19:00,erledigt,69
1088,WA-01088,187,1088,2024-05-04 05:19:00,2024-05-08 05:19:00,erledigt,81
1089,WA-01089,187,1089,2024-10-04 04:00:00,2024-10-04 09:00:00,erledigt,30
1090,WA-01090,187,1090,2025-06-23 00:23:00,2025-06-24 02:23:00,erledigt,84
1091,WA-01091,188,1091,2022-05-15 01:08:00,2022-05-16 08:08:00,erledigt,92
1092,WA-01092,188,1092,2022-11-19 11:51:00,2022-11-22 14:51:00,erledigt,26
1093,WA-01093,188,1093,2023-05-23 19:11:00,2023-05-24 01:11:00,erledigt,11
1094,WA-01094,188,1094,2023-10-10 02:12:00,2023-10-11 05:12:00,erledigt,48
1095,WA-01095,188,1095,2024-03-09 02:26:00,2024-03-10 07:26:00,erledigt,83
1096,WA-01096,188,1096,2024-08-29 22:31:00,2024-08-31 02:31:00,erledigt,115
1097,WA-01097,188,1097,2025-05-02 05:29:00,2025-05-03 08:29:00,erledigt,150
1098,WA-01098,188,1098,2025-10-10 22:11:00,2025-10-12 00:11:00,erledigt,178
1099,WA-01099,189,1099,2023-01-10 09:30:00,2023-01-11 10:30:00,erledigt,50
1100,WA-01100,189,1100,2023-08-19 12:10:00,2023-08-19 20:10:00,erledigt,99
1101,WA-01101,189,1101,2024-04-29 00:45:00,2024-05-02 01:45:00,erledigt,37
1102,WA-01102,189,1102,2024-09-23 04:17:00,2024-09-23 08:17:00,erledigt,154
1103,WA-01103,189,1103,2025-06-26 04:23:00,2025-06-26 09:23:00,erledigt,77
1104,WA-01104,189,1104,2026-04-12 04:26:00,2026-04-13 05:26:00,erledigt,75
1105,WA-01105,190,1105,2023-04-11 23:20:00,2023-04-12 07:20:00,erledigt,114
1106,WA-01106,190,1106,2023-09-19 18:54:00,2023-09-23 19:54:00,erledigt,44
1107,WA-01107,190,1107,2024-08-28 23:59:00,2024-09-01 03:59:00,erledigt,86
1108,WA-01108,190,1108,2024-11-12 22:52:00,2024-11-15 23:52:00,erledigt,77
1109,WA-01109,190,1109,2025-10-04 10:48:00,2025-10-05 10:48:00,erledigt,86
1110,WA-01110,191,1110,2023-05-17 01:31:00,2023-05-17 01:31:00,erledigt,168
1111,WA-01111,191,1111,2023-08-06 05:59:00,2023-08-06 13:59:00,erledigt,95
1112,WA-01112,191,1112,2023-10-27 19:22:00,2023-10-31 03:22:00,erledigt,27
1113,WA-01113,191,1113,2025-04-07 03:35:00,2025-04-10 04:35:00,erledigt,52
1114,WA-01114,191,1114,2025-08-13 15:34:00,2025-08-17 22:34:00,erledigt,28
1115,WA-01115,191,1115,2026-06-17 19:05:00,2026-06-19 21:05:00,erledigt,11
1116,WA-01116,191,1116,2026-07-13 00:55:00,2026-07-13 04:55:00,erledigt,13
1117,WA-01117,192,1117,2022-06-08 14:59:00,2022-06-09 17:59:00,erledigt,72
1118,WA-01118,192,1118,2022-08-12 20:33:00,2022-08-14 23:33:00,erledigt,68
1119,WA-01119,192,1119,2022-10-03 13:29:00,2022-10-03 20:29:00,erledigt,18
1120,WA-01120,192,1120,2023-05-07 21:10:00,2023-05-09 02:10:00,erledigt,81
1121,WA-01121,192,1121,2024-01-27 01:30:00,2024-01-30 09:30:00,erledigt,39
1122,WA-01122,192,1122,2024-08-13 14:53:00,2024-08-14 17:53:00,erledigt,33
1123,WA-01123,192,1123,2025-03-27 07:02:00,2025-03-28 08:02:00,erledigt,49
1124,WA-01124,192,1124,2025-10-19 13:01:00,2025-10-22 21:01:00,erledigt,71
1125,WA-01125,192,1125,2026-07-04 03:00:00,2026-07-05 07:00:00,erledigt,10
1126,WA-01126,193,1126,2023-11-07 22:10:00,2023-11-11 02:10:00,erledigt,28
1127,WA-01127,193,1127,2024-06-10 03:04:00,2024-06-10 08:04:00,erledigt,25
1128,WA-01128,193,1128,2025-04-16 17:50:00,2025-04-18 00:50:00,erledigt,117
1129,WA-01129,193,1129,2025-06-05 12:50:00,2025-06-06 15:50:00,erledigt,34
1130,WA-01130,193,1130,2026-03-08 14:16:00,2026-03-10 19:16:00,erledigt,69
1131,WA-01131,193,1131,2026-08-09 07:41:00,2026-08-10 07:41:00,erledigt,17
1132,WA-01132,194,1132,2024-06-11 14:21:00,2024-06-13 21:21:00,erledigt,14
1133,WA-01133,194,1133,2024-10-23 07:52:00,2024-10-25 10:52:00,erledigt,55
1134,WA-01134,194,1134,2025-07-18 04:52:00,2025-07-19 11:52:00,erledigt,120
1135,WA-01135,194,1135,2026-07-21 19:37:00,2026-07-22 23:37:00,erledigt,59
1136,WA-01136,194,1136,2026-08-06 18:49:00,2026-08-07 22:49:00,erledigt,33
1137,WA-01137,195,1137,2023-10-04 04:47:00,2023-10-05 05:47:00,erledigt,91
1138,WA-01138,195,1138,2024-05-31 02:20:00,2024-06-01 06:20:00,erledigt,103
1139,WA-01139,195,1139,2025-05-13 04:54:00,2025-05-14 11:54:00,erledigt,99
1140,WA-01140,195,1140,2025-07-20 20:48:00,2025-07-23 04:48:00,erledigt,80
1141,WA-01141,195,1141,2026-05-31 01:03:00,2026-05-31 01:03:00,erledigt,154
1142,WA-01142,196,1142,2024-09-28 07:34:00,2024-10-01 08:34:00,erledigt,36
1143,WA-01143,196,1143,2025-07-21 18:47:00,2025-07-23 01:47:00,erledigt,146
1144,WA-01144,196,1144,2026-01-31 17:03:00,2026-02-02 18:03:00,erledigt,29
1145,WA-01145,197,1145,2025-05-08 23:50:00,2025-05-11 04:50:00,erledigt,22
1146,WA-01146,197,1146,2025-12-14 15:33:00,2025-12-14 22:33:00,erledigt,76
1147,WA-01147,198,1147,2024-05-04 16:00:00,2024-05-05 20:00:00,erledigt,133
1148,WA-01148,198,1148,2025-03-30 01:16:00,2025-03-30 04:16:00,erledigt,118
1149,WA-01149,198,1149,2025-09-11 09:50:00,2025-09-12 09:50:00,erledigt,173
1150,WA-01150,198,1150,2026-06-29 16:26:00,2026-06-30 22:26:00,erledigt,172
1151,WA-01151,199,1151,2025-05-08 22:30:00,2025-05-12 06:30:00,erledigt,25
1152,WA-01152,199,1152,2026-05-11 10:12:00,2026-05-12 11:12:00,erledigt,56
1153,WA-01153,199,1153,2026-08-16 21:30:00,2026-08-18 02:30:00,erledigt,131
1154,WA-01154,200,1154,2024-08-01 04:47:00,2024-08-01 07:47:00,erledigt,169
1155,WA-01155,200,1155,2025-07-12 17:06:00,2025-07-13 23:06:00,erledigt,95
1156,WA-01156,200,1156,2025-09-14 15:30:00,2025-09-15 20:30:00,erledigt,14
1157,WA-01157,200,1157,2025-12-13 11:58:00,2025-12-16 13:58:00,erledigt,56
1158,WA-01158,201,1158,2023-12-01 03:05:00,2023-12-01 09:05:00,erledigt,65
1159,WA-01159,201,1159,2024-06-30 18:41:00,2024-06-30 20:41:00,erledigt,138
1160,WA-01160,201,1160,2025-05-08 06:16:00,2025-05-10 09:16:00,erledigt,32
1161,WA-01161,201,1161,2025-10-30 07:59:00,2025-10-30 10:59:00,erledigt,110
1162,WA-01162,201,1162,2026-04-21 04:49:00,2026-04-23 06:49:00,erledigt,14
1163,WA-01163,202,1163,2024-06-17 01:14:00,2024-06-17 07:14:00,erledigt,27
1164,WA-01164,202,1164,2024-12-14 20:38:00,2024-12-19 01:38:00,erledigt,38
1165,WA-01165,202,1165,2025-11-05 14:11:00,2025-11-05 22:11:00,erledigt,27
1166,WA-01166,202,1166,2026-08-10 20:48:00,2026-08-11 00:48:00,erledigt,15
1167,WA-01167,203,1167,2024-08-09 11:16:00,2024-08-11 18:16:00,erledigt,44
1168,WA-01168,203,1168,2026-01-31 16:44:00,2026-02-01 16:44:00,erledigt,25
1169,WA-01169,203,1169,2026-04-14 23:08:00,2026-04-16 05:08:00,erledigt,16
1170,WA-01170,204,1170,2024-06-07 05:57:00,2024-06-09 08:57:00,erledigt,11
1171,WA-01171,204,1171,2024-10-23 21:46:00,2024-10-25 04:46:00,erledigt,129
1172,WA-01172,204,1172,2025-06-24 18:21:00,2025-06-25 01:21:00,erledigt,18
1173,WA-01173,205,1173,2024-07-21 21:43:00,2024-07-23 03:43:00,erledigt,83
1174,WA-01174,205,1174,2026-04-06 02:56:00,2026-04-09 06:56:00,erledigt,40
1175,WA-01175,205,1175,2026-07-03 05:58:00,2026-07-05 10:58:00,erledigt,37
1176,WA-01176,206,1176,2024-05-12 19:39:00,2024-05-14 02:39:00,erledigt,35
1177,WA-01177,206,1177,2024-08-12 12:33:00,2024-08-13 20:33:00,erledigt,77
1178,WA-01178,206,1178,2025-05-21 18:56:00,2025-05-26 00:56:00,erledigt,46
1179,WA-01179,206,1179,2026-08-14 01:07:00,2026-08-15 09:07:00,erledigt,64
1180,WA-01180,207,1180,2024-12-28 08:52:00,2024-12-30 15:52:00,erledigt,31
1181,WA-01181,207,1181,2025-12-13 17:39:00,2025-12-13 18:39:00,erledigt,144
1182,WA-01182,208,1182,2024-07-30 23:00:00,2024-07-31 02:00:00,erledigt,164
1183,WA-01183,208,1183,2025-06-27 00:37:00,2025-06-27 00:37:00,erledigt,113
1184,WA-01184,208,1184,2026-01-25 21:01:00,2026-01-27 04:01:00,erledigt,82
1185,WA-01185,209,1185,2024-08-02 01:19:00,2024-08-02 01:19:00,erledigt,29
1186,WA-01186,209,1186,2025-04-09 01:55:00,2025-04-10 03:55:00,erledigt,65
1187,WA-01187,209,1187,2025-09-20 12:48:00,2025-09-22 18:48:00,erledigt,33
1188,WA-01188,209,1188,2026-04-04 04:29:00,2026-04-06 07:29:00,erledigt,14
1189,WA-01189,209,1189,2026-08-02 21:16:00,2026-08-03 23:16:00,erledigt,51
1190,WA-01190,210,1190,2025-05-16 21:28:00,2025-05-18 05:28:00,erledigt,153
1191,WA-01191,210,1191,2026-04-07 04:18:00,2026-04-08 11:18:00,erledigt,69
1192,WA-01192,210,1192,2026-07-16 20:12:00,2026-07-17 02:12:00,erledigt,108
1193,WA-01193,211,1193,2024-08-23 01:50:00,2024-08-24 09:50:00,erledigt,76
1194,WA-01194,211,1194,2025-07-02 20:42:00,2025-07-03 04:42:00,erledigt,108
1195,WA-01195,211,1195,2026-01-15 20:19:00,2026-01-20 02:19:00,erledigt,77
1196,WA-01196,211,1196,2026-07-01 22:54:00,2026-07-04 01:54:00,erledigt,85
1197,WA-01197,212,1197,2024-07-02 23:18:00,2024-07-05 07:18:00,erledigt,27
1198,WA-01198,212,1198,2025-03-13 05:12:00,2025-03-16 11:12:00,erledigt,79
1199,WA-01199,212,1199,2025-08-14 14:56:00,2025-08-15 21:56:00,erledigt,61
1200,WA-01200,212,1200,2026-06-17 23:50:00,2026-06-19 06:50:00,erledigt,116
1201,WA-01201,213,1201,2024-08-21 02:58:00,2024-08-23 03:58:00,erledigt,62
1202,WA-01202,213,1202,2025-07-03 20:39:00,2025-07-03 20:39:00,erledigt,31
1203,WA-01203,213,1203,2025-09-05 12:41:00,2025-09-09 12:41:00,erledigt,35
1204,WA-01204,213,1204,2026-05-26 20:04:00,2026-05-28 02:04:00,erledigt,16
1205,WA-01205,214,1205,2024-05-15 11:39:00,2024-05-15 13:39:00,erledigt,25
1206,WA-01206,214,1206,2025-05-04 07:03:00,2025-05-05 10:03:00,erledigt,180
1207,WA-01207,214,1207,2025-10-02 17:30:00,2025-10-03 21:30:00,erledigt,72
1208,WA-01208,214,1208,2026-07-03 14:28:00,2026-07-03 20:28:00,erledigt,48
1209,WA-01209,215,1209,2024-06-13 22:20:00,2024-06-16 23:20:00,erledigt,63
1210,WA-01210,215,1210,2024-08-24 05:40:00,2024-08-24 12:40:00,erledigt,31
1211,WA-01211,215,1211,2025-07-11 03:38:00,2025-07-11 03:38:00,erledigt,161
1212,WA-01212,215,1212,2026-06-04 12:32:00,2026-06-06 18:32:00,erledigt,88
1213,WA-01213,215,1213,2026-08-14 00:09:00,2026-08-15 00:09:00,erledigt,109
1214,WA-01214,216,1214,2024-07-17 00:54:00,2024-07-17 07:54:00,erledigt,61
1215,WA-01215,216,1215,2025-04-30 11:48:00,2025-05-01 13:48:00,erledigt,35
1216,WA-01216,216,1216,2025-05-02 14:23:00,2025-05-03 22:23:00,erledigt,25
1217,WA-01217,216,1217,2025-09-08 23:07:00,2025-09-09 00:07:00,erledigt,13
1218,WA-01218,216,1218,2026-05-26 14:15:00,2026-05-28 17:15:00,erledigt,32
1219,WA-01219,216,1219,2026-08-06 09:52:00,2026-08-08 13:52:00,erledigt,30
1220,WA-01220,217,1220,2024-08-24 14:41:00,2024-08-24 15:41:00,erledigt,27
1221,WA-01221,217,1221,2025-07-20 00:33:00,2025-07-21 04:33:00,erledigt,13
1222,WA-01222,217,1222,2026-07-13 16:56:00,2026-07-15 16:56:00,erledigt,76
1223,WA-01223,218,1223,2024-07-12 12:51:00,2024-07-13 17:51:00,erledigt,98
1224,WA-01224,218,1224,2025-04-24 10:43:00,2025-04-25 12:43:00,erledigt,167
1225,WA-01225,218,1225,2026-01-14 14:45:00,2026-01-14 17:45:00,erledigt,55
1226,WA-01226,218,1226,2026-07-10 20:06:00,2026-07-12 02:06:00,erledigt,20
1227,WA-01227,219,1227,2024-09-22 03:21:00,2024-09-23 10:21:00,erledigt,76
1228,WA-01228,219,1228,2026-05-02 20:26:00,2026-05-02 20:26:00,erledigt,22
1229,WA-01229,220,1229,2024-06-09 12:56:00,2024-06-09 15:56:00,erledigt,24
1230,WA-01230,220,1230,2024-12-05 17:54:00,2024-12-07 17:54:00,erledigt,25
1231,WA-01231,220,1231,2025-06-23 11:46:00,2025-06-23 18:46:00,erledigt,139
1232,WA-01232,220,1232,2026-03-09 09:09:00,2026-03-09 11:09:00,erledigt,53
1233,WA-01233,220,1233,2026-07-09 11:09:00,2026-07-10 16:09:00,erledigt,135
1234,WA-01234,221,1234,2024-05-13 15:48:00,2024-05-14 22:48:00,erledigt,33
1235,WA-01235,221,1235,2024-08-14 01:08:00,2024-08-15 09:08:00,erledigt,164
1236,WA-01236,221,1236,2025-12-10 16:45:00,2025-12-11 17:45:00,erledigt,71
1237,WA-01237,221,1237,2026-06-26 21:53:00,2026-06-28 00:53:00,erledigt,21
1238,WA-01238,222,1238,2024-07-16 18:33:00,2024-07-16 23:33:00,erledigt,93
1239,WA-01239,222,1239,2025-04-12 15:19:00,2025-04-13 18:19:00,erledigt,24
1240,WA-01240,222,1240,2025-10-13 11:42:00,2025-10-14 14:42:00,erledigt,50
1241,WA-01241,222,1241,2026-07-04 14:49:00,2026-07-04 19:49:00,erledigt,55
1242,WA-01242,223,1242,2024-09-22 04:50:00,2024-09-26 12:50:00,erledigt,36
1243,WA-01243,223,1243,2025-05-26 09:57:00,2025-05-28 13:57:00,erledigt,21
1244,WA-01244,223,1244,2026-04-16 00:02:00,2026-04-19 00:02:00,erledigt,89
1245,WA-01245,223,1245,2026-08-18 05:33:00,2026-08-18 06:33:00,erledigt,128
1246,WA-01246,224,1246,2024-08-12 11:50:00,2024-08-14 16:50:00,erledigt,13
1247,WA-01247,224,1247,2025-04-09 16:12:00,2025-04-11 23:12:00,erledigt,66
1248,WA-01248,224,1248,2025-12-03 15:23:00,2025-12-03 18:23:00,erledigt,139
1249,WA-01249,225,1249,2025-06-29 05:50:00,2025-06-30 06:50:00,erledigt,46
1250,WA-01250,225,1250,2026-07-17 01:51:00,2026-07-19 05:51:00,erledigt,27
1251,WA-01251,226,1251,2024-06-15 14:46:00,2024-06-19 14:46:00,erledigt,70
1252,WA-01252,226,1252,2025-05-10 21:09:00,2025-05-12 05:09:00,erledigt,27
1253,WA-01253,226,1253,2026-07-17 04:52:00,2026-07-18 06:52:00,erledigt,125
1254,WA-01254,227,1254,2024-02-16 16:37:00,2024-02-19 20:37:00,erledigt,47
1255,WA-01255,227,1255,2025-03-14 13:18:00,2025-03-15 20:18:00,erledigt,150
1256,WA-01256,227,1256,2026-06-06 05:35:00,2026-06-07 12:35:00,erledigt,139
1257,WA-01257,228,1257,2024-08-20 23:31:00,2024-08-22 23:31:00,erledigt,68
1258,WA-01258,228,1258,2025-07-31 03:26:00,2025-07-31 08:26:00,erledigt,30
1259,WA-01259,228,1259,2026-06-12 13:25:00,2026-06-13 13:25:00,erledigt,142
1260,WA-01260,229,1260,2024-08-12 20:56:00,2024-08-12 21:56:00,erledigt,58
1261,WA-01261,229,1261,2025-05-11 19:17:00,2025-05-12 19:17:00,erledigt,25
1262,WA-01262,229,1262,2026-07-18 15:05:00,2026-07-19 19:05:00,erledigt,178
1263,WA-01263,230,1263,2024-07-08 15:40:00,2024-07-09 19:40:00,erledigt,23
1264,WA-01264,230,1264,2025-06-30 09:52:00,2025-07-02 15:52:00,erledigt,68
1265,WA-01265,230,1265,2026-04-29 00:01:00,2026-05-02 02:01:00,erledigt,41
1266,WA-01266,230,1266,2026-07-25 00:31:00,2026-07-28 02:31:00,erledigt,67
1267,WA-01267,231,1267,2024-11-09 09:39:00,2024-11-09 13:39:00,erledigt,85
1268,WA-01268,231,1268,2025-08-12 14:24:00,2025-08-12 15:24:00,erledigt,21
1269,WA-01269,231,1269,2026-07-04 01:09:00,2026-07-05 03:09:00,erledigt,78
1270,WA-01270,232,1270,2024-04-09 08:43:00,2024-04-11 12:43:00,erledigt,17
1271,WA-01271,232,1271,2024-10-30 19:55:00,2024-10-31 20:55:00,erledigt,142
1272,WA-01272,232,1272,2025-06-03 00:20:00,2025-06-04 07:20:00,erledigt,19
1273,WA-01273,232,1273,2026-06-08 20:54:00,2026-06-10 01:54:00,erledigt,51
1274,WA-01274,233,1274,2024-08-04 17:59:00,2024-08-06 00:59:00,erledigt,23
1275,WA-01275,233,1275,2025-06-13 07:23:00,2025-06-14 15:23:00,erledigt,155
1276,WA-01276,233,1276,2026-05-23 11:27:00,2026-05-24 13:27:00,erledigt,76
1277,WA-01277,234,1277,2024-06-20 10:33:00,2024-06-20 12:33:00,erledigt,175
1278,WA-01278,234,1278,2024-10-19 02:29:00,2024-10-23 09:29:00,erledigt,63
1279,WA-01279,234,1279,2025-12-11 07:38:00,2025-12-12 12:38:00,erledigt,84
1280,WA-01280,235,1280,2024-04-28 17:33:00,2024-04-30 19:33:00,erledigt,43
1281,WA-01281,235,1281,2025-06-29 14:57:00,2025-07-03 15:57:00,erledigt,45
1282,WA-01282,235,1282,2026-06-23 10:25:00,2026-06-26 18:25:00,erledigt,82
1283,WA-01283,236,1283,2024-11-01 18:36:00,2024-11-04 01:36:00,erledigt,16
1284,WA-01284,236,1284,2025-07-06 13:46:00,2025-07-07 18:46:00,erledigt,21
1285,WA-01285,236,1285,2026-07-08 15:05:00,2026-07-09 19:05:00,erledigt,65
1286,WA-01286,237,1286,2024-04-21 10:12:00,2024-04-22 10:12:00,erledigt,25
1287,WA-01287,237,1287,2025-03-22 04:57:00,2025-03-22 06:57:00,erledigt,35
1288,WA-01288,237,1288,2026-01-15 09:12:00,2026-01-19 09:12:00,erledigt,72
1289,WA-01289,237,1289,2026-07-16 05:12:00,2026-07-19 11:12:00,erledigt,80
1290,WA-01290,238,1290,2024-06-25 06:11:00,2024-06-28 09:11:00,erledigt,45
1291,WA-01291,238,1291,2024-12-23 02:21:00,2024-12-24 07:21:00,erledigt,11
1292,WA-01292,238,1292,2025-05-31 14:16:00,2025-06-03 22:16:00,erledigt,63
1293,WA-01293,238,1293,2025-07-04 06:42:00,2025-07-05 12:42:00,erledigt,31
1294,WA-01294,238,1294,2026-06-07 17:28:00,2026-06-08 00:28:00,erledigt,135
1295,WA-01295,238,1295,2026-08-24 05:54:00,,in_arbeit,
1296,WA-01296,239,1296,2024-02-28 03:51:00,2024-03-01 07:51:00,erledigt,32
1297,WA-01297,239,1297,2025-07-13 01:46:00,2025-07-14 03:46:00,erledigt,175
1298,WA-01298,239,1298,2025-11-26 14:34:00,2025-11-26 14:34:00,erledigt,63
1299,WA-01299,239,1299,2026-05-10 20:38:00,2026-05-11 23:38:00,erledigt,81
1300,WA-01300,240,1300,2024-07-06 09:12:00,2024-07-06 09:12:00,erledigt,57
1301,WA-01301,240,1301,2025-09-05 19:08:00,2025-09-05 19:08:00,erledigt,143
1302,WA-01302,240,1302,2026-05-09 20:53:00,2026-05-12 02:53:00,erledigt,53
1303,WA-01303,241,1303,2024-07-24 07:06:00,2024-07-24 09:06:00,erledigt,60
1304,WA-01304,241,1304,2025-07-13 18:31:00,2025-07-13 19:31:00,erledigt,133
1305,WA-01305,241,1305,2025-08-12 16:07:00,2025-08-12 19:07:00,erledigt,14
1306,WA-01306,241,1306,2026-07-10 05:28:00,2026-07-11 06:28:00,erledigt,173
1307,WA-01307,242,1307,2025-01-18 09:46:00,2025-01-19 16:46:00,erledigt,47
1308,WA-01308,242,1308,2025-09-21 05:13:00,2025-09-22 12:13:00,erledigt,58
1309,WA-01309,242,1309,2026-03-26 02:31:00,2026-03-27 04:31:00,erledigt,28
1310,WA-01310,243,1310,2024-07-16 19:02:00,2024-07-19 00:02:00,erledigt,62
1311,WA-01311,243,1311,2025-05-10 23:39:00,2025-05-12 01:39:00,erledigt,82
1312,WA-01312,243,1312,2026-03-03 00:56:00,2026-03-04 02:56:00,erledigt,35
1313,WA-01313,244,1313,2025-01-18 21:21:00,2025-01-21 03:21:00,erledigt,83
1314,WA-01314,244,1314,2025-11-20 04:16:00,2025-11-22 04:16:00,erledigt,36
1315,WA-01315,244,1315,2026-07-21 23:03:00,2026-07-22 04:03:00,erledigt,26
1316,WA-01316,245,1316,2024-09-19 20:36:00,2024-09-22 22:36:00,erledigt,53
1317,WA-01317,245,1317,2025-08-20 06:45:00,2025-08-24 08:45:00,erledigt,43
1318,WA-01318,245,1318,2025-09-12 17:15:00,2025-09-13 19:15:00,erledigt,103
1319,WA-01319,246,1319,2025-04-11 07:01:00,2025-04-11 15:01:00,erledigt,61
1320,WA-01320,246,1320,2025-06-23 05:16:00,2025-06-24 11:16:00,erledigt,150
1321,WA-01321,246,1321,2026-07-16 19:38:00,2026-07-18 02:38:00,erledigt,20
1322,WA-01322,247,1322,2024-07-31 23:18:00,2024-08-02 01:18:00,erledigt,56
1323,WA-01323,247,1323,2024-12-05 12:07:00,2024-12-07 12:07:00,erledigt,67
1324,WA-01324,247,1324,2025-05-29 04:42:00,2025-05-31 07:42:00,erledigt,33
1325,WA-01325,247,1325,2026-07-27 07:11:00,2026-07-27 10:11:00,erledigt,134
1326,WA-01326,248,1326,2024-02-02 20:32:00,2024-02-03 04:32:00,erledigt,89
1327,WA-01327,248,1327,2024-09-22 01:10:00,2024-09-23 03:10:00,erledigt,61
1328,WA-01328,248,1328,2025-07-05 18:34:00,2025-07-07 01:34:00,erledigt,82
1329,WA-01329,248,1329,2026-07-13 02:13:00,2026-07-14 05:13:00,erledigt,74
1330,WA-01330,249,1330,2024-07-04 18:44:00,2024-07-04 20:44:00,erledigt,10
1331,WA-01331,249,1331,2024-11-12 21:01:00,2024-11-13 03:01:00,erledigt,26
1332,WA-01332,249,1332,2025-11-19 06:43:00,2025-11-19 08:43:00,erledigt,108
1333,WA-01333,250,1333,2024-06-14 13:10:00,2024-06-14 15:10:00,erledigt,156
1334,WA-01334,250,1334,2025-07-04 08:50:00,2025-07-06 08:50:00,erledigt,26
1335,WA-01335,250,1335,2026-05-05 17:00:00,2026-05-06 21:00:00,erledigt,167
1336,WA-01336,251,1336,2024-08-18 03:58:00,2024-08-19 09:58:00,erledigt,53
1337,WA-01337,251,1337,2025-07-07 10:09:00,2025-07-08 13:09:00,erledigt,63
1338,WA-01338,251,1338,2026-05-21 02:51:00,2026-05-22 10:51:00,erledigt,177
1339,WA-01339,252,1339,2024-09-21 05:58:00,2024-09-23 08:58:00,erledigt,21
1340,WA-01340,252,1340,2025-07-13 01:40:00,2025-07-14 04:40:00,erledigt,22
1341,WA-01341,253,1341,2024-05-13 14:28:00,2024-05-17 21:28:00,erledigt,27
1342,WA-01342,253,1342,2025-06-01 22:03:00,2025-06-02 22:03:00,erledigt,74
1343,WA-01343,253,1343,2026-05-31 20:47:00,2026-06-01 02:47:00,erledigt,98
1344,WA-01344,254,1344,2024-12-18 01:54:00,2024-12-19 07:54:00,erledigt,76
1345,WA-01345,254,1345,2025-07-18 08:42:00,2025-07-20 15:42:00,erledigt,28
1346,WA-01346,255,1346,2024-08-15 01:15:00,2024-08-17 09:15:00,erledigt,25
1347,WA-01347,255,1347,2024-12-16 04:00:00,2024-12-16 07:00:00,erledigt,72
1348,WA-01348,255,1348,2025-08-18 20:31:00,2025-08-20 02:31:00,erledigt,81
1349,WA-01349,255,1349,2026-08-01 22:58:00,2026-08-02 01:58:00,erledigt,82
1350,WA-01350,256,1350,2024-07-26 02:13:00,2024-07-28 09:13:00,erledigt,29
1351,WA-01351,256,1351,2025-06-30 01:42:00,2025-07-01 01:42:00,erledigt,30
1352,WA-01352,256,1352,2026-06-18 16:27:00,2026-06-18 23:27:00,erledigt,32
1353,WA-01353,256,1353,2026-08-18 09:27:00,2026-08-21 16:27:00,erledigt,86
1354,WA-01354,257,1354,2024-07-10 05:46:00,2024-07-10 13:46:00,erledigt,32
1355,WA-01355,257,1355,2025-04-24 02:06:00,2025-04-26 10:06:00,erledigt,78
1356,WA-01356,257,1356,2025-07-14 10:32:00,2025-07-15 12:32:00,erledigt,45
1357,WA-01357,257,1357,2026-04-19 06:49:00,2026-04-19 10:49:00,erledigt,17
1358,WA-01358,258,1358,2024-07-27 14:59:00,2024-07-28 20:59:00,erledigt,77
1359,WA-01359,258,1359,2025-06-06 21:53:00,2025-06-06 22:53:00,erledigt,92
1360,WA-01360,258,1360,2025-07-21 15:37:00,2025-07-25 16:37:00,erledigt,81
1361,WA-01361,258,1361,2026-05-14 11:34:00,2026-05-17 11:34:00,erledigt,86
1362,WA-01362,259,1362,2024-10-05 19:29:00,2024-10-07 02:29:00,erledigt,67
1363,WA-01363,259,1363,2025-10-23 20:58:00,2025-10-24 03:58:00,erledigt,18
1364,WA-01364,259,1364,2026-07-12 19:12:00,2026-07-14 02:12:00,erledigt,106
1365,WA-01365,260,1365,2025-04-14 20:00:00,2025-04-18 03:00:00,erledigt,89
1366,WA-01366,260,1366,2026-01-31 02:57:00,2026-02-03 08:57:00,erledigt,68
1367,WA-01367,261,1367,2024-09-01 22:55:00,2024-09-02 22:55:00,erledigt,93
1368,WA-01368,261,1368,2025-08-07 20:55:00,2025-08-08 00:55:00,erledigt,58
1369,WA-01369,261,1369,2026-05-26 07:29:00,2026-05-27 08:29:00,erledigt,165
1370,WA-01370,262,1370,2025-06-25 23:36:00,2025-06-26 02:36:00,erledigt,11
1371,WA-01371,262,1371,2026-06-11 23:41:00,2026-06-12 04:41:00,erledigt,160
1372,WA-01372,263,1372,2025-06-21 18:04:00,2025-06-22 01:04:00,erledigt,33
1373,WA-01373,263,1373,2025-07-15 07:23:00,2025-07-16 10:23:00,erledigt,22
1374,WA-01374,263,1374,2026-07-25 21:02:00,2026-07-30 00:02:00,erledigt,68
1375,WA-01375,264,1375,2025-06-15 10:40:00,2025-06-19 12:40:00,erledigt,36
1376,WA-01376,264,1376,2026-05-19 17:30:00,2026-05-20 18:30:00,erledigt,178
1377,WA-01377,265,1377,2025-06-20 09:03:00,2025-06-20 17:03:00,erledigt,21
1378,WA-01378,265,1378,2026-06-14 17:14:00,2026-06-14 19:14:00,erledigt,88
1379,WA-01379,266,1379,2025-11-29 13:55:00,2025-11-29 14:55:00,erledigt,33
1380,WA-01380,266,1380,2026-04-13 18:26:00,2026-04-15 01:26:00,erledigt,20
1381,WA-01381,267,1381,2025-06-22 08:39:00,2025-06-23 16:39:00,erledigt,86
1382,WA-01382,267,1382,2026-04-15 02:41:00,2026-04-19 02:41:00,erledigt,54
1383,WA-01383,267,1383,2026-06-29 01:12:00,2026-06-29 08:12:00,erledigt,18
1384,WA-01384,268,1384,2026-02-17 01:05:00,2026-02-17 04:05:00,erledigt,23
1385,WA-01385,268,1385,2026-08-18 14:24:00,2026-08-18 18:24:00,erledigt,27
1386,WA-01386,269,1386,2026-07-27 16:15:00,2026-07-27 18:15:00,erledigt,93
1387,WA-01387,270,1387,2025-11-19 18:27:00,2025-11-21 00:27:00,erledigt,118
1388,WA-01388,271,1388,2026-07-19 10:15:00,2026-07-19 10:15:00,erledigt,78
1389,WA-01389,272,1389,2026-04-29 10:41:00,2026-04-29 17:41:00,erledigt,78
1390,WA-01390,276,1390,2026-07-19 01:58:00,2026-07-19 03:58:00,erledigt,67
1391,WA-01391,278,1391,2026-06-20 21:57:00,2026-06-21 03:57:00,erledigt,123
1392,WA-01392,278,1392,2026-08-15 19:07:00,2026-08-15 23:07:00,erledigt,11
1393,WA-01393,280,1393,2026-08-13 06:49:00,2026-08-13 14:49:00,erledigt,136
1394,WA-01394,281,1394,2026-07-04 00:07:00,2026-07-06 04:07:00,erledigt,24
1395,WA-01395,282,1395,2026-06-07 14:46:00,2026-06-08 18:46:00,erledigt,12
1396,WA-01396,284,1396,2026-07-02 14:06:00,2026-07-04 18:06:00,erledigt,32
1397,WA-01397,285,1397,2026-08-03 02:47:00,2026-08-04 02:47:00,erledigt,112
1398,WA-01398,286,1398,2026-07-02 02:40:00,2026-07-06 04:40:00,erledigt,37
1399,WA-01399,287,1399,2026-07-28 08:54:00,2026-07-31 10:54:00,erledigt,51
1400,WA-01400,289,1400,2026-06-30 19:41:00,2026-07-04 23:41:00,erledigt,81
1401,WA-01401,290,1401,2026-06-22 19:04:00,2026-06-24 23:04:00,erledigt,40
1402,WA-01402,291,1402,2026-08-21 01:42:00,2026-08-21 03:42:00,erledigt,26
1403,WA-01403,292,1403,2026-08-15 04:11:00,2026-08-17 08:11:00,erledigt,33
1404,WA-01404,294,1404,2026-08-19 14:31:00,2026-08-22 21:31:00,erledigt,76
1405,WA-01405,295,1405,2026-06-22 01:52:00,2026-06-23 09:52:00,erledigt,31
1406,WA-01406,297,1406,2026-07-22 04:18:00,2026-07-25 07:18:00,erledigt,35
1407,WA-01407,298,1407,2026-08-08 03:07:00,2026-08-09 08:07:00,erledigt,68
1408,WA-01408,299,1408,2026-06-18 08:14:00,2026-06-18 09:14:00,erledigt,128
1409,WA-01409,301,1409,2026-08-11 07:48:00,2026-08-12 11:48:00,erledigt,68
1410,WA-01410,304,1410,2026-08-16 04:25:00,2026-08-16 04:25:00,erledigt,97
1411,WA-01411,305,1411,2026-07-31 14:43:00,2026-08-02 20:43:00,erledigt,10
1412,WA-01412,306,1412,2026-08-22 10:01:00,2026-08-23 15:01:00,erledigt,19
1413,WA-01413,308,1413,2026-07-09 04:40:00,2026-07-10 08:40:00,erledigt,37
1414,WA-01414,309,1414,2026-07-14 06:36:00,2026-07-15 11:36:00,erledigt,28
1415,WA-01415,310,1415,2026-06-19 02:16:00,2026-06-20 04:16:00,erledigt,18
1416,WA-01416,310,1416,2026-07-09 23:08:00,2026-07-10 04:08:00,erledigt,20
1417,WA-01417,312,1417,2026-08-07 16:04:00,2026-08-07 19:04:00,erledigt,67
1418,WA-01418,315,1418,2026-07-31 16:15:00,2026-07-31 20:15:00,erledigt,96
1419,WA-01419,319,1419,2026-07-17 15:24:00,2026-07-18 18:24:00,erledigt,17
1420,WA-01420,325,1420,2026-07-03 15:19:00,2026-07-04 21:19:00,erledigt,142
1421,WA-01421,330,1421,2026-06-30 11:41:00,2026-06-30 12:41:00,erledigt,18
1422,WA-01422,330,1422,2026-08-04 11:19:00,2026-08-04 16:19:00,erledigt,35
1423,WA-01423,337,1423,2026-07-12 17:43:00,2026-07-12 21:43:00,erledigt,35
1424,WA-01424,339,1424,2026-08-13 15:32:00,2026-08-15 16:32:00,erledigt,30
1425,WA-01425,340,1425,2026-08-16 01:17:00,2026-08-17 04:17:00,erledigt,68
